RLB batch catalog #	Box, grid, level	preparation at LBTP	Number 	Identification	how many 	type of material (seed, leaf, etc)	Notes/refinements 	New Museum catalog # to be used	References	Notes
P23 37199	Box 14 grid B-2 level 2 	heated in biodiesel B100 (80 C) and cold soaked n-propyl bromide	JG-436	Juniperus sp.	55	scale		LACMP23-39184	Calscape	
P23 37199	Box 14 grid B-2 level 3	heated in biodiesel B100 (80 C) and cold soaked n-propyl bromide	JG-437	Arctostaphylos glauca 	6	seed	Previously identified as Arctostaphylos sp. (7/10/19)	LACMP23-39185	seed samples, Santa Ana Botanic Garden	
P23 37199	Box 14 grid B-2 level 2	heated in biodiesel B100 (80 C) and cold soaked n-propyl bromide	JG-438	Quercus dumosa	12	oak cap	Previously identified as Quercus sp. (7/10/19)	LACMP23-39186	Calscape	Quercus dumosa: slightly tubercled/warty scales
P23 37199	Box 14 grid B-2 level 2	heated in biodiesel B100 (80 C) and cold soaked n-propyl bromide	JG-439	Platanus racemosa 	4	seed		LACMP23-39187	seed samples, Santa Ana Botanic Garden	
P23 37199	Box 14 grid B-2 level 2	heated in biodiesel B100 (80 C) and cold soaked n-propyl bromide	JG-440	Juniperus californica 	98	seed		LACMP23-39188	Jesse	
P23 37199	Box 14 grid B-2 level 2	heated in biodiesel B100 (80 C) and cold soaked n-propyl bromide	JG-441	Juniperus sp.	40	seed		LACMP23-39189	Santa Ana Botanic Garden	
P23 37199	Box 14 grid B-2 level 2	heated in biodiesel B100 (80 C) and cold soaked n-propyl bromide	JG-442	Potamogeton nodosus	0.5	seed	Previously identified as Quercus sp. (7/10/19)	LACMP23-39190	(https://tmi.laccore.umn.edu/uniqueIdentification/show/136)	
P23 37199	Box 14 grid B-2 level 2	heated in biodiesel B100 (80 C) and cold soaked n-propyl bromide	JG-443	Cyperaceae	1	seed		LACMP23-39191	Bekker pg. 114, seed samples	
P23 37199	Box 14 grid B-2 level 2	heated in biodiesel B100 (80 C) and cold soaked n-propyl bromide	JG-444	Charcoal 	5	charcoal 		LACMP23-39192	charcoal	
P23 37199	Box 14 grid B-2 level 2	heated in biodiesel B100 (80 C) and cold soaked n-propyl bromide	JG-445	Chaenactis douglasii	1	seed	Previously identified as Asteraceae (7/10/19)	LACMP23-39193	Santa Ana Botanic Garden	
P23 37199	Box 14 grid B-2 level 2	heated in biodiesel B100 (80 C) and cold soaked n-propyl bromide	JG-446	Alopecurus aequalis	1	glume 	Previously identified as Poaceae (7/10/19)	LACMP23-39194	Bekker pg. 196	
P23 37199	Box 14 grid B-2 level 2	heated in biodiesel B100 (80 C) and cold soaked n-propyl bromide	JG-447	Bone	1	Bone	Previously identified as Apiaceae (7/10/19)	LACMP23-39195	Bekker pg. 32, Santa Ana Botanic Garden	
P23 37199	Box 14 grid B-2 level 2	heated in biodiesel B100 (80 C) and cold soaked n-propyl bromide	 JG-448	Purshia tridentata	2	seed	Previously identified as Polygonum sp. (7/10/19)	LACMP23-39196	Seed samples, bekker pg. 219	
P23 37199	Box 14 grid B-2 level 2	heated in biodiesel B100 (80 C) and cold soaked n-propyl bromide	JG-449	Berberis aquifolium	2	fruit	Previously identified as Rosaceae (7/10/19)	LACMP23-39197	Calflora	
P23 37199	Box 14 grid B-2 level 2	heated in biodiesel B100 (80 C) and cold soaked n-propyl bromide	JG-450	Berberis aquifolium	1	seed	Previously identified as Berberis sp. (7/10/19)	LACMP23-39198	seed samples	Berberis aquifolium : of the seeds tinged red, shape 
P23 37199	Box 14 grid B-2 level 2	heated in biodiesel B100 (80 C) and cold soaked n-propyl bromide	JG-451	Ambrosia psilostachya	1	capsule 	Previously identified as Ambrosia sp. (7/10/19)	LACMP23-39199	(http://www.inspection.gc.ca/plants/seeds/testing-grading/seeds-identification/ambrosia-artemisiifolia/eng/1472605115589/1472605116050)	
P23 37199	Box 14 grid B-2 level 2	heated in biodiesel B100 (80 C) and cold soaked n-propyl bromide	JG-452	Rhamnus californica	1	seed	Previously identified as Rosa sp. (7/10/19)	LACMP23-39200	seed samples, Santa Ana Botanic Garden	Rosa gymnocarpa: clear line on seed, shape 
P23 37199	Box 14 grid B-2 level 2	heated in biodiesel B100 (80 C) and cold soaked n-propyl bromide	JG-453	Hesperocyparis macnabiana	1	seed	Previously identified as Malosma laurina (7/10/19)	LACMP23-39201	USDA, Santa Ana Botanic Garden	
P23 37199	Box 14 grid B-2 level 2	heated in biodiesel B100 (80 C) and cold soaked n-propyl bromide	JG-454	Ceanothus greggii	1	seed	Previously identified as Themidaceae (7/10/19)	LACMP23-39202	Santa Ana Botanic Garden	
P23 37200	Box 14 grid B-2 level 3	heated in biodiesel B100 (80 C) and cold soaked n-propyl bromide	JG-455	Juniperus californica 	170	seed		LACMP23-39203	Jesse	
P23 37200	Box 14 grid B-2 level 3	heated in biodiesel B100 (80 C) and cold soaked n-propyl bromide	JG-456	Juniperus sp. 	89	seed		LACMP23-39204	Santa Ana Botanic Garden	
P23 37200	Box 14 grid B-2 level 3	heated in biodiesel B100 (80 C) and cold soaked n-propyl bromide	JG-457	Platanus racemosa 	10	seed		LACMP23-39205	seed samples, Santa Ana Botanic Garden	
P23 37200	Box 14 grid B-2 level 3	heated in biodiesel B100 (80 C) and cold soaked n-propyl bromide	JG-458	Quercus lobata	1	acorn	Previously identified as Rosaceae (7/10/19)	LACMP23-39206	Calscape	Quercus lobata: shape of acorn, size, texture of cap.
P23 37200	Box 14 grid B-2 level 3	heated in biodiesel B100 (80 C) and cold soaked n-propyl bromide	JG-459	Quercus agrifolia	6	acorn cap	Previously identified as Quercus sp. (7/10/19)	LACMP23-39207	Calscape	Quercus agrifolia: pointed overapping flat scales
P23 37200	Box 14 grid B-2 level 3	heated in biodiesel B100 (80 C) and cold soaked n-propyl bromide	JG-460	Juniperus californica 	14	twigs	Previously identified as Juniperus sp. (7/10/19)	LACMP23-39208	Calscape	
P23 37200	Box 14 grid B-2 level 3	heated in biodiesel B100 (80 C) and cold soaked n-propyl bromide	JG-461	Asteraceae	1	seed		LACMP23-39209	Bekker pg. 50	
P23 37200	Box 14 grid B-2 level 3	heated in biodiesel B100 (80 C) and cold soaked n-propyl bromide	JG-462	Charcoal 	1	charcoal 		LACMP23-39210	charcoal	
P23 37200	Box 14 grid B-2 level 3	heated in biodiesel B100 (80 C) and cold soaked n-propyl bromide	JG-463	Sisyrinchium bellum	1	seed	Previously identifed as Sisyrinchium sp. (7/10/19)	LACMP23-39211	seed samples, Santa Ana Botanic Garden	Sisyrinchium bellum: looks like sample 
P23 37200	Box 14 grid B-2 level 3	heated in biodiesel B100 (80 C) and cold soaked n-propyl bromide	JG-464	Galium trifidium	1	seed	Previously identifed as Smilax sp. (7/10/19)	LACMP23-39212	Santa Ana Botanic Garden	
P23 37200	Box 14 grid B-2 level 3	heated in biodiesel B100 (80 C) and cold soaked n-propyl bromide	JG-465	Insect wing	1	insect wing	Previously identifed as seed (7/10/19)	LACMP23-39213	Bekker pg. 34	
P23 37200	Box 14 grid B-2 level 3	heated in biodiesel B100 (80 C) and cold soaked n-propyl bromide	JG-466	Juniperus californica 	5	buds	Previously identifed as Cupressaceae (7/10/19)	LACMP23-39214	(http://tcf.bh.cornell.edu/imgs/dws/r/Cupressaceae_Juniperus_californica_18388.html)	
P23 37200	Box 14 grid B-2 level 3	heated in biodiesel B100 (80 C) and cold soaked n-propyl bromide	JG-467	Purshia tridentata	1	seed	Previously Polygonum sp. (7/10/19)	LACMP23-39215	Seed samples, bekker pg. 219	
P23 37200	Box 14 grid B-2 level 3	heated in biodiesel B100 (80 C) and cold soaked n-propyl bromide	JG-468	Ranunculus sp.	1	seed		LACMP23-39216	Santa Ana Botanic Garden	
P23 37200	Box 14 grid B-2 level 3	heated in biodiesel B100 (80 C) and cold soaked n-propyl bromide	JG-469	Purshia tridentata	4	seed	Previously identifed as Themidaceae (7/10/19)	LACMP23-39217	Santa Ana Botanic Garden	
P23 37200	Box 14 grid B-2 level 3	heated in biodiesel B100 (80 C) and cold soaked n-propyl bromide	JG-470	Nolina parryi	1	seed	Previously identifed as Nolina sp. (7/10/19)	LACMP23-39218	Santa Ana Botanic Garden	
P23 37200	Box 14 grid B-2 level 3	heated in biodiesel B100 (80 C) and cold soaked n-propyl bromide	JG-471	Potamogeton nodosus	1	seed	Previously identifed as Potamogeton sp. (7/10/19)	LACMP23-39219	(http://tmitutorials.blogspot.com/2013/02/seed-identification-tutorial.html)	
P23 37200	Box 14 grid B-2 level 3	heated in biodiesel B100 (80 C) and cold soaked n-propyl bromide	JG-472	Berberis aquifolium	1	seed	Previously identifed as Berberis sp. (7/10/19)	LACMP23-39220	seed samples	Berberis aquifolium : of the seeds tinged red, shape 
P23 37200	Box 14 grid B-2 level 3	heated in biodiesel B100 (80 C) and cold soaked n-propyl bromide	JG-473	Cyperaceae	1	seed		LACMP23-39221	Bekker pg. 114, seed samples	
P23 37201	Box 14 grid B-2 level 5	heated in biodiesel B100 (80 C) and cold soaked n-propyl bromide	JG-474	Juniperus californica 	300	seed		LACMP23-39222	Jesse	
P23 37201	Box 14 grid B-2 level 5	heated in biodiesel B100 (80 C) and cold soaked n-propyl bromide	JG-475	Quercus dumosa	4	oak caps	Previously identified as Quercus sp. (7/10/19)	LACMP23-39223	Calscape	Quercus dumosa: slightly tubercled/warty scales
P23 37201	Box 14 grid B-2 level 5	heated in biodiesel B100 (80 C) and cold soaked n-propyl bromide	JG-476	Arctostaphylos pungens	2	seed	Previously identified as Arctostaphylos sp. (7/10/19)	LACMP23-39224	seed samples, Santa Ana Botanic Garden	Arctostaphylos pungens: indentations on all the seeds
P23 37201	Box 14 grid B-2 level 5	heated in biodiesel B100 (80 C) and cold soaked n-propyl bromide	JG-477	Juniperus californica 	22	twigs	Previously identified as Juniperus sp. (7/10/19)	LACMP23-39225	Calscape	
P23 37201	Box 14 grid B-2 level 5	heated in biodiesel B100 (80 C) and cold soaked n-propyl bromide	JG-478	Juniperus sp. 	171	seed		LACMP23-39226	Santa Ana Botanic Garden	
P23 37201	Box 14 grid B-2 level 5	heated in biodiesel B100 (80 C) and cold soaked n-propyl bromide	JG-479	Brassicaceae	1	seed		LACMP23-39227	Bekker pg. 87	
P23 37201	Box 14 grid B-2 level 5	heated in biodiesel B100 (80 C) and cold soaked n-propyl bromide	JG-480	Charcoal 	17	charcoal 		LACMP23-39228	charcoal	
P23 37201	Box 14 grid B-2 level 5	heated in biodiesel B100 (80 C) and cold soaked n-propyl bromide	JG-481	Bone	3	bone		not cataloging now	bone	
P23 37201	Box 14 grid B-2 level 5	heated in biodiesel B100 (80 C) and cold soaked n-propyl bromide	JG-482	Astragalus accidens	1	seed	Previously identified as Malvaceae (7/10/19)	LACMP23-39229	Bekker pg. 166	
P23 37201	Box 14 grid B-2 level 5	heated in biodiesel B100 (80 C) and cold soaked n-propyl bromide	JG-483	Polygonum sp.	1	seed		LACMP23-39230	Seed samples, bekker pg. 219	
P23 37201	Box 14 grid B-2 level 5	heated in biodiesel B100 (80 C) and cold soaked n-propyl bromide	JG-484	Juniperus californica 	7	buds	Previously identified as Cupressaceae (7/10/19)	LACMP23-39231	(http://tcf.bh.cornell.edu/imgs/dws/r/Cupressaceae_Juniperus_californica_18388.html)	
P23 37201	Box 14 grid B-2 level 5	heated in biodiesel B100 (80 C) and cold soaked n-propyl bromide	JG-485	Vicia hassei	1	pod	Previously identified as Fabaceae (7/10/19)	LACMP23-39232	Bekker pg. pg. 127	
P23 37201	Box 14 grid B-2 level 5	heated in biodiesel B100 (80 C) and cold soaked n-propyl bromide	JG-486	scat 	1	scat 		not cataloging now	scat 	
P23 37201	Box 14 grid B-2 level 5	heated in biodiesel B100 (80 C) and cold soaked n-propyl bromide	JG-487	Sisyrinchium bellum	1	seed	Previously identified as Sisyrinchium sp. (7/10/19)	LACMP23-39233	seed samples, Santa Ana Botanic Garden	Sisyrinchium bellum: looks like sample
P23 37202	Box 14 grid B-3 level 5	heated in biodiesel B100 (80 C) and cold soaked n-propyl bromide	JG-488	Juniperus californica 	45	seed		LACMP23-39234	Jesse	
P23 37202	Box 14 grid B-3 level 5	heated in biodiesel B100 (80 C) and cold soaked n-propyl bromide	JG-489	Solidago canadensis	66	seed	Previously identified as Solidago sp. (7/10/19)	LACMP23-39235	seed samples, Santa Ana Botanic Garden	
P23 37202	Box 14 grid B-3 level 5	heated in biodiesel B100 (80 C) and cold soaked n-propyl bromide	JG-490	Rhamnus ilicifolia	1	seed	Previously identified as Purshia sp. (7/10/19)	LACMP23-39236	Santa Ana Botanic Garden	Purshia tridentata: shape, size
P23 37202	Box 14 grid B-3 level 5	heated in biodiesel B100 (80 C) and cold soaked n-propyl bromide	JG-491	Juniperus sp. 	51	seed		LACMP23-39237	Santa Ana Botanic Garden	
P23 37202	Box 14 grid B-3 level 5	heated in biodiesel B100 (80 C) and cold soaked n-propyl bromide	JG-492	Charcoal 	4	charcoal 		LACMP23-39238	charcoal	
P23 37202	Box 14 grid B-3 level 5	heated in biodiesel B100 (80 C) and cold soaked n-propyl bromide	JG-493	bone	5	bone		not cataloging now	bone	
P23 37202	Box 14 grid B-3 level 5	heated in biodiesel B100 (80 C) and cold soaked n-propyl bromide	JG-494	Cyperaceae	1	seed		LACMP23-39239	Seed samples, Bekker pg. 113	
P23 37202	Box 14 grid B-3 level 5	heated in biodiesel B100 (80 C) and cold soaked n-propyl bromide	JG-495	Platanus racemosa 	2	seed		LACMP23-39240	seed samples, Santa Ana Botanic Garden	
P23 37202	Box 14 grid B-3 level 5	heated in biodiesel B100 (80 C) and cold soaked n-propyl bromide	JG-496	Calystegia subacaulis	1	seed	Previously identified as Ferocactus sp. (7/10/19)	LACMP23-39241	Santa Ana Botanic Garden	
P23 37202	Box 14 grid B-3 level 5	heated in biodiesel B100 (80 C) and cold soaked n-propyl bromide	JG-497	Potamogeton amplifolius	2	seed	Previously identified as Potamogeton sp. (7/11/19)	LACMP23-39242	(http://tmitutorials.blogspot.com/2013/02/seed-identification-tutorial.html), (https://westerncascades.com/photos/seeds/seeds-p-z/)	
P23 37202	Box 14 grid B-3 level 5	heated in biodiesel B100 (80 C) and cold soaked n-propyl bromide	JG-498	Sisyrinchium bellum	1	seed	Previously identified as Sisyrinchium sp. (7/11/19)	LACMP23-39243	Seed samples, Santa Ana Botanic Garden	Sisyrinchium bellum: looks like sample
P23 37203	Box 14 grid C-2 level 3	heated in biodiesel B100 (80 C) and cold soaked n-propyl bromide	JG-499	Juniperus californica 	160	seed		LACMP23-39244	Jesse	
P23 37203	Box 14 grid C-2 level 3	heated in biodiesel B100 (80 C) and cold soaked n-propyl bromide	JG-500	Platanus racemosa  	43	seed		LACMP23-39245	seed samples, Santa Ana Botanic Garden	
P23 37203	Box 14 grid C-2 level 3	heated in biodiesel B100 (80 C) and cold soaked n-propyl bromide	JG-501	Quercus agrifolia	2	acorn cap	Previously identified as Quercus sp. (7/11/19)	LACMP23-39246	Calscape	Quercus agrifolia: pointed overapping flat scales
P23 37203	Box 14 grid C-2 level 3	heated in biodiesel B100 (80 C) and cold soaked n-propyl bromide	JG-502	Potamogeton nodosus	2	seed	Previously identified as Potamogeton sp. (7/11/19)	LACMP23-39247	(http://tmitutorials.blogspot.com/2013/02/seed-identification-tutorial.html)	
P23 37203	Box 14 grid C-2 level 3	heated in biodiesel B100 (80 C) and cold soaked n-propyl bromide	JG-503	Juniperus sp. 	57	seed		LACMP23-39248	Santa Ana Botanic Garden	
P23 37203	Box 14 grid C-2 level 3	heated in biodiesel B100 (80 C) and cold soaked n-propyl bromide	JG-504	Juniperus californica 	50	twigs	Previously identified as Juniperus sp. (7/11/19)	LACMP23-39249	Calscape	
P23 37203	Box 14 grid C-2 level 3	heated in biodiesel B100 (80 C) and cold soaked n-propyl bromide	JG-505	Charcoal 	15	charcoal 		LACMP23-39250	charcoal	
P23 37203	Box 14 grid C-2 level 3	heated in biodiesel B100 (80 C) and cold soaked n-propyl bromide	JG-506	Alopecurus aequalis	2	glume 	Previously identified as Poaceae (7/11/19)	LACMP23-39251	Bekker pg. 196	
P23 37203	Box 14 grid C-2 level 3	heated in biodiesel B100 (80 C) and cold soaked n-propyl bromide	JG-507	Cyperaceae	2	seed		LACMP23-39252	Bekker pg. 114 	
P23 37203	Box 14 grid C-2 level 3	heated in biodiesel B100 (80 C) and cold soaked n-propyl bromide	JG-508	Purshia tridentata	1	seed	Previously identified as Polygonum sp. (7/11/19)	LACMP23-39253	seed sampels, bekker pg. 219	
P23 37203	Box 14 grid C-2 level 3	heated in biodiesel B100 (80 C) and cold soaked n-propyl bromide	JG-509	Berberis aquifolium	3	seed	Previously identified as Berberis sp. (7/11/19)	LACMP23-39254	seed samples	
P23 37203	Box 14 grid C-2 level 3	heated in biodiesel B100 (80 C) and cold soaked n-propyl bromide	JG-510	Calystegia subacaulis	1	seed	Previously identified as Ferocactus sp. (7/11/19)	LACMP23-39255	Santa Ana Botanic Garden	
P23 37203	Box 14 grid C-2 level 3	heated in biodiesel B100 (80 C) and cold soaked n-propyl bromide	JG-511	Calystegia subacaulis	0.5	seed	Previously identified as Themidaceae (7/11/19)	LACMP23-39256	Santa Ana Botanic Garden	
P23 37203	Box 14 grid C-2 level 3	heated in biodiesel B100 (80 C) and cold soaked n-propyl bromide	JG-512	Bone	1	Bone	Previously identified as seed (7/11/19)	LACMP23-39257	Bekker pg. 166	
P23 37203	Box 14 grid C-2 level 3	heated in biodiesel B100 (80 C) and cold soaked n-propyl bromide	JG-513	Cupressaceae	3	bud		LACMP23-39258	(http://tcf.bh.cornell.edu/imgs/dws/r/Cupressaceae_Juniperus_californica_18388.html)	
P23 37203	Box 14 grid C-2 level 3	heated in biodiesel B100 (80 C) and cold soaked n-propyl bromide	JG-514	tooth	1	tooth		not cataloging now	tooth	
P23 37203	Box 14 grid C-2 level 3	heated in biodiesel B100 (80 C) and cold soaked n-propyl bromide	JG-515	Madia elegans	0.5	seed	Previously identified as Centromadia sp. (7/11/19)	LACMP23-39259	Santa Ana Botanic Garden	
P23 37203	Box 14 grid C-2 level 3	heated in biodiesel B100 (80 C) and cold soaked n-propyl bromide	JG-516	Hesperocyparis macrocarpa	2	seed 	Previously identified as Allium  sp. (7/11/19)	LACMP23-39260	seed samples, Santa Ana Botanic Garden	
P23 37203	Box 14 grid C-2 level 3	heated in biodiesel B100 (80 C) and cold soaked n-propyl bromide	JG-517	bone 	1	bone		not cataloging now	bone	
P23 37203	Box 14 grid C-2 level 3	heated in biodiesel B100 (80 C) and cold soaked n-propyl bromide	JG-518	Acmispon rigidus	1	seed	Previously identified as Rhus sp. (7/11/19)	LACMP23-39261	seed samples, Santa Ana Botanic Garden	
P23 37204	Box 14 grid C-2 level 4	cold soaked n-propyl bromide	JG-519	Juniperus californica 	150	seed		LACMP23-39262	Jesse	
P23 37204	Box 14 grid C-2 level 4	cold soaked n-propyl bromide	JG-520	Purshia tridentata	1	seed	Previously identified as Themidaceae (7/11/19)	LACMP23-39263	Santa Ana Botanic Garden, (https://montereywildflowers.com/themidaceae/)	
P23 37204	Box 14 grid C-2 level 4	cold soaked n-propyl bromide	JG-521	Sisyrinchium bellum	1	capsule 	Previously identified as Sisyrinchium sp. (7/11/19)	LACMP23-39264	Plant samples	Sisyrinchium bellum: looks like sample
P23 37204	Box 14 grid C-2 level 4	cold soaked n-propyl bromide	JG-522	Juniperus sp.	10	seed		LACMP23-39265	Santa Ana Botanic Garden 	
P23 37204	Box 14 grid C-2 level 4	cold soaked n-propyl bromide	JG-523	Juniperus californica 	45	twigs	Previously identified as Juniperus sp. (7/11/19)	LACMP23-39266	Calscape	
P23 37204	Box 14 grid C-2 level 4	cold soaked n-propyl bromide	JG-524	Charcoal 	8	charcoal 		LACMP23-39267	charcoal	
P23 37204	Box 14 grid C-2 level 4	cold soaked n-propyl bromide	JG-525	Quercus dumosa	1	acorn cap	Previously identified as Quercus sp. (7/11/19)	LACMP23-39268	Calscape	Quercus dumosa: slightly tubercled/warty scales
P23 37204	Box 14 grid C-2 level 4	cold soaked n-propyl bromide	JG-526	Berberis aquifolium	3	seed	Previously identified as Berberis sp. (7/11/19)	LACMP23-39269	seed samples, Santa Ana Botanic Garden	Berberis aquifolium : of the seeds tinged red, shape 
P23 37204	Box 14 grid C-2 level 4	cold soaked n-propyl bromide	JG-527	Persicaria lapathifolia	2	seed	Previously identified as Polygonum sp. (7/11/19)	LACMP23-39270	Seed samples, bekker pg. 219	
P23 37204	Box 14 grid C-2 level 4	cold soaked n-propyl bromide	JG-528	Hesperocyparis macrocarpa	1	seed	Previously identified as Allium sp. (7/11/19)	LACMP23-39271	Santa Ana Botanic Garden	
P23 37204	Box 14 grid C-2 level 4	cold soaked n-propyl bromide	JG-529	Madia elegans	0.5	seed	Previously identified as Caryophyllaceae (7/11/19)	LACMP23-39272	Bekker pg. 98, Santa Ana Botanic Garden	
P23 37204	Box 14 grid C-2 level 4	cold soaked n-propyl bromide	JG-530	Rock	1	rock	Previously identified as seed (7/11/19)	LACMP23-39273	Bekker pg. 166	
P23 37205	Box 14 grid C-2 level 5	heated in biodiesel B100 (80 C) and cold soaked n-propyl bromide	JG-531	Juniperus californica 	250	seed		LACMP23-39274	Jesse	
P23 37205	Box 14 grid C-2 level 5	heated in biodiesel B100 (80 C) and cold soaked n-propyl bromide	JG-532	Juniperus sp.	82	seed		LACMP23-39275	Santa Ana Botanic Garden 	
P23 37205	Box 14 grid C-2 level 5	heated in biodiesel B100 (80 C) and cold soaked n-propyl bromide	JG-533	Charcoal 	10	charcoal 		LACMP23-39276	charcoal	
P23 37205	Box 14 grid C-2 level 5	heated in biodiesel B100 (80 C) and cold soaked n-propyl bromide	JG-534	Juniperus californica 	9	twigs	Previously identified as Juniperus sp. (7/11/19)	LACMP23-39277	Calscape	
P23 37205	Box 14 grid C-2 level 5	heated in biodiesel B100 (80 C) and cold soaked n-propyl bromide	JG-535	Quercus dumosa	6	acorn cap	Previously identified as Quercus sp. (7/11/19)	LACMP23-39278	Calscape	Quercus dumosa: slightly tubercled/warty scales
P23 37205	Box 14 grid C-2 level 5	heated in biodiesel B100 (80 C) and cold soaked n-propyl bromide	JG-536	Platanus racemosa	1	seed		LACMP23-39279	seed samples, Santa Ana Botanic Garden	
P23 37205	Box 14 grid C-2 level 5	heated in biodiesel B100 (80 C) and cold soaked n-propyl bromide	JG-537	Persicaria lapathifolia	1	seed	Previously identified as Polygonum sp. (7/11/19)	LACMP23-39280	seed samples, bekker pg. 219	
P23 37205	Box 14 grid C-2 level 5	heated in biodiesel B100 (80 C) and cold soaked n-propyl bromide	JG-538	Thysanocarpus laciniatus	1	seed		LACMP23-39281	Santa Ana Botanic Garden	
P23 37205	Box 14 grid C-2 level 5	heated in biodiesel B100 (80 C) and cold soaked n-propyl bromide	JG-539	Sisyrinchium bellum	1	seed	Previously identified as Sisyrinchium sp. (7/11/19)	LACMP23-39282	seed sample, Santa Ana Botanic Garden	Sisyrinchium bellum: looks like sample
P23 37205	Box 14 grid C-2 level 5	heated in biodiesel B100 (80 C) and cold soaked n-propyl bromide	JG-540	Alopecurus aequalis	2	glume 	Previously identified as Poaceae (7/11/19)	LACMP23-39283	Bekker pg. 196	
P23 37205	Box 14 grid C-2 level 5	heated in biodiesel B100 (80 C) and cold soaked n-propyl bromide	JG-541	Potamogeton nodosus	1	seed	Previously identified as Potamogeton sp. (7/11/19)	LACMP23-39284	(http://tmitutorials.blogspot.com/2013/02/seed-identification-tutorial.html)	
P23 37205	Box 14 grid C-2 level 5	heated in biodiesel B100 (80 C) and cold soaked n-propyl bromide	JG-542	Scat 	1	scat 		not cataloging now	scat 	
P23 37205	Box 14 grid C-2 level 5	heated in biodiesel B100 (80 C) and cold soaked n-propyl bromide	JG-543	bone	4	bone		not cataloging now	bone	
P23 37205	Box 14 grid C-2 level 5	heated in biodiesel B100 (80 C) and cold soaked n-propyl bromide	JG-544	tooth	1	tooth		not cataloging now	tooth	
P23 37205	Box 14 grid C-2 level 5	heated in biodiesel B100 (80 C) and cold soaked n-propyl bromide	JG-545	Acer negundo 	1	seed	Previously identified as Pinus sp. (7/11/19)	LACMP23-39285	seed sample, Santa Ana Botanic Garden	Pinus ponderosa: looks like sample 
P23 37205	Box 14 grid C-2 level 5	heated in biodiesel B100 (80 C) and cold soaked n-propyl bromide	JG-546	Juniperus californica 	1	bud	Previously identified as Cupressaceae (7/11/19)	LACMP23-39286	(http://tcf.bh.cornell.edu/imgs/dws/r/Cupressaceae_Juniperus_californica_18388.html)	
P23 37206	Box 14 grid C-3 level 1	cold soaked n-propyl bromide	JG-547	Juniperus californica 	65	seed		LACMP23-39287	Jesse	
P23 37206	Box 14 grid C-3 level 1	cold soaked n-propyl bromide	JG-548	Allium campanulatum	0.5	seed	Previously identified as Allium sp. (7/11/19)	LACMP23-39288	seed samples, santa Ana Botanic Garden	
P23 37206	Box 14 grid C-3 level 1	cold soaked n-propyl bromide	JG-549	Salvia sp.	1	seed		LACMP23-39289	seed samples, Santa Ana Botanic Garden	
P23 37206	Box 14 grid C-3 level 1	cold soaked n-propyl bromide	JG-550	Ambrosia psilostachya	2	seed	Previously identified as Ambrosia sp. (7/11/19)	LACMP23-39290	seed samples, santa Ana Botanic Garden	
P23 37206	Box 14 grid C-3 level 1	cold soaked n-propyl bromide	JG-551	Lupinus albifrons	1	seed	Previously identified as Themidaceae (7/11/19)	LACMP23-39291	Santa Ana Botanic Garden, (http://westerncascades.com/photos/seeds/seeds-i-o/)	
P23 37206	Box 14 grid C-3 level 1	cold soaked n-propyl bromide	JG-552	Juniperus californica 	49	twigs	Previously identified as Juniperus (7/11/19)	LACMP23-39292	Calscape	
P23 37206	Box 14 grid C-3 level 1	cold soaked n-propyl bromide	JG-553	Juniperus sp.	11	seed		LACMP23-39293	Santa Ana Botanic Garden	
P23 37206	Box 14 grid C-3 level 1	cold soaked n-propyl bromide	JG-554	Charcoal 	12	charcoal 		LACMP23-39294	charcoal	
P23 37206	Box 14 grid C-3 level 1	cold soaked n-propyl bromide	JG-555	Quercus dumosa	1	bud	Previously identified as Cupressaceae (7/11/19)	LACMP23-39295	calflora 	
P23 37206	Box 14 grid C-3 level 1	cold soaked n-propyl bromide	JG-556	Berberis aquifolium	8	seed	Previously identified as Berberis sp. (7/11/19)	LACMP23-39296	seed samples, Santa Ana Botanic Garden	Berberis aquifolium : of the seeds tinged red, shape 
P23 37206	Box 14 grid C-3 level 1	cold soaked n-propyl bromide	JG-557	Bone	14	bone		not cataloging now	Bone	
P23 37206	Box 14 grid C-3 level 1	cold soaked n-propyl bromide	JG-558	Potamogeton nodosus	1	seed	Previously identified as Potamogeton sp. (7/11/19)	LACMP23-39297	(http://tmitutorials.blogspot.com/2013/02/seed-identification-tutorial.html)	
P23 37206	Box 14 grid C-3 level 1	cold soaked n-propyl bromide	JG-559	Cyperaceae	1	seed		LACMP23-39298	seed samples, Bekker pg. 113	
P23 37207	Box 14 grid C-3 level 2	cold soaked n-propyl bromide	JG-560	Juniperus californica 	230	seeds		LACMP23-39299	Jesse	
P23 37207	Box 14 grid C-3 level 2	cold soaked n-propyl bromide	JG-561	Juniperus sp. 	21	seeds		LACMP23-39300	Santa Ana Botanic Garden	
P23 37207	Box 14 grid C-3 level 2	cold soaked n-propyl bromide	JG-562	Ambrosia psilostachya	5	seeds	Previously identified as Potamogeton sp. (7/11/19)	LACMP23-39301	seed samples, Santa Ana Botanic Garden	
P23 37207	Box 14 grid C-3 level 2	cold soaked n-propyl bromide	JG-563	Quercus dumosa	9	cap fragments	Previously identified as Quercus sp. (7/11/19)	LACMP23-39302	Calscape	Quercus dumosa: slightly tubercled/warty scales
P23 37207	Box 14 grid C-3 level 2	cold soaked n-propyl bromide	JG-564	Persicaria lapathifolia	5	seeds	Previously Polygonum sp. (7/2/19)	LACMP23-39303	seed samples, bekker pg. 219	
P23 37207	Box 14 grid C-3 level 2	cold soaked n-propyl bromide	JG-565	Juniperus californica 	21	buds	Previously identified as Cupressaceae (7/11/19)	LACMP23-39304	(http://tcf.bh.cornell.edu/imgs/dws/r/Cupressaceae_Juniperus_californica_18388.html)	
P23 37207	Box 14 grid C-3 level 2	cold soaked n-propyl bromide	JG-566	Charcoal 	32	charcoal 		LACMP23-39305	charcoal 	
P23 37207	Box 14 grid C-3 level 2	cold soaked n-propyl bromide	JG-567	Sisyrinchium bellum 	1	capsule 	Previously identified as Sisyrinchium sp. (7/11/19)	LACMP23-39306	Plant samples	Sisyrinchium bellum: looks like sample
P23 37207	Box 14 grid C-3 level 2	cold soaked n-propyl bromide	JG-568	Juniperus californica 	1	cone	Previously identified as Juniperus sp. (7/11/19)	LACMP23-39307	seed samples, (http://science.halleyhosting.com/nature/DesertSW/treesshrubs/Cupressaceae/juniperus/californica.html)	
P23 37207	Box 14 grid C-3 level 2	cold soaked n-propyl bromide	JG-569	Rhus fragrans	1	seed	Previously identified as Rhus sp. (7/11/19)	LACMP23-39308	seed sample, santa ana botanic garden	
P23 37207	Box 14 grid C-3 level 2	cold soaked n-propyl bromide	JG-570	Allium fimbriatum	2	seed	Previously identified as Allium sp. (7/11/19)	LACMP23-39309	seed sample, santa ana botanic garden	
P23 37207	Box 14 grid C-3 level 2	cold soaked n-propyl bromide	JG-571	Galium trifidium	1	seed	Previously identifed as Smilax sp. (6/5/19)	LACMP23-39310	seed samples, Santa Ana Botanic Garden	
P23 37207	Box 14 grid C-3 level 2	cold soaked n-propyl bromide	JG-572	Madia elegans	1	seed	Previously identifed as Asteraceae (7/11/19)	LACMP23-39311	Bekker pg. 50	
P23 37207	Box 14 grid C-3 level 2	cold soaked n-propyl bromide	JG-573	Juniperus californica 	200	twigs 	Previously identifed as Juniperus sp. (7/11/19)	LACMP23-39312	Calscape	
P23 37207	Box 14 grid C-3 level 2	cold soaked n-propyl bromide	JG-574	Bone	1	bone		not cataloging now	bone	
P23 37207	Box 14 grid C-3 level 2	cold soaked n-propyl bromide	JG-575	Quercus dumosa	2	immature acorns	Previously identifed as Quercus sp. (7/11/19)	LACMP23-39313	Calscape	Quercus dumosa: rounded shape
P23 37208	Box 14 grid C-3 level 3	cold soaked n-propyl bromide	JG-576	Juniperus californica 	220	seed		LACMP23-39314	Jesse	
P23 37208	Box 14 grid C-3 level 3	cold soaked n-propyl bromide	JG-577	Juniperus californica 	100	twigs	Previously identifed as Juniperus sp. (7/11/19)	LACMP23-39315	Calscape	
P23 37208	Box 14 grid C-3 level 3	cold soaked n-propyl bromide	JG-578	Juniperus sp. 	110	seeds		LACMP23-39316	Santa Ana Botanic Garden	
P23 37208	Box 14 grid C-3 level 3	cold soaked n-propyl bromide	JG-579	Charcoal 	23	charcoal 		LACMP23-39317	charcoal	
P23 37208	Box 14 grid C-3 level 3	cold soaked n-propyl bromide	JG-580	Berula erecta	3	seed	Previously identifed as Themidaceae (7/11/19)	LACMP23-39318	Santa Ana Botanic Garden, (https://montereywildflowers.com/themidaceae/)	
P23 37208	Box 14 grid C-3 level 3	cold soaked n-propyl bromide	JG-581	Bone	1	seed	Previously identifed as seed (7/11/19)	LACMP23-39319	Bekker pg. 50	
P23 37208	Box 14 grid C-3 level 3	cold soaked n-propyl bromide	JG-582	Allium campanulatum	4	seed	Previously identifed as Allium sp. (7/11/19)	LACMP23-39320	seed samples, Santa Ana Botanic Garden	
P23 37208	Box 14 grid C-3 level 3	cold soaked n-propyl bromide	JG-583	Ambrosia psilostachya	14	seed	Previously identifed as Ambrosia sp. (7/11/19)	LACMP23-39321	seed samples, Santa Ana Botanic Garden	
P23 37208	Box 14 grid C-3 level 3	cold soaked n-propyl bromide	JG-584	Purshia tridentata	4	seed	Previously identifed as Polygonum sp. (7/11/19)	LACMP23-39322	seed samples, bekker pg. 219	
P23 37208	Box 14 grid C-3 level 3	cold soaked n-propyl bromide	JG-585	Quercus dumosa	3	acorn cap fragments	Previously identifed as Quercus sp. (7/11/19)	LACMP23-39323	Calscape	Quercus dumosa: slightly tubercled/warty scales
P23 37208	Box 14 grid C-3 level 3	cold soaked n-propyl bromide	JG-586	Salvia dorrii	0.5	seed	Previously identifed as Apiaceae (7/11/19)	LACMP23-39324	seed samples, Santa Ana Botanic Garden	
P23 37208	Box 14 grid C-3 level 3	cold soaked n-propyl bromide	JG-587	Scat 	1	scat 		not cataloging now	scat 	
P23 37208	Box 14 grid C-3 level 3	cold soaked n-propyl bromide	JG-588	Berberis aquifolium 	5	seed	Previously identifed as Berberis sp. (7/11/19)	LACMP23-39325	seed samples, Santa Ana Botanic Garden	
P23 37208	Box 14 grid C-3 level 3	cold soaked n-propyl bromide	JG-589	Chenopodium atrovirens	1	seed	Previously identifed as Chenopodium sp. (7/11/19)	LACMP23-39326	seed samples, Santa Ana Botanic Garden	
P23 37208	Box 14 grid C-3 level 3	cold soaked n-propyl bromide	JG-590	Juniperus californica 	3	bud	Previously identifed as Cupressaceae (7/11/19)	LACMP23-39327	(http://tcf.bh.cornell.edu/imgs/dws/r/Cupressaceae_Juniperus_californica_18388.html)	
P23 37209	Box 14 grid C-3 level 4	heated in biodiesel B100 (80 C) and cold soaked n-propyl bromide	JG-591	Juniperus californica 	384	seeds		LACMP23-39390	Jesse	
P23 37209	Box 14 grid C-3 level 4	heated in biodiesel B100 (80 C) and cold soaked n-propyl bromide	JG-592	Charcoal 	9	charcoal 		LACMP23-39391	charcoal 	
P23 37209	Box 14 grid C-3 level 4	heated in biodiesel B100 (80 C) and cold soaked n-propyl bromide	JG-593	Juniperus sp. 	71	seed		LACMP23-39392	Santa Ana Botanic Garden	
P23 37209	Box 14 grid C-3 level 4	heated in biodiesel B100 (80 C) and cold soaked n-propyl bromide	JG-594	Juniperus sp. 	42	seed		LACMP23-39393	Calscape	
P23 37209	Box 14 grid C-3 level 4	heated in biodiesel B100 (80 C) and cold soaked n-propyl bromide	JG-595	Cyperaceae	1	capsule with fragments		LACMP23-39394	Seed Samples, Bekker pg. 114	Vial contains plastic capsule with seed fragments
P23 37209	Box 14 grid C-3 level 4	heated in biodiesel B100 (80 C) and cold soaked n-propyl bromide	JG-596	Quercus agrifolia 	7	acorn cap	Previously identifed as Quercus sp. (7/11/19)	LACMP23-39395	Santa Ana Botanic Garden	
P23 37209	Box 14 grid C-3 level 4	heated in biodiesel B100 (80 C) and cold soaked n-propyl bromide	JG-597	Platanus racemosa 	12	seed		LACMP23-39396	Seed samples, Santa Ana Botanic Garden	
P23 37209	Box 14 grid C-3 level 4	heated in biodiesel B100 (80 C) and cold soaked n-propyl bromide	JG-598	Ambrosia psilostachya 	1	seed	Previously identifed as Ambrosia sp. (7/11/19)	LACMP23-39397	Seed samples, Santa Ana Botanic Garden	
P23 37209	Box 14 grid C-3 level 4	heated in biodiesel B100 (80 C) and cold soaked n-propyl bromide	JG-599	Arctostaphylos viscida	1	seed	Previously identifed as Arctostaphylos sp. (7/11/19)	LACMP23-39398	seed samples, Santa Ana Botanic Garden	
P23 37209	Box 14 grid C-3 level 4	heated in biodiesel B100 (80 C) and cold soaked n-propyl bromide	JG-600	Purshia tridentata	4	seed	Previously identifed as Polygonum sp. (7/11/19)	LACMP23-39399	seed samples, bekker pg. 219	
P23 37209	Box 14 grid C-3 level 4	heated in biodiesel B100 (80 C) and cold soaked n-propyl bromide	JG-601	Juniperus californica 	3	bud	Previously identifed as Cupressaceae (7/11/19)	LACMP23-39400	(http://tcf.bh.cornell.edu/imgs/dws/r/Cupressaceae_Juniperus_californica_18388.html)	
P23 37209	Box 14 grid C-3 level 4	heated in biodiesel B100 (80 C) and cold soaked n-propyl bromide	JG-602	Solidago canadensis	3	seed	Previously identifed as Solidago sp. (7/11/19)	LACMP23-39401	seed samples, Santa Ana Botanic Garden 	Solidago canadensis: thinner, stripes
P23 37209	Box 14 grid C-3 level 4	heated in biodiesel B100 (80 C) and cold soaked n-propyl bromide	JG-603	Sisyrinchium bellum 	2	seed	Previously identifed as Sisyrinchium sp. (7/11/19)	LACMP23-39402	Seed samples, Santa Ana Botanic Garden	Sisyrinchium bellum: looks like sample
P23 37209	Box 14 grid C-3 level 4	heated in biodiesel B100 (80 C) and cold soaked n-propyl bromide	JG-604	Amaranthus blitoides	1	seed	Previously identifed as Amaranthus sp. (7/11/19)	LACMP23-39403	Seed samples, santa Ana Botanic Garden	
P23 37209	Box 14 grid C-3 level 4	heated in biodiesel B100 (80 C) and cold soaked n-propyl bromide	JG-605	Cornus nuttallii	1	seed	Previously identifed as Apiaceae (7/11/19)	LACMP23-39404	seed samples, Bekker pg. 31	
P23 37209	Box 14 grid C-3 level 4	heated in biodiesel B100 (80 C) and cold soaked n-propyl bromide	JG-606	Bone	2	bone		not cataloging now	bone	
P23 37209	Box 14 grid C-3 level 4	heated in biodiesel B100 (80 C) and cold soaked n-propyl bromide	JG-607	Hesperocyparis macrocarpa	1	seed	Previously identifed as Allium sp. (7/11/19)	LACMP23-39405	seed samples, Santa Ana Botanic Garden	
P23 37209	Box 14 grid C-3 level 4	heated in biodiesel B100 (80 C) and cold soaked n-propyl bromide	JG-608	Caryophyllaceae	1	seed		LACMP23-39406	seed samples, Bekker pg. 94	
P23 37209	Box 14 grid C-3 level 4	heated in biodiesel B100 (80 C) and cold soaked n-propyl bromide	JG-609	Asteraceae	1	seed		LACMP23-39407	seed samples, bekker og. 50	
P23 37209	Box 14 grid C-3 level 4	heated in biodiesel B100 (80 C) and cold soaked n-propyl bromide	JG-610	Pinaceae	1	pine needle		LACMP23-39408	samples, (http://nwconifers.com/nwhi/whitebarkpine.htm)	
P23 37210	Box 14 grid C-3 level 5	cold soaked n-propyl bromide	JG-611	Juniperus californica 	67	seed		LACMP23-39409	Jesse	
P23 37210	Box 14 grid C-3 level 5	cold soaked n-propyl bromide	JG-612	Ranunculus sp. 	1	seed	Previously identifed as Solanaceae (7/11/19)	LACMP23-39410	seed samples, bekker pg. 258	
P23 37210	Box 14 grid C-3 level 5	cold soaked n-propyl bromide	JG-613	Salvia dorrii 	1	seed	Previously identifed as Lamiaceae (7/11/19)	LACMP23-39411	seed samples, Santa Ana Botanic Garden	
P23 37210	Box 14 grid C-3 level 5	cold soaked n-propyl bromide	JG-614	Pinus muricata 	4	seed	Previously identifed as Pinus sp. (7/11/19)	LACMP23-39412	seed samples, Santa Ana Botanic Garden	Pinus muricata: looks like sample 
P23 37210	Box 14 grid C-3 level 5	cold soaked n-propyl bromide	JG-615	Rosa californica 	1	seed	Previously identifed as Apiaceae (7/11/19)	LACMP23-39413	seed samples, Santa Ana Botanic Garden	
P23 37210	Box 14 grid C-3 level 5	cold soaked n-propyl bromide	JG-616	Juniperus californica 	50	twigs	Previously identifed as Juniperus sp. (7/11/19)	LACMP23-39414	Calscape 	
P23 37210	Box 14 grid C-3 level 5	cold soaked n-propyl bromide	JG-617	Juniperus sp. 	31	seeds		LACMP23-39415	Santa Ana Botanic Garden	
P23 37210	Box 14 grid C-3 level 5	cold soaked n-propyl bromide	JG-618	Charcoal 	13	charcoal 		LACMP23-39416	charcoal 	
P23 37210	Box 14 grid C-3 level 5	cold soaked n-propyl bromide	JG-619	Astragalus accidens	1	seed	Previously identifed as Malvaceae (7/11/19)	LACMP23-39417	Bekker pg. 166	
P23 37210	Box 14 grid C-3 level 5	cold soaked n-propyl bromide	JG-620	Nolina parryi	2	seed	Previously identifed as Ferocactus sp. (7/11/19)	LACMP23-39418	Santa Ana Botanic Garden	Ferocactus cylindraceus: opening, shape, size, bumps
P23 37210	Box 14 grid C-3 level 5	cold soaked n-propyl bromide	JG-621	Cyperaceae	1	seed		LACMP23-39419	Seed samples, Bekker pg. 113	
P23 37210	Box 14 grid C-3 level 5	cold soaked n-propyl bromide	JG-622	Persicaria lapathifolia	2	seed	Previously identifed as Polygonum sp. (7/11/19)	LACMP23-39420	Seed samples, Bekker pg. 219	
P23 37210	Box 14 grid C-3 level 5	cold soaked n-propyl bromide	JG-623	Ambrosia psilostachya	1	seed	Previously identifed as Ferocactus sp. (7/11/19)	LACMP23-39421	Seed samples, Santa Ana Botanic Garden	
P23 37211	Box 14 grid D-2 level 4	heated in biodiesel B100 (80 C) and cold soaked n-propyl bromide	JG-624	Juniperus californica 	190	seed		LACMP23-39422	Jesse	
P23 37211	Box 14 grid D-2 level 4	heated in biodiesel B100 (80 C) and cold soaked n-propyl bromide	JG-625	Juniperus californica 	4	buds	Previously identifed as Juniperus sp. (7/11/19)	LACMP23-39423	(http://tcf.bh.cornell.edu/imgs/dws/r/Cupressaceae_Juniperus_californica_18388.html)	
P23 37211	Box 14 grid D-2 level 4	heated in biodiesel B100 (80 C) and cold soaked n-propyl bromide	JG-626	Actaea rubra	1	seed	Previously identifed as Actaea sp. (7/11/19)	LACMP23-39424	Seed samples, Santa Ana Botanic Garden	Actaea rubra: due to its wedge shape and margin 
P23 37211	Box 14 grid D-2 level 4	heated in biodiesel B100 (80 C) and cold soaked n-propyl bromide	JG-627	Hesperocyparis macrocarpa	1	seed	Previously identifed as Allium sp. (7/11/19)	LACMP23-39425	Seed samples, Calflora 	
P23 37211	Box 14 grid D-2 level 4	heated in biodiesel B100 (80 C) and cold soaked n-propyl bromide	JG-628	Persicaria lapathifolia	2	seed	Previously identifed as Themidaceae (7/11/19)	LACMP23-39426	Santa Ana Botanic Garden, (https://montereywildflowers.com/themidaceae/)	
P23 37211	Box 14 grid D-2 level 4	heated in biodiesel B100 (80 C) and cold soaked n-propyl bromide	JG-629	Acmispon rigidus	2	seed	Previously identifed as Apiaceae (7/11/19)	LACMP23-39427	seed samples, Santa Ana Botanic Garden	2 fragments 
P23 37211	Box 14 grid D-2 level 4	heated in biodiesel B100 (80 C) and cold soaked n-propyl bromide	JG-630	Malosma laurina 	1	seed	Previously identifed as Rhus sp. (7/11/19)	LACMP23-39428	seed samples, Santa Ana Botanic Garden	
P23 37211	Box 14 grid D-2 level 4	heated in biodiesel B100 (80 C) and cold soaked n-propyl bromide	JG-631	Purshia tridentata	2	seed	Previously identifed as Polygonum sp. (7/11/19)	LACMP23-39429	Seed saamples, Bekker pg. 219	
P23 37211	Box 14 grid D-2 level 4	heated in biodiesel B100 (80 C) and cold soaked n-propyl bromide	JG-632	Juniperus sp. 	30	seed		LACMP23-39430	Santa Ana Botanic Garden	
P23 37211	Box 14 grid D-2 level 4	heated in biodiesel B100 (80 C) and cold soaked n-propyl bromide	JG-633	Platanus racemosa 	12	seed		LACMP23-39431	Seed samples, Santa Ana Botanic Garden	
P23 37211	Box 14 grid D-2 level 4	heated in biodiesel B100 (80 C) and cold soaked n-propyl bromide	JG-634	Charcoal 	5	charcoal 		LACMP23-39432	charcoal 	
P23 37211	Box 14 grid D-2 level 4	heated in biodiesel B100 (80 C) and cold soaked n-propyl bromide	JG-635	Juniperus californica 	14	twigs 	Previously identifed as Juniperus sp. (7/11/19)	LACMP23-39433	Calscape 	
P23 37212	Box 14 grid D-2 level 7	heated in biodiesel B100 (80 C) and cold soaked n-propyl bromide	JG-636	Juniperus californica 	180	seed		LACMP23-39434	Jesse	
P23 37212	Box 14 grid D-2 level 7	heated in biodiesel B100 (80 C) and cold soaked n-propyl bromide	JG-637	Quercus agrifolia 	1	acorn cap	Previously identifed as Quercus sp. (7/11/19)	LACMP23-39435	Calscape	Quercus agrifolia: pointed overapping flat scales
P23 37212	Box 14 grid D-2 level 7	heated in biodiesel B100 (80 C) and cold soaked n-propyl bromide	JG-638	Solidago canandensis	12	seed	Previously identifed as Solidago sp. (7/11/19)	LACMP23-39436	Seed samples, Samta Ana Botanic Garden	Solidago canadensis: thinner, stripes
P23 37212	Box 14 grid D-2 level 7	heated in biodiesel B100 (80 C) and cold soaked n-propyl bromide	JG-639	Juniperus californica 	3	bud	Previously identifed as Cupressaceae (7/11/19)	LACMP23-39437	(http://tcf.bh.cornell.edu/imgs/dws/r/Cupressaceae_Juniperus_californica_18388.html)	
P23 37212	Box 14 grid D-2 level 7	heated in biodiesel B100 (80 C) and cold soaked n-propyl bromide	JG-640	Bone	2	bone		not cataloging now	bone	
P23 37212	Box 14 grid D-2 level 7	heated in biodiesel B100 (80 C) and cold soaked n-propyl bromide	JG-641	Alopecurus aequalis	2	glume 	Previously identifed as Poaceae (7/11/19)	LACMP23-39438	Bekker pg. 196	
P23 37212	Box 14 grid D-2 level 7	heated in biodiesel B100 (80 C) and cold soaked n-propyl bromide	JG-642	Ambrosia psilostachya	2	flower	Previously identifed as Ambrosia (7/11/19)	LACMP23-39439	(http://www.backyardnature.net/n/h/ragweed.htm)	
P23 37212	Box 14 grid D-2 level 7	heated in biodiesel B100 (80 C) and cold soaked n-propyl bromide	JG-643	Juniperus californica 	1	twig	Previously identifed as Juniperus sp. (7/11/19)	LACMP23-39440	Calscape	
P23 37212	Box 14 grid D-2 level 7	heated in biodiesel B100 (80 C) and cold soaked n-propyl bromide	JG-644	Purshia tridentata	2	seed	Previously identifed as Polygonum sp. (7/11/19)	LACMP23-39441	Seed samples, Bekker pg. 219	
P23 37212	Box 14 grid D-2 level 7	heated in biodiesel B100 (80 C) and cold soaked n-propyl bromide	JG-645	Platanus racemosa	29	seed		LACMP23-39442	Seed samples, Santa Ana Botanic Garden	
P23 37212	Box 14 grid D-2 level 7	heated in biodiesel B100 (80 C) and cold soaked n-propyl bromide	JG-646	Juniperus sp. 	9	seed		LACMP23-39443	Santa Ana Botanic Garden	
P23 37212	Box 14 grid D-2 level 7	heated in biodiesel B100 (80 C) and cold soaked n-propyl bromide	JG-647	Charcoal 	5	charcoal 		LACMP23-39444	charcoal	
P23 37213	Box 14 grid D-2 level 3	heated in biodiesel B100 (80 C) and cold soaked n-propyl bromide	JG-648	Juniperus californica 	35	seeds		LACMP23-39445	Jesse	
P23 37213	Box 14 grid D-2 level 3	heated in biodiesel B100 (80 C) and cold soaked n-propyl bromide	JG-649	Acmispon rigidus	1	seed	Previously identifed as Trifolium sp. (7/11/19)	LACMP23-39446	Seed samples, Santa Ana Botanic Garden	
P23 37213	Box 14 grid D-2 level 3	heated in biodiesel B100 (80 C) and cold soaked n-propyl bromide	JG-650	Perideridia bolanderi	1	seed	Same as JG-326	LACMP23-39447	Seed samples, Santa Ana Botanic Garden	
P23 37213	Box 14 grid D-2 level 3	heated in biodiesel B100 (80 C) and cold soaked n-propyl bromide	JG-651	Quercus dumosa	7	acorn fragments	Previously identifed as Quercus sp. (7/11/19)	LACMP23-39448	Calscape	Quercus dumosa: shape of acorn, size, texture of cap.
P23 37213	Box 14 grid D-2 level 3	heated in biodiesel B100 (80 C) and cold soaked n-propyl bromide	JG-652	Hesperocyparis macrocarpa	1	seed	Previously identifed as Allium sp. (7/11/19)	LACMP23-39449	Seed samples, Calflora 	
P23 37213	Box 14 grid D-2 level 3	heated in biodiesel B100 (80 C) and cold soaked n-propyl bromide	JG-653	Juniperus sp. 	2	seed		LACMP23-39450	Santa Ana Botanic Garden	
P23 37213	Box 14 grid D-2 level 3	heated in biodiesel B100 (80 C) and cold soaked n-propyl bromide	JG-654	Juniperus californica 	3	twig	Previously identifed as Juniperus sp. (7/11/19)	LACMP23-39451	Calscape	
P23 37213	Box 14 grid D-2 level 3	heated in biodiesel B100 (80 C) and cold soaked n-propyl bromide	JG-655	Charcoal 	6	charcoal 		LACMP23-39452	Charcoal	
P23 37213	Box 14 grid D-2 level 3	heated in biodiesel B100 (80 C) and cold soaked n-propyl bromide	JG-656	Platanus racemosa	2	seed		LACMP23-39453	Seed samples, Santa Ana Botanic Garden	
P23 37213	Box 14 grid D-2 level 3	heated in biodiesel B100 (80 C) and cold soaked n-propyl bromide	JG-657	Purshia tridentata	1	seed	Previously identifed as Polygonum sp. (7/11/19)	LACMP23-39454	seed samples, pg. 219	
P23 37213	Box 14 grid D-2 level 3	heated in biodiesel B100 (80 C) and cold soaked n-propyl bromide	JG-658	Solidago canandensis	1	seed	Previously identifed as Solidago sp. (7/11/19)	LACMP23-39455	Seed samples, Santa Ana Botanic Garden	Solidago canadensis: thinner, stripes
P23 37213	Box 14 grid D-2 level 3	heated in biodiesel B100 (80 C) and cold soaked n-propyl bromide	JG-659	Bone 	1	bone		not cataloging now	Bone	
P23 37214	Box 14 grid D-2 level 8	heated in biodiesel B100 (80 C) and cold soaked n-propyl bromide	JG-660	Juniperus californica 	150	seeds		LACMP23-39456	Jesse	
P23 37214	Box 14 grid D-2 level 8	heated in biodiesel B100 (80 C) and cold soaked n-propyl bromide	JG-661	Deinandra fasciculata	1	seed	Previously identifed as Asteraceae sp. (7/11/19)	LACMP23-39457	Seed samples, Bekker pg. 50	
P23 37214	Box 14 grid D-2 level 8	heated in biodiesel B100 (80 C) and cold soaked n-propyl bromide	JG-662	Platanus racemosa 	63	seed		LACMP23-39458	Seed samples, Santa Ana Botanic Garden	
P23 37214	Box 14 grid D-2 level 8	heated in biodiesel B100 (80 C) and cold soaked n-propyl bromide	JG-663	Juniperus sp. 	33	seed		LACMP23-39459	Santa Ana Botanic Garden	
P23 37214	Box 14 grid D-2 level 8	heated in biodiesel B100 (80 C) and cold soaked n-propyl bromide	JG-664	Purshia tridentata	2	seed	Previously identifed as Polygonum sp. (7/11/19)	LACMP23-39460	Seed samples, Bekker pg. 219	
P23 37214	Box 14 grid D-2 level 8	heated in biodiesel B100 (80 C) and cold soaked n-propyl bromide	JG-665	Charcoal 	2	charcoal 		LACMP23-39461	Charcoal	
P23 37214	Box 14 grid D-2 level 8	heated in biodiesel B100 (80 C) and cold soaked n-propyl bromide	JG-666	Juniperus californica 	3	twig	Previously identifed as Juniperus sp. (7/11/19)	LACMP23-39462	Calscape 	
P23 37214	Box 14 grid D-2 level 8	heated in biodiesel B100 (80 C) and cold soaked n-propyl bromide	JG-667	Pinus sp. 	1	needle 		LACMP23-39463	Plant samples, Calscape 	Pointed needle tip 
P23 37214	Box 14 grid D-2 level 8	heated in biodiesel B100 (80 C) and cold soaked n-propyl bromide	JG-668	Bone 	1	bone		not cataloging now	Bone	
P23 37214	Box 14 grid D-2 level 8	heated in biodiesel B100 (80 C) and cold soaked n-propyl bromide	JG-669	Asclepias eriocarpa	1	seed	Previously identifed as Asclepias sp. (7/11/19)	LACMP23-39464	Seed sample, Santa ana botanic garden	
P23 37214	Box 14 grid D-2 level 8	heated in biodiesel B100 (80 C) and cold soaked n-propyl bromide	JG-670	Ambrosia psilostachya 	1	flower	Previously identifed as Ambrosia sp. (7/11/19)	LACMP23-39465	(http://www.backyardnature.net/n/h/ragweed.htm)	
P23 37214	Box 14 grid D-2 level 8	heated in biodiesel B100 (80 C) and cold soaked n-propyl bromide	JG-671	Cyperaceae	4	seed		LACMP23-39466	Seed samples, Bekker pg. 114	
P23 37214	Box 14 grid D-2 level 8	heated in biodiesel B100 (80 C) and cold soaked n-propyl bromide	JG-672	Berberis aquifolium 	2	seed	Previously identifed as Berberis sp. (7/11/19)	LACMP23-39467	Seed samples, Santa Ana Botanic Garden	Berberis aquifolium : of the seeds tinged red, shape 
P23 37215	Box 14 grid D-3 level 7	heated in biodiesel B100 (80 C) and cold soaked n-propyl bromide	JG-673	Juniperus californica 	50	seed		LACMP23-39468	Jesse	
P23 37215	Box 14 grid D-3 level 7	heated in biodiesel B100 (80 C) and cold soaked n-propyl bromide	JG-674	Pinus sabiniana 	1	seed	Previously identifed as Pinus sp. (7/11/19)	LACMP23-39469	Seed samples, Santa Ana Botanic Garden	Pinus albicaulis: looks like sample 
P23 37215	Box 14 grid D-3 level 7	heated in biodiesel B100 (80 C) and cold soaked n-propyl bromide	JG-675	Acmispon rigidus	7	seed	Previously identifed as Lamiaceae (7/11/19)	LACMP23-39470	Seed samples, Bekker pg. 159	possibly Salvia sp. 
P23 37215	Box 14 grid D-3 level 7	heated in biodiesel B100 (80 C) and cold soaked n-propyl bromide	JG-676	Charcoal 	1	charcoal 		LACMP23-39471	Charcoal	
P23 37215	Box 14 grid D-3 level 7	heated in biodiesel B100 (80 C) and cold soaked n-propyl bromide	JG-677	Tauschia parishii	1	seed	Previously identifed as Apiaceae (7/11/19)	LACMP23-39472	Seed samples, Bekker pg. 38	
P23 37215	Box 14 grid D-3 level 7	heated in biodiesel B100 (80 C) and cold soaked n-propyl bromide	JG-678	Cyperaceae	1	seed		LACMP23-39473	Seed samples, Bekker pg. 114	
P23 37215	Box 14 grid D-3 level 7	heated in biodiesel B100 (80 C) and cold soaked n-propyl bromide	JG-679	Platanus racemosa 	24	seed		LACMP23-39474	Seed samples, Santa Ana Botanic Garden	
P23 37215	Box 14 grid D-3 level 7	heated in biodiesel B100 (80 C) and cold soaked n-propyl bromide	JG-680	Juniperus californica 	3	twig	Previously identifed as Juniperus sp. (7/11/19)	LACMP23-39475	Calscape	
P23 37215	Box 14 grid D-3 level 7	heated in biodiesel B100 (80 C) and cold soaked n-propyl bromide	JG-681	Solidago canandensis	12	seed	Previously identifed as Solidago sp. (7/11/19)	LACMP23-39476	Seed samples, Santa Ana Botanic Garden	Solidago canadensis: thinner, stripes
P23 37215	Box 14 grid D-3 level 7	heated in biodiesel B100 (80 C) and cold soaked n-propyl bromide	JG-682	Sambucus nigra	1	seed	Previously identifed as Sambucus sp. (7/11/19)	LACMP23-39477	Seed samples, Santa Ana Botanic Garden	
P23 37215	Box 14 grid D-3 level 7	heated in biodiesel B100 (80 C) and cold soaked n-propyl bromide	JG-683	Juniperus sp. 	17	seed		LACMP23-39478	Santa Ana Botanic Garden	
P23 37215	Box 14 grid D-3 level 7	heated in biodiesel B100 (80 C) and cold soaked n-propyl bromide	JG-684	Bone 	1	bone		not cataloging now	bone	
P23 37215	Box 14 grid D-3 level 7	heated in biodiesel B100 (80 C) and cold soaked n-propyl bromide	JG-685	Berberis aquifolia 	2	seed	Previously identifed as Berberis sp. (7/11/19)	LACMP23-39479	Seed samples, Santa Ana Botanic Garden	Berberis aquifolium : of the seeds tinged red, shape 
P23 37216	Box 14 grid D-3 level 4	heated in biodiesel B100 (80 C) and cold soaked n-propyl bromide	JG-686	Juniperus californica 	370	seed		LACMP23-39480	Jesse	
P23 37216	Box 14 grid D-3 level 4	heated in biodiesel B100 (80 C) and cold soaked n-propyl bromide	JG-687	Juniperus sp. 	80	seed		LACMP23-39481	Santa Ana Botanic Garden	
P23 37216	Box 14 grid D-3 level 4	heated in biodiesel B100 (80 C) and cold soaked n-propyl bromide	JG-688	Juniperus californica 	9	twig	Previously identifed as Juniperus sp. (7/11/19)	LACMP23-39482	Calscape	
P23 37216	Box 14 grid D-3 level 4	heated in biodiesel B100 (80 C) and cold soaked n-propyl bromide	JG-689	Arctostaphylos viscida	1	seed	Previously identifed as Arctostaphylos sp. (7/11/19)	LACMP23-39483	Seed samples, Santa Ana Botanic Garden	
P23 37216	Box 14 grid D-3 level 4	heated in biodiesel B100 (80 C) and cold soaked n-propyl bromide	JG-690	Platanus racemosa 	4	seed		LACMP23-39484	Seed samples, Santa Ana Botanic Garden	
P23 37216	Box 14 grid D-3 level 4	heated in biodiesel B100 (80 C) and cold soaked n-propyl bromide	JG-691	Solidago canadensis	22	seed	Previously identifed as Solidago sp. (7/11/19)	LACMP23-39485	Seed samples, Santa Ana Botanic Garden	Solidago canadensis: thinner, stripes
P23 37216	Box 14 grid D-3 level 4	heated in biodiesel B100 (80 C) and cold soaked n-propyl bromide	JG-692	Quercus agrifolia	2	acorn cap	Previously identifed as Quercus sp. (7/11/19)	LACMP23-39486	Calscape	Quercus agrifolia: pointed overapping flat scales
P23 37216	Box 14 grid D-3 level 4	heated in biodiesel B100 (80 C) and cold soaked n-propyl bromide	JG-693	Charcoal 	7	charcoal 		LACMP23-39487	Charcoal	
P23 37216	Box 14 grid D-3 level 4	heated in biodiesel B100 (80 C) and cold soaked n-propyl bromide	JG-694	Berberis aquifolia 	3	seed	Previously identifed as Berberis sp. (7/11/19)	LACMP23-39488	Seed samples, Santa Ana Botanic Garden	
P23 37216	Box 14 grid D-3 level 4	heated in biodiesel B100 (80 C) and cold soaked n-propyl bromide	JG-695	Agoseris glauca	0.5	seed	Previously identifed as Asteraceae (7/11/19)	LACMP23-39489	Seed samples, Bekker pg. 50	
P23 37216	Box 14 grid D-3 level 4	heated in biodiesel B100 (80 C) and cold soaked n-propyl bromide	JG-696	Bone	8	bone		not cataloging now	Bone	
P23 37216	Box 14 grid D-3 level 4	heated in biodiesel B100 (80 C) and cold soaked n-propyl bromide	JG-697	Purshia tridentata	3	seed	Previously identifed as Polygonum sp. (7/11/19)	LACMP23-39490	Seed samples, Bekker pg. 219	
P23 37217	Box 14 grid D-3 level 3	cold soaked n-propyl bromide	JG-698	Juniperus californica 	27	seed		LACMP23-39491	Jesse	
P23 37217	Box 14 grid D-3 level 3	cold soaked n-propyl bromide	JG-699	Juniperus californica 	110	twigs	Previously identifed as Juniperus sp. (7/11/19)	LACMP23-39492	Calscape	
P23 37217	Box 14 grid D-3 level 3	cold soaked n-propyl bromide	JG-700	Juniperus sp. 	90	seed		LACMP23-39493	Santa Ana Botanic Garden	
P23 37217	Box 14 grid D-3 level 3	cold soaked n-propyl bromide	JG-701	Acmispon rigidus	1	seed	Previously identifed as Rhus sp. (7/11/19)	LACMP23-39494	Seed samples, Santa Ana Botanic Garden	
P23 37217	Box 14 grid D-3 level 3	cold soaked n-propyl bromide	JG-702	Juniperus californica 	9	buds	Previously identifed as Cupressaceae (7/11/19)	LACMP23-39495	(http://tcf.bh.cornell.edu/imgs/dws/r/Cupressaceae_Juniperus_californica_18388.html)	
P23 37217	Box 14 grid D-3 level 3	cold soaked n-propyl bromide	JG-703	Quercus dumosa 	4	acorn fragments	Previously identifed as Quercus sp. (7/11/19)	LACMP23-39496	Calscape	Quercus dumosa: slightly tubercled/warty scales
P23 37217	Box 14 grid D-3 level 3	cold soaked n-propyl bromide	JG-704	Berberis aquifolia 	1	seed	Previously identifed as Berberis sp. (7/11/19)	LACMP23-39497	Seed samples, Santa Ana Botanic Garden	
P23 37217	Box 14 grid D-3 level 3	cold soaked n-propyl bromide	JG-705	Scat 	1	scat 		not cataloging now	scat 	
P23 37217	Box 14 grid D-3 level 3	cold soaked n-propyl bromide	JG-706	Sisyrinchium bellum	1	seed	Previously identifed as Sisyrinchium sp. (7/11/19)	LACMP23-39498	Seed samples, Santa Ana Botanic Garden	Sisyrinchium bellum: looks like sample
P23 37217	Box 14 grid D-3 level 3	cold soaked n-propyl bromide	JG-707	Sisyrinchium bellum	1	capsule	Previously identifed as Sisyrinchium sp. (7/11/19)	LACMP23-39499	plant samples	Sisyrinchium bellum: looks like sample
P23 37217	Box 14 grid D-3 level 3	cold soaked n-propyl bromide	JG-708	Ambrosia psilostachya	1	seed	Previously identifed as Ambrosia sp. (7/11/19)	LACMP23-39500	Seed samples, Santa Ana Botanic Garden	
P23 37217	Box 14 grid D-3 level 3	cold soaked n-propyl bromide	JG-709	Bone	1	bone		not cataloging now	Bone	
P23 37218	Box 14 grid B-2 level 4	heated in biodiesel B100 (80 C) and cold soaked n-propyl bromide	JG-710	Juniperus californica	300	seed		LACMP23-39501	Jesse	
P23 37218	Box 14 grid B-2 level 4	heated in biodiesel B100 (80 C) and cold soaked n-propyl bromide	JG-711	Juniperus californica	32	twig	Previously identifed as Juniperus sp. (7/11/19)	LACMP23-39502	Calscape	
P23 37218	Box 14 grid B-2 level 4	heated in biodiesel B100 (80 C) and cold soaked n-propyl bromide	JG-712	Juniperus sp. 	200	seed		LACMP23-39503	Santa Ana Botanic Garden	
P23 37218	Box 14 grid B-2 level 4	heated in biodiesel B100 (80 C) and cold soaked n-propyl bromide	JG-713	Cyperaceae	2	seed fragments		LACMP23-39504	Seed samples, Bekker pg. 114	
P23 37218	Box 14 grid B-2 level 4	heated in biodiesel B100 (80 C) and cold soaked n-propyl bromide	JG-714	Quercus dumosa 	17	acorn caps	Previously identifed as Quercus sp. (7/11/19)	LACMP23-39505	Santa Ana Botanic Garden	Quercus dumosa: slightly tubercled/warty scales
P23 37218	Box 14 grid B-2 level 4	heated in biodiesel B100 (80 C) and cold soaked n-propyl bromide	JG-715	Purshia tridentata	11	seed	Previously Polygonum sp. (7/2/19)	LACMP23-39506	Seed samples, Beker pg. 219	
P23 37218	Box 14 grid B-2 level 4	heated in biodiesel B100 (80 C) and cold soaked n-propyl bromide	JG-716	Juniperus californica	11	bud	Previously identifed as Cupressaceae (7/11/19)	LACMP23-39507	(http://tcf.bh.cornell.edu/imgs/dws/r/Cupressaceae_Juniperus_californica_18388.html)	
P23 37218	Box 14 grid B-2 level 4	heated in biodiesel B100 (80 C) and cold soaked n-propyl bromide	JG-717	Platanus racemosa	2	seed		LACMP23-39508	Seed samples, Santa Ana Botanic Garden	
P23 37218	Box 14 grid B-2 level 4	heated in biodiesel B100 (80 C) and cold soaked n-propyl bromide	JG-718	Arctostaphylos viscida	1	seed	Previously identifed as Arctostaphylos sp. (7/11/19)	LACMP23-39509	Seed samples, Santa Ana Botanic Garden	
P23 37218	Box 14 grid B-2 level 4	heated in biodiesel B100 (80 C) and cold soaked n-propyl bromide	JG-719	Ambrosia psilostachya	1	seed	Previously identifed as Ambrosia sp. (7/11/19)	LACMP23-39510	Seed samples, Santa Ana Botanic Garden	
P23 37218	Box 14 grid B-2 level 4	heated in biodiesel B100 (80 C) and cold soaked n-propyl bromide	JG-720	Charcoal 	12	charcoal 		LACMP23-39511	Charcoal	
P23 37218	Box 14 grid B-2 level 4	heated in biodiesel B100 (80 C) and cold soaked n-propyl bromide	JG-721	Bone	1	Bone		not cataloging now	Bone	
P23 37210	Box 14 grid C-3 level 5	heated in biodiesel B100 (80 C) and cold soaked n-propyl bromide	JG-722	Juniperus californica (charcoal/ashpalt?)	3	twig	Previously identified as Juniperus sp. (7/11/19)	not cataloging now	Seed samples, Santa Ana Botanic Garden	
P23 37209	Box 14 grid C-3 level 4	heated in biodiesel B100 (80 C) and cold soaked n-propyl bromide	JG-723 	Juniperus californica (charcoal/ashpalt?)	13	twig	Previously identified as Juniperus sp. (7/11/19)	not cataloging now	Calscape	
P23 37205	Box 14 grid C-2 level 5	heated in biodiesel B100 (80 C) and cold soaked n-propyl bromide	JG-724	Juniperus californica (charcoal/ashpalt?)	9	twig	Previously identifed as Juniperus sp. (7/11/19)	LACMP23-39520	Calscape	
P23 37206	Box 14 grid C-3 level 1	heated in biodiesel B100 (80 C) and cold soaked n-propyl bromide	JG-725	Juniperus californica (charcoal/ashpalt?)	3	twig	Previously identified as Juniperus sp. (7/11/19)	not cataloging now	Calscape	
P23 37213	Box 14 grid D-2 level 3	heated in biodiesel B100 (80 C) and cold soaked n-propyl bromide	JG-726	Juniperus californica (charcoal/ashpalt?)	10	twig	Previously identified as Juniperus sp. (7/11/19)	not cataloging now	Calscape	
P23 37217	Box 14 grid D-3 level 3	heated in biodiesel B100 (80 C) and cold soaked n-propyl bromide	JG-727	Juniperus californica (charcoal/ashpalt?)	3	twig	Previously identified as Juniperus sp. (7/11/19)	not cataloging now	Calscape	