ABF updated museum database as of 3.6.2020 If you need to make additional changes please contact me with specifics										
RLB batch catalog #	Box, grid, level	preparation at LBTP	Number 	Identification	how many 	type of material (seed, leaf, etc)	Notes/refinements	New Museum catalog # to be used	References	Notes
P23 38313	Box 7B grid A-2 level 1 	Bulk matrix processed in heated Biodiesel B 100 (80 C) and cold soaked in GenTech (n-propyl bromide)	JG-728	Bone	1	bone		not being cataloged	Bone	
P23 38313	Box 7B grid A-2 level 1 	Bulk matrix processed in heated Biodiesel B 100 (80 C) and cold soaked in GenTech (n-propyl bromide)	JG-729	Juniperus sp. 	180	seed		LACMP23-39716	Santa Ana Botanic Garden	
P23 38313	Box 7B grid A-2 level 1 	Bulk matrix processed in heated Biodiesel B 100 (80 C) and cold soaked in GenTech (n-propyl bromide)	JG-730	Juniperus californica 	34	seed		LACMP23-39717	Jesse	
P23 38313	Box 7B grid A-2 level 1 	Bulk matrix processed in heated Biodiesel B 100 (80 C) and cold soaked in GenTech (n-propyl bromide)	JG-731	Juniperus californica 	30	twig	Previously identified as Juniperus sp. (7/10/19)	LACMP23-39718	Calscape	
P23 38313	Box 7B grid A-2 level 1 	Bulk matrix processed in heated Biodiesel B 100 (80 C) and cold soaked in GenTech (n-propyl bromide)	JG-732	Platanus racemosa 	8	seed		LACMP23-39719	seed samples, Santa Ana Botanic Garden	
P23 38313	Box 7B grid A-2 level 1 	Bulk matrix processed in heated Biodiesel B 100 (80 C) and cold soaked in GenTech (n-propyl bromide)	JG-733	Solidago canadensis 	3	seed		LACMP23-39720	(http://www.mirofoss.com/Organics/Plant_Elongated/Elongated_Articles/CanadaGoldenrod.html)	
P23 38313	Box 7B grid A-2 level 1 	Bulk matrix processed in heated Biodiesel B 100 (80 C) and cold soaked in GenTech (n-propyl bromide)	JG-734	Xanthium strumarium 	2	seed		LACMP23-39721	USDA 	
P23 38313	Box 7B grid A-2 level 1 	Bulk matrix processed in heated Biodiesel B 100 (80 C) and cold soaked in GenTech (n-propyl bromide)	JG-735	Juniperus californica 	4	buds	Previously identified as Juniperus sp. (7/10/19)	LACMP23-39722	(http://tcf.bh.cornell.edu/imgs/dws/r/Cupressaceae_Juniperus_californica_18388.html)	
P23 38313	Box 7B grid A-2 level 1 	Bulk matrix processed in heated Biodiesel B 100 (80 C) and cold soaked in GenTech (n-propyl bromide)	JG-736	Quercus chrysolepis	2	bud	Same as JG-255	LACMP23-39723	(https://www.flickr.com/photos/treebeard/32337119826)	
P23 38313	Box 7B grid A-2 level 1 	Bulk matrix processed in heated Biodiesel B 100 (80 C) and cold soaked in GenTech (n-propyl bromide)	JG-737	Eschscholzia californica	3	seed		LACMP23-39724	Seed samples	
P23 38313	Box 7B grid A-2 level 1 	Bulk matrix processed in heated Biodiesel B 100 (80 C) and cold soaked in GenTech (n-propyl bromide)	JG-738	Dichondra occidentalis 	2	seed		LACMP23-39725	Seed samples, Calflora 	
P23 38313	Box 7B grid A-2 level 1 	Bulk matrix processed in heated Biodiesel B 100 (80 C) and cold soaked in GenTech (n-propyl bromide)	JG-739	Cornus sericea 	1	seed		LACMP23-39726	seed samples	
P23 38313	Box 7B grid A-2 level 1 	Bulk matrix processed in heated Biodiesel B 100 (80 C) and cold soaked in GenTech (n-propyl bromide)	JG-740	Potamogeton alpinus 	71	seed	line around margin, shape, size 	LACMP23-39727	seed samples	
P23 38313	Box 7B grid A-2 level 1 	Bulk matrix processed in heated Biodiesel B 100 (80 C) and cold soaked in GenTech (n-propyl bromide)	JG-741	Galium trifidum	6	seed		LACMP23-39728	seed samples 	
P23 38313	Box 7B grid A-2 level 1 	Bulk matrix processed in heated Biodiesel B 100 (80 C) and cold soaked in GenTech (n-propyl bromide)	JG-742	Stachys albens	1	seed	shape, line	LACMP23-39729	seed samples, Santa Ana Botanic Garden	
P23 38313	Box 7B grid A-2 level 1 	Bulk matrix processed in heated Biodiesel B 100 (80 C) and cold soaked in GenTech (n-propyl bromide)	JG-743	Scat	1	scat 		not being cataloged	scat 	
P23 38313	Box 7B grid A-2 level 1 	Bulk matrix processed in heated Biodiesel B 100 (80 C) and cold soaked in GenTech (n-propyl bromide)	JG-744	Rhus aromatica	1	seed		LACMP23-39730	Seed samples, Santa Ana Botanic Garden	
P23 38313	Box 7B grid A-2 level 1 	Bulk matrix processed in heated Biodiesel B 100 (80 C) and cold soaked in GenTech (n-propyl bromide)	JG-745	Amaranthus powellii 	1	seed		LACMP23-39731	seed samples, calflora 	
P23 38313	Box 7B grid A-2 level 1 	Bulk matrix processed in heated Biodiesel B 100 (80 C) and cold soaked in GenTech (n-propyl bromide)	JG-746	Persicaria lapathifolia	2	seed	Previously identified as Cyperaceae (7/10/19)	LACMP23-39732	seed samples	
P23 38313	Box 7B grid A-2 level 1 	Bulk matrix processed in heated Biodiesel B 100 (80 C) and cold soaked in GenTech (n-propyl bromide)	JG-747	Sisyrinchium bellum 	1	seed		LACMP23-39733	Seed samples 	
P23 38313	Box 7B grid A-2 level 1 	Bulk matrix processed in heated Biodiesel B 100 (80 C) and cold soaked in GenTech (n-propyl bromide)	JG-748	Adenostoma fasciculatum	1	seed		LACMP23-39734	Santa Ana Botanic Garden	
P23 38314	Box 7B grid A-2 level 2	Bulk matrix processed in heated Biodiesel B 100 (80 C) and cold soaked in GenTech (n-propyl bromide)	JG-749	Juniperus californica 	735	seed		LACMP23-39735	Jesse	
P23 38314	Box 7B grid A-2 level 2	Bulk matrix processed in heated Biodiesel B 100 (80 C) and cold soaked in GenTech (n-propyl bromide)	JG-750	Juniperus sp. 	101	seed		LACMP23-39736	Santa Ana Botanic Garden	
P23 38314	Box 7B grid A-2 level 2	Bulk matrix processed in heated Biodiesel B 100 (80 C) and cold soaked in GenTech (n-propyl bromide)	JG-751	Platanus racemosa 	11	seed		LACMP23-39737	Santa Ana Botanic Garden	
P23 38314	Box 7B grid A-2 level 2	Bulk matrix processed in heated Biodiesel B 100 (80 C) and cold soaked in GenTech (n-propyl bromide)	JG-752	Juniperus californica 	2	twig	Previously identified as Juniperus sp. (7/10/19)	LACMP23-39738	Calscape	
P23 38314	Box 7B grid A-2 level 2	Bulk matrix processed in heated Biodiesel B 100 (80 C) and cold soaked in GenTech (n-propyl bromide)	JG-753	Xanthium strumarium 	0.5	seed		LACMP23-39739	USDA 	
P23 38314	Box 7B grid A-2 level 2	Bulk matrix processed in heated Biodiesel B 100 (80 C) and cold soaked in GenTech (n-propyl bromide)	JG-754	Solidago canadensis 	3	seed		LACMP23-39740	seed samples	
P23 38314	Box 7B grid A-2 level 2	Bulk matrix processed in heated Biodiesel B 100 (80 C) and cold soaked in GenTech (n-propyl bromide)	JG-755	Ambrosia psilostachya 	0.5	seed	short dull horn at top of seed surrounded by shorter bumps	LACMP23-39741	(https://www.invasive.org/browse/detail.cfm?imgnum=5455869)	
P23 38314	Box 7B grid A-2 level 2	Bulk matrix processed in heated Biodiesel B 100 (80 C) and cold soaked in GenTech (n-propyl bromide)	JG-756	Persicaria lapathifolia	17	seed	Previously identified as Cyperaceae (7/10/19)	LACMP23-39742	seed samples	
P23 38314	Box 7B grid A-2 level 2	Bulk matrix processed in heated Biodiesel B 100 (80 C) and cold soaked in GenTech (n-propyl bromide)	JG-757	Purshia tridentata	8	seed		LACMP23-39743	Santa Ana Botanic Garden	
P23 38314	Box 7B grid A-2 level 2	Bulk matrix processed in heated Biodiesel B 100 (80 C) and cold soaked in GenTech (n-propyl bromide)	JG-758	Pinus radiata	1	seed	Same as JG-18	LACMP23-39744	seed samples	
P23 38314	Box 7B grid A-2 level 2	Bulk matrix processed in heated Biodiesel B 100 (80 C) and cold soaked in GenTech (n-propyl bromide)	JG-759	Juniperus californica 	1	bud	Previously identified as Juniperus sp. (7/10/19)	LACMP23-39745	 (http://tcf.bh.cornell.edu/imgs/dws/r/Cupressaceae_Juniperus_californica_18388.html)	
P23 38314	Box 7B grid A-2 level 2	Bulk matrix processed in heated Biodiesel B 100 (80 C) and cold soaked in GenTech (n-propyl bromide)	JG-760	Hesperocyparis macrocarpa	1	seed		LACMP23-39746	Calflora, Calscape 	
P23 38314	Box 7B grid A-2 level 2	Bulk matrix processed in heated Biodiesel B 100 (80 C) and cold soaked in GenTech (n-propyl bromide)	JG-761	Juniperus californica 	1	fruit 	Calscape 	LACMP23-39747	Calscape 	
P23 38314	Box 7B grid A-2 level 2	Bulk matrix processed in heated Biodiesel B 100 (80 C) and cold soaked in GenTech (n-propyl bromide)	JG-762	Berberis aquifolium	1	seed		LACMP23-39748	Calflora, seed samples	
P23 38314	Box 7B grid A-2 level 2	Bulk matrix processed in heated Biodiesel B 100 (80 C) and cold soaked in GenTech (n-propyl bromide)	JG-763	Rosa californica 	1	seed		LACMP23-39749	seed samples, Santa Ana Botanic Garden	
P23 38315	Box 7B grid A-2 level 3	Bulk matrix processed in heated Biodiesel B 100 (80 C) and cold soaked in GenTech (n-propyl bromide)	JG-764	Juniperus californica 	260	seed		LACMP23-39750	Jesse	
P23 38315	Box 7B grid A-2 level 3	Bulk matrix processed in heated Biodiesel B 100 (80 C) and cold soaked in GenTech (n-propyl bromide)	JG-765	Arctostaphylos viscida	0.5	seed	Previously identified as Arctostaphylos pungens (7/10/19)	LACMP23-39751	Seed samples, Santa Ana Botanic Garden	
P23 38315	Box 7B grid A-2 level 3	Bulk matrix processed in heated Biodiesel B 100 (80 C) and cold soaked in GenTech (n-propyl bromide)	JG-766	Juniperus sp. 	105	seed		LACMP23-39752	Santa Ana Botanic Garden	
P23 38315	Box 7B grid A-2 level 3	Bulk matrix processed in heated Biodiesel B 100 (80 C) and cold soaked in GenTech (n-propyl bromide)	JG-767	Solidago canadensis 	3	seed		LACMP23-39753	Seed samples	
P23 38315	Box 7B grid A-2 level 3	Bulk matrix processed in heated Biodiesel B 100 (80 C) and cold soaked in GenTech (n-propyl bromide)	JG-768	Xanthium strumarium 	2	seed		LACMP23-39754	Seed samples	
P23 38315	Box 7B grid A-2 level 3	Bulk matrix processed in heated Biodiesel B 100 (80 C) and cold soaked in GenTech (n-propyl bromide)	JG-769	Juniperus californica 	3	twig	Previously identified as Juniperus sp. (7/10/19)	LACMP23-39755	Calflora	
P23 38315	Box 7B grid A-2 level 3	Bulk matrix processed in heated Biodiesel B 100 (80 C) and cold soaked in GenTech (n-propyl bromide)	JG-770	Potamogeton alpinus 	118	seed	line around margin, shape, size 	LACMP23-39756	Seed samples 	
P23 38315	Box 7B grid A-2 level 3	Bulk matrix processed in heated Biodiesel B 100 (80 C) and cold soaked in GenTech (n-propyl bromide)	JG-771	Platanus racemosa 	28	seed		LACMP23-39757	Seed samples, Santa Ana Botanic Garden	
P23 38315	Box 7B grid A-2 level 3	Bulk matrix processed in heated Biodiesel B 100 (80 C) and cold soaked in GenTech (n-propyl bromide)	JG-772	Alopecurus aequalis	2	glume 		LACMP23-39758	Bekker pg. 196	
P23 38315	Box 7B grid A-2 level 3	Bulk matrix processed in heated Biodiesel B 100 (80 C) and cold soaked in GenTech (n-propyl bromide)	JG-773	Berberis aquifolium	1	seed	Previously identified as Berberis hamatocarpa (7/10/19)	LACMP23-39759	Calflora, seed samples	
P23 38315	Box 7B grid A-2 level 3	Bulk matrix processed in heated Biodiesel B 100 (80 C) and cold soaked in GenTech (n-propyl bromide)	JG-774	Cyperaceae	58	seed		LACMP23-39760	Seed samples 	
P23 38315	Box 7B grid A-2 level 3	Bulk matrix processed in heated Biodiesel B 100 (80 C) and cold soaked in GenTech (n-propyl bromide)	JG-775	Purshia tridentata	10	seed		LACMP23-39761	Santa Ana Botanic Garden	
P23 38315	Box 7B grid A-2 level 3	Bulk matrix processed in heated Biodiesel B 100 (80 C) and cold soaked in GenTech (n-propyl bromide)	JG-776	Juniperus californica 	1	bud	Previously identified as Juniperus sp. (7/10/19)	LACMP23-39762	(http://tcf.bh.cornell.edu/imgs/dws/r/Cupressaceae_Juniperus_californica_18388.html)	
P23 38315	Box 7B grid A-2 level 3	Bulk matrix processed in heated Biodiesel B 100 (80 C) and cold soaked in GenTech (n-propyl bromide)	JG-777	Hesperocyparis macrocarpa	39	seed		LACMP23-39763	Callfora, Calscape	
P23 38315	Box 7B grid A-2 level 3	Bulk matrix processed in heated Biodiesel B 100 (80 C) and cold soaked in GenTech (n-propyl bromide)	JG-778	Hesperocyparis macrocarpa	3	cone fragments 		LACMP23-39764	Callfora, Calscape	
P23 38315	Box 7B grid A-2 level 3	Bulk matrix processed in heated Biodiesel B 100 (80 C) and cold soaked in GenTech (n-propyl bromide)	JG-779	Turtle scute	3	Turtle scute 		not being cataloged	Turtle Scute	
P23 38316	Box 7B grid A-2 level 4	Bulk matrix processed in heated Biodiesel B 100 (80 C) and cold soaked in GenTech (n-propyl bromide)	JG-780	Juniperus californica 	28	seed		LACMP23-39765	Jesse	
P23 38316	Box 7B grid A-2 level 4	Bulk matrix processed in heated Biodiesel B 100 (80 C) and cold soaked in GenTech (n-propyl bromide)	JG-781	Dichondra occidentalis 	12	seed		LACMP23-39766	seed samples, Calflora	
P23 38316	Box 7B grid A-2 level 4	Bulk matrix processed in heated Biodiesel B 100 (80 C) and cold soaked in GenTech (n-propyl bromide)	JG-782	Platanus racemosa 	1	seed		LACMP23-39767	Seed samples, Santa Ana Botanic Garden	
P23 38316	Box 7B grid A-2 level 4	Bulk matrix processed in heated Biodiesel B 100 (80 C) and cold soaked in GenTech (n-propyl bromide)	JG-783	Juniperus sp. 	89	seed		LACMP23-39768	Santa Ana Botanic Garden	
P23 38316	Box 7B grid A-2 level 4	Bulk matrix processed in heated Biodiesel B 100 (80 C) and cold soaked in GenTech (n-propyl bromide)	JG-784	Juniperus californica 	12	twig	Previously identified as Juniperus sp. (7/10/19)	LACMP23-39769	Calflora 	
P23 38316	Box 7B grid A-2 level 4	Bulk matrix processed in heated Biodiesel B 100 (80 C) and cold soaked in GenTech (n-propyl bromide)	JG-785	Quercus chrysolepis	2	immature acorn caps		LACMP23-39770	(https://www.flickr.com/photos/treebeard/32337119826)	
P23 38316	Box 7B grid A-2 level 4	Bulk matrix processed in heated Biodiesel B 100 (80 C) and cold soaked in GenTech (n-propyl bromide)	JG-786	Xanthium strumarium 	1	seed		LACMP23-39771	Seed samples	
P23 38316	Box 7B grid A-2 level 4	Bulk matrix processed in heated Biodiesel B 100 (80 C) and cold soaked in GenTech (n-propyl bromide)	JG-787	Alopecurus aequalis	3	glume 		LACMP23-39772	Bekker pg. 196	
P23 38316	Box 7B grid A-2 level 4	Bulk matrix processed in heated Biodiesel B 100 (80 C) and cold soaked in GenTech (n-propyl bromide)	JG-788	Juniperus californica 	1	bud	Previously identified as Juniperus sp. (7/10/19)	LACMP23-39773	(http://tcf.bh.cornell.edu/imgs/dws/r/Cupressaceae_Juniperus_californica_18388.html)	
P23 38316	Box 7B grid A-2 level 4	Bulk matrix processed in heated Biodiesel B 100 (80 C) and cold soaked in GenTech (n-propyl bromide)	JG-789	Solidago canadensis 	1	seed		LACMP23-39774	Seed samples	
P23 38316	Box 7B grid A-2 level 4	Bulk matrix processed in heated Biodiesel B 100 (80 C) and cold soaked in GenTech (n-propyl bromide)	JG-790	Angelica kingii 	3	seed		LACMP23-39775	Seed samples, Calflora 	
P23 38316	Box 7B grid A-2 level 4	Bulk matrix processed in heated Biodiesel B 100 (80 C) and cold soaked in GenTech (n-propyl bromide)	JG-791	Cornus sericea 	1	seed		LACMP23-39776	Seed samples	
P23 38317	Box 7B grid A-3 level 2	Bulk matrix processed in heated Biodiesel B 100 (80 C) and cold soaked in GenTech (n-propyl bromide)	JG-792	Juniperus californica 	23	seed		LACMP23-39777	Jesse	
P23 38317	Box 7B grid A-3 level 2	Bulk matrix processed in heated Biodiesel B 100 (80 C) and cold soaked in GenTech (n-propyl bromide)	JG-793	Rumex salicifolius 	1	seed	Same as JG-139	LACMP23-39778	Seed sample	
P23 38317	Box 7B grid A-3 level 2	Bulk matrix processed in heated Biodiesel B 100 (80 C) and cold soaked in GenTech (n-propyl bromide)	JG-794	Dichondra occidentalis 	1	seed		LACMP23-39779	Seed samples, Calflora 	
P23 38317	Box 7B grid A-3 level 2	Bulk matrix processed in heated Biodiesel B 100 (80 C) and cold soaked in GenTech (n-propyl bromide)	JG-795	Cyperaceae	1	seed		LACMP23-39780	Seed samples	
P23 38317	Box 7B grid A-3 level 2	Bulk matrix processed in heated Biodiesel B 100 (80 C) and cold soaked in GenTech (n-propyl bromide)	JG-796	Juniperus sp. 	10	seed		LACMP23-39781	Santa Ana Botanic Garden	
P23 38317	Box 7B grid A-3 level 2	Bulk matrix processed in heated Biodiesel B 100 (80 C) and cold soaked in GenTech (n-propyl bromide)	JG-797	Platanus racemosa 	7	seed		LACMP23-39782	Seed samples, Santa Ana Botanic Garden	
P23 38317	Box 7B grid A-3 level 2	Bulk matrix processed in heated Biodiesel B 100 (80 C) and cold soaked in GenTech (n-propyl bromide)	JG-798	Juniperus californica 	1	bud	Previously identified as Juniperus sp. (7/10/19)	LACMP23-39783	(http://tcf.bh.cornell.edu/imgs/dws/r/Cupressaceae_Juniperus_californica_18388.html)	
P23 38317	Box 7B grid A-3 level 2	Bulk matrix processed in heated Biodiesel B 100 (80 C) and cold soaked in GenTech (n-propyl bromide)	JG-799	Solidago canadensis 	2	seed		LACMP23-39784	Seed samples	
P23 38317	Box 7B grid A-3 level 2	Bulk matrix processed in heated Biodiesel B 100 (80 C) and cold soaked in GenTech (n-propyl bromide)	JG-800	Potamogeton alpinus 	4	seed		LACMP23-39785	Seed samples	
P23 38317	Box 7B grid A-3 level 2	Bulk matrix processed in heated Biodiesel B 100 (80 C) and cold soaked in GenTech (n-propyl bromide)	JG-801	Juniperus californica 	1	twig	Previously identified as Juniperus sp. (7/10/19)	LACMP23-39786	Calflora	
P23 38317	Box 7B grid A-3 level 2	Bulk matrix processed in heated Biodiesel B 100 (80 C) and cold soaked in GenTech (n-propyl bromide)	JG-802	Hesperocyparis macrocarpa	1	seed		LACMP23-39787	Calflora, Calscape 	
P23 38317	Box 7B grid A-3 level 2	Bulk matrix processed in heated Biodiesel B 100 (80 C) and cold soaked in GenTech (n-propyl bromide)	JG-803	Angelica kingii 	1	seed		LACMP23-39788	Seed samples, Calflora 	
P23 38318	Box 7B grid A-3 level 3	Bulk matrix processed in heated Biodiesel B 100 (80 C) and cold soaked in GenTech (n-propyl bromide)	JG-804	Juniperus californica 	35	seed		LACMP23-39789	Jesse	
P23 38318	Box 7B grid A-3 level 3	Bulk matrix processed in heated Biodiesel B 100 (80 C) and cold soaked in GenTech (n-propyl bromide)	JG-805	Bone	1	bone		not being cataloged	Bone	
P23 38318	Box 7B grid A-3 level 3	Bulk matrix processed in heated Biodiesel B 100 (80 C) and cold soaked in GenTech (n-propyl bromide)	JG-806	Xanthium strumarium 	1	seed		LACMP23-39790	Seed samples	
P23 38318	Box 7B grid A-3 level 3	Bulk matrix processed in heated Biodiesel B 100 (80 C) and cold soaked in GenTech (n-propyl bromide)	JG-807	Atriplex lentiformis	1	seed		LACMP23-39791	Seed samples, Calflora 	
P23 38318	Box 7B grid A-3 level 3	Bulk matrix processed in heated Biodiesel B 100 (80 C) and cold soaked in GenTech (n-propyl bromide)	JG-808	Juniperus sp. 	28	seed		LACMP23-39792	Santa Ana Botanic Garden	
P23 38318	Box 7B grid A-3 level 3	Bulk matrix processed in heated Biodiesel B 100 (80 C) and cold soaked in GenTech (n-propyl bromide)	JG-809	Juniperus californica 	9	twig	Previously identified as Juniperus sp. (7/10/19)	LACMP23-39793	Calscape 	
P23 38318	Box 7B grid A-3 level 3	Bulk matrix processed in heated Biodiesel B 100 (80 C) and cold soaked in GenTech (n-propyl bromide)	JG-810	Potamogeton alpinus 	8	seed		LACMP23-39794	Seed samples 	
P23 38318	Box 7B grid A-3 level 3	Bulk matrix processed in heated Biodiesel B 100 (80 C) and cold soaked in GenTech (n-propyl bromide)	JG-811	Hesperocyparis macrocarpa	1	seed		LACMP23-39795	Calflora, Calscape 	
P23 38318	Box 7B grid A-3 level 3	Bulk matrix processed in heated Biodiesel B 100 (80 C) and cold soaked in GenTech (n-propyl bromide)	JG-812	Cyperaceae	2	seed		LACMP23-39796	Seed samples	
P23 38318	Box 7B grid A-3 level 3	Bulk matrix processed in heated Biodiesel B 100 (80 C) and cold soaked in GenTech (n-propyl bromide)	JG-813	Dichondra occidentalis 	5	seed		LACMP23-39797	Seed samples, Calflora 	
P23 38318	Box 7B grid A-3 level 3	Bulk matrix processed in heated Biodiesel B 100 (80 C) and cold soaked in GenTech (n-propyl bromide)	JG-814	Rumex salicifolius 	1	seed		LACMP23-39798	Seed samples 	
P23 38318	Box 7B grid A-3 level 3	Bulk matrix processed in heated Biodiesel B 100 (80 C) and cold soaked in GenTech (n-propyl bromide)	JG-815	Juniperus californica 	1	bud	Previously identified as Juniperus sp. (7/10/19)	LACMP23-39799	Calscape 	
P23 38319	Box 7B grid A-3 level 4	Bulk matrix processed in heated Biodiesel B 100 (80 C) and cold soaked in GenTech (n-propyl bromide)	JG-816	Juniperus californica 	23	seed		LACMP23-39800	Jesse	
P23 38319	Box 7B grid A-3 level 4	Bulk matrix processed in heated Biodiesel B 100 (80 C) and cold soaked in GenTech (n-propyl bromide)	JG-817	Ribes divaricatum	1	seed		LACMP23-39801	(https://plants.usda.gov/gallery/pubs/ridi_001_php.jpg), seed samples	
P23 38319	Box 7B grid A-3 level 4	Bulk matrix processed in heated Biodiesel B 100 (80 C) and cold soaked in GenTech (n-propyl bromide)	JG-818	Eschscholzia californica 	1	seed		LACMP23-39802	Seed samples	
P23 38319	Box 7B grid A-3 level 4	Bulk matrix processed in heated Biodiesel B 100 (80 C) and cold soaked in GenTech (n-propyl bromide)	JG-819	Xanthium strumarium 	2	seed		LACMP23-39803	Seed samples	
P23 38319	Box 7B grid A-3 level 4	Bulk matrix processed in heated Biodiesel B 100 (80 C) and cold soaked in GenTech (n-propyl bromide)	JG-820	Juniperus californica 	3	twig	Previously identified as Juniperus sp. (7/10/19)	LACMP23-39804	Calscape 	
P23 38319	Box 7B grid A-3 level 4	Bulk matrix processed in heated Biodiesel B 100 (80 C) and cold soaked in GenTech (n-propyl bromide)	JG-821	Juniperus sp. 	11	seed		LACMP23-39805	Santa Ana Botanic Garden	
P23 38319	Box 7B grid A-3 level 4	Bulk matrix processed in heated Biodiesel B 100 (80 C) and cold soaked in GenTech (n-propyl bromide)	JG-822	Alopecurus aequalis	1	glume 		LACMP23-39806	Bekker pg. 196	
P23 38319	Box 7B grid A-3 level 4	Bulk matrix processed in heated Biodiesel B 100 (80 C) and cold soaked in GenTech (n-propyl bromide)	JG-823	Platanus racemosa 	3	seed		LACMP23-39807	Seed samples, Santa Ana Botanic Garden	
P23 38319	Box 7B grid A-3 level 4	Bulk matrix processed in heated Biodiesel B 100 (80 C) and cold soaked in GenTech (n-propyl bromide)	JG-824	Potamogeton alpinus 	6	seed		LACMP23-39808	Seed samples	
P23 38319	Box 7B grid A-3 level 4	Bulk matrix processed in heated Biodiesel B 100 (80 C) and cold soaked in GenTech (n-propyl bromide)	JG-825	Angelica kingii 	1	seed		LACMP23-39809	Seed samples, calflora 	
P23 38319	Box 7B grid A-3 level 4	Bulk matrix processed in heated Biodiesel B 100 (80 C) and cold soaked in GenTech (n-propyl bromide)	JG-826	Bone	1	bone		not being cataloged	bone	
P23 38319	Box 7B grid A-3 level 4	Bulk matrix processed in heated Biodiesel B 100 (80 C) and cold soaked in GenTech (n-propyl bromide)	JG-827	Hesperocyparis macrocarpa	1	seed		LACMP23-39810	Calflora, Calscape 	
P23 38320	Box 7B grid B-1 level 1	Bulk matrix processed in heated Biodiesel B 100 (80 C) and cold soaked in GenTech (n-propyl bromide)	JG-828	Juniperus californica 	11	seed		LACMP23-40714	Jesse	
P23 38320	Box 7B grid B-1 level 1	Bulk matrix processed in heated Biodiesel B 100 (80 C) and cold soaked in GenTech (n-propyl bromide)	JG-829	Arctostaphylos viscida	0.5	seed	Previously identified as Arctostaphylos pungens (7/10/19)	LACMP23-40715	Seed samples, Santa Ana Botanic Garden	
P23 38320	Box 7B grid B-1 level 1	Bulk matrix processed in heated Biodiesel B 100 (80 C) and cold soaked in GenTech (n-propyl bromide)	JG-830	Potamogeton nodosus	1	seed		LACMP23-40716	Seed samples	
P23 38320	Box 7B grid B-1 level 1	Bulk matrix processed in heated Biodiesel B 100 (80 C) and cold soaked in GenTech (n-propyl bromide)	JG-831	Platanus racemosa 	2	seed		LACMP23-40717	Seed samples, Santa Ana Botanic Garden	
P23 38320	Box 7B grid B-1 level 1	Bulk matrix processed in heated Biodiesel B 100 (80 C) and cold soaked in GenTech (n-propyl bromide)	JG-832	Quercus chrysolepis	2	acorn cap fragments		LACMP23-40718	Calscape	
P23 38320	Box 7B grid B-1 level 1	Bulk matrix processed in heated Biodiesel B 100 (80 C) and cold soaked in GenTech (n-propyl bromide)	JG-833	Juniperus sp. 	44	seed		LACMP23-40719	Santa Ana Botanic Garden	
P23 38320	Box 7B grid B-1 level 1	Bulk matrix processed in heated Biodiesel B 100 (80 C) and cold soaked in GenTech (n-propyl bromide)	JG-834	Juniperus californica 	31	twig	Previously identified as Juniperus sp. (7/10/19)	LACMP23-40720	Calscape 	
P23 38320	Box 7B grid B-1 level 1	Bulk matrix processed in heated Biodiesel B 100 (80 C) and cold soaked in GenTech (n-propyl bromide)	JG-835	Juniperus californica 	3	bud	Previously identified as Juniperus sp. (7/10/19)	LACMP23-40721	Calscape 	
P23 38320	Box 7B grid B-1 level 1	Bulk matrix processed in heated Biodiesel B 100 (80 C) and cold soaked in GenTech (n-propyl bromide)	JG-836	Potamogeton alpinus 	1	seed		LACMP23-40722	Seed samples	
P23 38320	Box 7B grid B-1 level 1	Bulk matrix processed in heated Biodiesel B 100 (80 C) and cold soaked in GenTech (n-propyl bromide)	JG-837	Hesperocyparis macrocarpa	1	seed		LACMP23-40723	Calflora, Calscape 	
P23 38320	Box 7B grid B-1 level 1	Bulk matrix processed in heated Biodiesel B 100 (80 C) and cold soaked in GenTech (n-propyl bromide)	JG-838	Purshia tridentata	1	seed		LACMP23-40724	Santa Ana Botanic Garden	
P23 38320	Box 7B grid B-1 level 1	Bulk matrix processed in heated Biodiesel B 100 (80 C) and cold soaked in GenTech (n-propyl bromide)	JG-839	Sambucus nigra 	2	seed		LACMP23-40725	Seed samples, Santa Ana Botanic Garden	
P23 38321	Box 7B grid B-1 level 5	Bulk matrix processed in heated Biodiesel B 100 (80 C) and cold soaked in GenTech (n-propyl bromide)	JG-840	Juniperus californica 	26	seed		LACMP23-40726	Jesse	
P23 38321	Box 7B grid B-1 level 5	Bulk matrix processed in heated Biodiesel B 100 (80 C) and cold soaked in GenTech (n-propyl bromide)	JG-841	Platanus racemosa 	6	seed		LACMP23-40727	Seed samples, Santa Ana Botanic Garden	
P23 38321	Box 7B grid B-1 level 5	Bulk matrix processed in heated Biodiesel B 100 (80 C) and cold soaked in GenTech (n-propyl bromide)	JG-842	Juniperus sp. 	185	seed		LACMP23-40728	Santa Ana Botanic Garden	
P23 38321	Box 7B grid B-1 level 5	Bulk matrix processed in heated Biodiesel B 100 (80 C) and cold soaked in GenTech (n-propyl bromide)	JG-843	Hesperocyparis macrocarpa	21	seed		LACMP23-40729	Calflora, Calscape 	
P23 38321	Box 7B grid B-1 level 5	Bulk matrix processed in heated Biodiesel B 100 (80 C) and cold soaked in GenTech (n-propyl bromide)	JG-844	Juniperus californica 	28	twig	Previously identified as Juniperus sp. (7/10/19)	LACMP23-40730	Calscape	
P23 38321	Box 7B grid B-1 level 5	Bulk matrix processed in heated Biodiesel B 100 (80 C) and cold soaked in GenTech (n-propyl bromide)	JG-845	Cyperaceae	1	seed		LACMP23-40731	Seed samples 	
P23 38321	Box 7B grid B-1 level 5	Bulk matrix processed in heated Biodiesel B 100 (80 C) and cold soaked in GenTech (n-propyl bromide)	JG-846	Potamogeton nodosus	1	seed		LACMP23-40732	Seed samples	
P23 38321	Box 7B grid B-1 level 5	Bulk matrix processed in heated Biodiesel B 100 (80 C) and cold soaked in GenTech (n-propyl bromide)	JG-847	Quercus chrysolepis	1	immature acorn		LACMP23-40733	(https://www.flickr.com/photos/treebeard/32337119826)	
P23 38321	Box 7B grid B-1 level 5	Bulk matrix processed in heated Biodiesel B 100 (80 C) and cold soaked in GenTech (n-propyl bromide)	JG-848	Iris macrosiphon	1	seed		LACMP23-40734	(https://plants.usda.gov/core/profile?symbol=IRMA#)	
P23 38321	Box 7B grid B-1 level 5	Bulk matrix processed in heated Biodiesel B 100 (80 C) and cold soaked in GenTech (n-propyl bromide)	JG-849	Berula erecta 	0.5	seed		LACMP23-40735	(https://dzn.eldoc.ub.rug.nl/?page=pict&item=588)	
P23 38321	Box 7B grid B-1 level 5	Bulk matrix processed in heated Biodiesel B 100 (80 C) and cold soaked in GenTech (n-propyl bromide)	JG-850	Bone	13	bone		not being cataloged	bone	
P23 38321	Box 7B grid B-1 level 5	Bulk matrix processed in heated Biodiesel B 100 (80 C) and cold soaked in GenTech (n-propyl bromide)	JG-851	Juniperus californica 	2	bud	Previously identified as Juniperus sp. (7/10/19)	LACMP23-40736	Calscape 	
P23 38321	Box 7B grid B-1 level 5	Bulk matrix processed in heated Biodiesel B 100 (80 C) and cold soaked in GenTech (n-propyl bromide)	JG-852	Sisyrinchium bellum 	0.5	seed		LACMP23-40737	Seed samples, Santa Ana Botanic Garden	
P23 38321	Box 7B grid B-1 level 5	Bulk matrix processed in heated Biodiesel B 100 (80 C) and cold soaked in GenTech (n-propyl bromide)	JG-853	Heteromeles arbutifolia 	1	seed		LACMP23-40738	Seed samples, Santa Ana Botanic Garden	
P23 38322	Box 7B grid B-2 level 1	Bulk matrix processed in heated Biodiesel B 100 (80 C) and cold soaked in GenTech (n-propyl bromide)	JG-854	Juniperus californica	35	seed		LACMP23-41026	Jesse	
P23 38322	Box 7B grid B-2 level 1	Bulk matrix processed in heated Biodiesel B 100 (80 C) and cold soaked in GenTech (n-propyl bromide)	JG-855	Juniperus californica 	20	twig	Previously identified as Juniperus sp. (7/10/19)	LACMP23-41027	Calscape	
P23 38322	Box 7B grid B-2 level 1	Bulk matrix processed in heated Biodiesel B 100 (80 C) and cold soaked in GenTech (n-propyl bromide)	JG-856	Bone	6	bone		not being cataloged	Bone	
P23 38322	Box 7B grid B-2 level 1	Bulk matrix processed in heated Biodiesel B 100 (80 C) and cold soaked in GenTech (n-propyl bromide)	JG-857	Solidago canadensis 	2	seed		LACMP23-41028	Seed samples 	
P23 38322	Box 7B grid B-2 level 1	Bulk matrix processed in heated Biodiesel B 100 (80 C) and cold soaked in GenTech (n-propyl bromide)	JG-858	Alopecurus aequalis	5	glume 		LACMP23-41029	Bekker pg. 196	
P23 38322	Box 7B grid B-2 level 1	Bulk matrix processed in heated Biodiesel B 100 (80 C) and cold soaked in GenTech (n-propyl bromide)	JG-859	Potamogeton alpinus 	1	seed	smaller 	LACMP23-41030	Seed samples	
P23 38322	Box 7B grid B-2 level 1	Bulk matrix processed in heated Biodiesel B 100 (80 C) and cold soaked in GenTech (n-propyl bromide)	JG-860	Xanthium strumarium 	4	seed		LACMP23-41031	Seed samples	
P23 38322	Box 7B grid B-2 level 1	Bulk matrix processed in heated Biodiesel B 100 (80 C) and cold soaked in GenTech (n-propyl bromide)	JG-861	Juniperus californica 	24	bud	Previously identified as Juniperus sp. (7/10/19)	LACMP23-41032	Calscape 	
P23 38322	Box 7B grid B-2 level 1	Bulk matrix processed in heated Biodiesel B 100 (80 C) and cold soaked in GenTech (n-propyl bromide)	JG-862	Ambrosia psilostachya 	3	leaf fragments 		LACMP23-41033	(https://www.uwgb.edu/biodiversity/herbarium/Vascular_plants/Misc_species/ambpsi01.html)	
P23 38322	Box 7B grid B-2 level 1	Bulk matrix processed in heated Biodiesel B 100 (80 C) and cold soaked in GenTech (n-propyl bromide)	JG-863	Quercus chrysolepis	1	acorn		LACMP23-41034	(https://www.fs.fed.us/psw/publications/documents/psw_gtr071/psw_gtr071.pdf) 	
P23 38322	Box 7B grid B-2 level 1	Bulk matrix processed in heated Biodiesel B 100 (80 C) and cold soaked in GenTech (n-propyl bromide)	JG-864	Cyperaceae	1	seed		LACMP23-41035	Seed samples 	
P23 38322	Box 7B grid B-2 level 1	Bulk matrix processed in heated Biodiesel B 100 (80 C) and cold soaked in GenTech (n-propyl bromide)	JG-865	Arctostaphylos viscida	0.5	seed	Previously identified as Arctostaphylos pungens (7/10/19)	LACMP23-41036	Seed samples, Santa Ana Botanic Garden	
P23 38322	Box 7B grid B-2 level 1	Bulk matrix processed in heated Biodiesel B 100 (80 C) and cold soaked in GenTech (n-propyl bromide)	JG-866	Potamogeton nodosus	8	seed		LACMP23-41037	Seed samples 	
P23 38322	Box 7B grid B-2 level 1	Bulk matrix processed in heated Biodiesel B 100 (80 C) and cold soaked in GenTech (n-propyl bromide)	JG-867	Cornus sericea 	0.5	seed		LACMP23-41038	Seed samples 	
P23 38322	Box 7B grid B-2 level 1	Bulk matrix processed in heated Biodiesel B 100 (80 C) and cold soaked in GenTech (n-propyl bromide)	JG-868	Berula erecta 	3	seed		LACMP23-41039	(https://dzn.eldoc.ub.rug.nl/?page=pict&item=588)	
P23 38322	Box 7B grid B-2 level 1	Bulk matrix processed in heated Biodiesel B 100 (80 C) and cold soaked in GenTech (n-propyl bromide)	JG-869	Salvia spathacea	1	seed	(Same as JG-205)	LACMP23-41040	Santa Ana Botanic Garden	
P23 38322	Box 7B grid B-2 level 1	Bulk matrix processed in heated Biodiesel B 100 (80 C) and cold soaked in GenTech (n-propyl bromide)	JG-870	Sambucus nigra 	2	seed		LACMP23-41041	Seed samples, Santa Ana Botanic Garden	
P23 38322	Box 7B grid B-2 level 1	Bulk matrix processed in heated Biodiesel B 100 (80 C) and cold soaked in GenTech (n-propyl bromide)	JG-871	Rosa californica 	1	rose hip fruit 	large size	LACMP23-41042	Calflora 	
P23 38322	Box 7B grid B-2 level 1	Bulk matrix processed in heated Biodiesel B 100 (80 C) and cold soaked in GenTech (n-propyl bromide)	JG-872	Arctostaphylos glauca 	2	seed		LACMP23-41043	seed samples	
P23 38322	Box 7B grid B-2 level 1	Bulk matrix processed in heated Biodiesel B 100 (80 C) and cold soaked in GenTech (n-propyl bromide)	JG-873	Adenostoma sparsifolium 	2	seed		LACMP23-41044	Santa Ana Botanic Garden	
P23 38322	Box 7B grid B-2 level 1	Bulk matrix processed in heated Biodiesel B 100 (80 C) and cold soaked in GenTech (n-propyl bromide)	JG-874	Adenostoma fasciculatum	2	seed		LACMP23-41045	Santa Ana Botanic Garden, USDA	
P23 38322	Box 7B grid B-2 level 1	Bulk matrix processed in heated Biodiesel B 100 (80 C) and cold soaked in GenTech (n-propyl bromide)	JG-875	Juniperus sp. 	200	seed		LACMP23-41046	Santa Ana Botanic Garden	
P23 38322	Box 7B grid B-2 level 1	Bulk matrix processed in heated Biodiesel B 100 (80 C) and cold soaked in GenTech (n-propyl bromide)	JG-876	Heteromeles arbutifolia 	7	seed		LACMP23-41047	Seed sample, Santa Ana Botanic Garden	
P23 38322	Box 7B grid B-2 level 1	Bulk matrix processed in heated Biodiesel B 100 (80 C) and cold soaked in GenTech (n-propyl bromide)	JG-877	Berberis aquifolium	1.5	seed	Previously identified as Juniperus sp. (7/10/19)	LACMP23-41048	Calflora, Seed samples	
P23 38322	Box 7B grid B-2 level 1	Bulk matrix processed in heated Biodiesel B 100 (80 C) and cold soaked in GenTech (n-propyl bromide)	JG-878	Platanus racemosa 	11	seed		LACMP23-41049	Seed samples, Santa Ana Botanic Garden	
P23 38323	Box 7B grid B-2 level 2	Bulk matrix processed in heated Biodiesel B 100 (80 C) and cold soaked in GenTech (n-propyl bromide)	JG-879	Juniperus californica 	130	seed		LACMP23-41050	Jesse	
P23 38323	Box 7B grid B-2 level 2	Bulk matrix processed in heated Biodiesel B 100 (80 C) and cold soaked in GenTech (n-propyl bromide)	JG-880	Juniperus sp. 	350	seed		LACMP23-41051	Santa Ana Botanic Garden	
P23 38323	Box 7B grid B-2 level 2	Bulk matrix processed in heated Biodiesel B 100 (80 C) and cold soaked in GenTech (n-propyl bromide)	JG-881	Juniperus sp. 	4	twig		LACMP23-41052	Calscape	
P23 38323	Box 7B grid B-2 level 2	Bulk matrix processed in heated Biodiesel B 100 (80 C) and cold soaked in GenTech (n-propyl bromide)	JG-882	Xanthium strumarium 	1	seed		LACMP23-41053	Seed samples	
P23 38323	Box 7B grid B-2 level 2	Bulk matrix processed in heated Biodiesel B 100 (80 C) and cold soaked in GenTech (n-propyl bromide)	JG-883	Platanus racemosa 	5	seed		LACMP23-41054	Seed samples, Santa Ana Botanic Garden	
P23 38323	Box 7B grid B-2 level 2	Bulk matrix processed in heated Biodiesel B 100 (80 C) and cold soaked in GenTech (n-propyl bromide)	JG-884	Hesperocyparis macrocarpa	14	seed		LACMP23-41055	Calflora, Calscape 	
P23 38323	Box 7B grid B-2 level 2	Bulk matrix processed in heated Biodiesel B 100 (80 C) and cold soaked in GenTech (n-propyl bromide)	JG-885	Purshia tridentata	3	seed		LACMP23-41056	Santa Ana Botanic Garden	
P23 38323	Box 7B grid B-2 level 2	Bulk matrix processed in heated Biodiesel B 100 (80 C) and cold soaked in GenTech (n-propyl bromide)	JG-886	Solidago canadensis 	3	seed		LACMP23-41057	seed samples	
P23 38323	Box 7B grid B-2 level 2	Bulk matrix processed in heated Biodiesel B 100 (80 C) and cold soaked in GenTech (n-propyl bromide)	JG-887	Bone	6	bone		not being cataloged	Bone	
P23 38323	Box 7B grid B-2 level 2	Bulk matrix processed in heated Biodiesel B 100 (80 C) and cold soaked in GenTech (n-propyl bromide)	JG-888	Insect chitin	2	chitin		not being cataloged	Chitin	
P23 38323	Box 7B grid B-2 level 2	Bulk matrix processed in heated Biodiesel B 100 (80 C) and cold soaked in GenTech (n-propyl bromide)	JG-889	Potamogeton alpinus 	10	seed		LACMP23-41058	Seed samples	
P23 38323	Box 7B grid B-2 level 2	Bulk matrix processed in heated Biodiesel B 100 (80 C) and cold soaked in GenTech (n-propyl bromide)	JG-890	Cyperaceae	2	seed		LACMP23-41059	Seed samples 	
P23 38323	Box 7B grid B-2 level 2	Bulk matrix processed in heated Biodiesel B 100 (80 C) and cold soaked in GenTech (n-propyl bromide)	JG-891	Angelica kingii 	1	seed		LACMP23-41060	Seed samples, Calflora	
P23 38323	Box 7B grid B-2 level 2	Bulk matrix processed in heated Biodiesel B 100 (80 C) and cold soaked in GenTech (n-propyl bromide)	JG-892	Heteromeles arbutifolia 	2	seed		LACMP23-41061	Seed samples, Santa Ana Botanic Garden	
P23 38323	Box 7B grid B-2 level 2	Bulk matrix processed in heated Biodiesel B 100 (80 C) and cold soaked in GenTech (n-propyl bromide)	JG-893	Juniperus sp. 	6	buds		LACMP23-41062	Calscape	
P23 38323	Box 7B grid B-2 level 2	Bulk matrix processed in heated Biodiesel B 100 (80 C) and cold soaked in GenTech (n-propyl bromide)	JG-894	Arctostaphylos glauca 	1	seed		LACMP23-41063	Seed samples	
P23 38323	Box 7B grid B-2 level 2	Bulk matrix processed in heated Biodiesel B 100 (80 C) and cold soaked in GenTech (n-propyl bromide)	JG-895	Hesperocyparis macrocarpa	1	cone plus 8 cone fragments 		LACMP23-41064	Calflora, Calscape 	
P23 38323	Box 7B grid B-2 level 2	Bulk matrix processed in heated Biodiesel B 100 (80 C) and cold soaked in GenTech (n-propyl bromide)	JG-896	Alopecurus aequalis	6	1 seed and 5 glumes 		LACMP23-41065	(http://timedoesnotexist.org/Grasses%20of%20Oregon.pdf), calflora 	
P23 38324	Box 7B grid B-2 level 3	Bulk matrix processed in heated Biodiesel B 100 (80 C) and cold soaked in GenTech (n-propyl bromide)	JG-897	Juniperus californica 	430	seed		LACMP23-41066	Jesse	
P23 38324	Box 7B grid B-2 level 3	Bulk matrix processed in heated Biodiesel B 100 (80 C) and cold soaked in GenTech (n-propyl bromide)	JG-898	Bone	65	bone		not being cataloged	Bone	
P23 38324	Box 7B grid B-2 level 3	Bulk matrix processed in heated Biodiesel B 100 (80 C) and cold soaked in GenTech (n-propyl bromide)	JG-899	Juniperus sp. 	1500	seed		LACMP23-41067	Santa Ana Botanic Garden	
P23 38324	Box 7B grid B-2 level 3	Bulk matrix processed in heated Biodiesel B 100 (80 C) and cold soaked in GenTech (n-propyl bromide)	JG-900	Scat	4	scat 		not being cataloged	scat 	
P23 38324	Box 7B grid B-2 level 3	Bulk matrix processed in heated Biodiesel B 100 (80 C) and cold soaked in GenTech (n-propyl bromide)	JG-901	Insect chitin	2	chitin		not being cataloged	chitin	
P23 38324	Box 7B grid B-2 level 3	Bulk matrix processed in heated Biodiesel B 100 (80 C) and cold soaked in GenTech (n-propyl bromide)	JG-902	Berula erecta	52	seed		LACMP23-41068	(https://dzn.eldoc.ub.rug.nl/?page=pict&item=588)	
P23 38324	Box 7B grid B-2 level 3	Bulk matrix processed in heated Biodiesel B 100 (80 C) and cold soaked in GenTech (n-propyl bromide)	JG-903	Hesperocyparis macrocarpa	107	seed		LACMP23-41069	Calflora, Calscape 	
P23 38324	Box 7B grid B-2 level 3	Bulk matrix processed in heated Biodiesel B 100 (80 C) and cold soaked in GenTech (n-propyl bromide)	JG-904	Dichondra occidentalis 	14	seed		LACMP23-41070	Seed samples, Calflora 	
P23 38324	Box 7B grid B-2 level 3	Bulk matrix processed in heated Biodiesel B 100 (80 C) and cold soaked in GenTech (n-propyl bromide)	JG-905	Juniperus californica 	11	twig	Previously identified as Juniperus sp. (7/10/19)	LACMP23-41071	Calscape	
P23 38324	Box 7B grid B-2 level 3	Bulk matrix processed in heated Biodiesel B 100 (80 C) and cold soaked in GenTech (n-propyl bromide)	JG-906	Xanthium strumarium 	4	seed		LACMP23-41072	Seed samples 	
P23 38324	Box 7B grid B-2 level 3	Bulk matrix processed in heated Biodiesel B 100 (80 C) and cold soaked in GenTech (n-propyl bromide)	JG-907	Cyperaceae	4	seed		LACMP23-41073	Seed samples	
P23 38324	Box 7B grid B-2 level 3	Bulk matrix processed in heated Biodiesel B 100 (80 C) and cold soaked in GenTech (n-propyl bromide)	JG-908	Potamogeton alpinus 	49	seed		LACMP23-41074	Seed samples	
P23 38324	Box 7B grid B-2 level 3	Bulk matrix processed in heated Biodiesel B 100 (80 C) and cold soaked in GenTech (n-propyl bromide)	JG-909	Potamogeton nodosus	5	seed		LACMP23-41075	Seed samples	
P23 38324	Box 7B grid B-2 level 3	Bulk matrix processed in heated Biodiesel B 100 (80 C) and cold soaked in GenTech (n-propyl bromide)	JG-910	Platanus racemosa 	1	seed		LACMP23-41076	Santa Ana Botanic Garden	
P23 38324	Box 7B grid B-2 level 3	Bulk matrix processed in heated Biodiesel B 100 (80 C) and cold soaked in GenTech (n-propyl bromide)	JG-911	Arctostaphylos viscida	1	seed	Previously identified as Arctostaphylos pungens (7/10/19)	LACMP23-41077	Santa Ana Botanic Garden	
P23 38324	Box 7B grid B-2 level 3	Bulk matrix processed in heated Biodiesel B 100 (80 C) and cold soaked in GenTech (n-propyl bromide)	JG-912	Arctostaphylos glauca 	1	seed		LACMP23-41078	Seed samples 	
P23 38324	Box 7B grid B-2 level 3	Bulk matrix processed in heated Biodiesel B 100 (80 C) and cold soaked in GenTech (n-propyl bromide)	JG-913	Purshia tridentata	3	seed		LACMP23-41079	Santa Ana Botanic Garden	
P23 38324	Box 7B grid B-2 level 3	Bulk matrix processed in heated Biodiesel B 100 (80 C) and cold soaked in GenTech (n-propyl bromide)	JG-914	Juniperus californica 	1	bud	Previously identified as Juniperus sp. (7/10/19)	LACMP23-41080	Calscape	
P23 38324	Box 7B grid B-2 level 3	Bulk matrix processed in heated Biodiesel B 100 (80 C) and cold soaked in GenTech (n-propyl bromide)	JG-915	Pinus radiata	1	bud	Previously identified as Pinus muricata (7/10/19)	LACMP23-41081	Calscape	
P23 38324	Box 7B grid B-2 level 3	Bulk matrix processed in heated Biodiesel B 100 (80 C) and cold soaked in GenTech (n-propyl bromide)	JG-916	Ambrosia eriocentra	1	seed		LACMP23-41082	(http://southwestdesertflora.com/WebsiteFolders/All_Species/Asteraceae/Ambrosia_eriocentra.html), seed samples	
P23 38324	Box 7B grid B-2 level 3	Bulk matrix processed in heated Biodiesel B 100 (80 C) and cold soaked in GenTech (n-propyl bromide)	JG-917	Cornus sericea 	1	seed		LACMP23-41083	Seed samples	
P23 38324	Box 7B grid B-2 level 3	Bulk matrix processed in heated Biodiesel B 100 (80 C) and cold soaked in GenTech (n-propyl bromide)	JG-918	Sisyrinchium bellum 	1	seed		LACMP23-41084	Seed samples	
P23 38324	Box 7B grid B-2 level 3	Bulk matrix processed in heated Biodiesel B 100 (80 C) and cold soaked in GenTech (n-propyl bromide)	JG-919	Turtle scute	5	Turtle scute 		not being cataloged	Turtle Scute	
P23 38324	Box 7B grid B-2 level 3	Bulk matrix processed in heated Biodiesel B 100 (80 C) and cold soaked in GenTech (n-propyl bromide)	JG-920	Hesperocyparis macrocarpa	54	cone fragments 		LACMP23-41085	Calflora, Calscape 	
P23 38325	Box 7B grid B-2 level 4	Bulk matrix processed in heated Biodiesel B 100 (80 C) and cold soaked in GenTech (n-propyl bromide)	JG-921	Juniperus californica 	123	seed		LACMP23-41086	Jesse	
P23 38325	Box 7B grid B-2 level 4	Bulk matrix processed in heated Biodiesel B 100 (80 C) and cold soaked in GenTech (n-propyl bromide)	JG-922	Juniperus sp. 	800	seed		LACMP23-41087	Santa Ana Botanic Garden	
P23 38325	Box 7B grid B-2 level 4	Bulk matrix processed in heated Biodiesel B 100 (80 C) and cold soaked in GenTech (n-propyl bromide)	JG-923	Xanthium strumarium 	6	seed		LACMP23-41088	Seed samples	
P23 38325	Box 7B grid B-2 level 4	Bulk matrix processed in heated Biodiesel B 100 (80 C) and cold soaked in GenTech (n-propyl bromide)	JG-924	Turtle scute	7	Turtle scute 		not being cataloged	turtle scute	
P23 38325	Box 7B grid B-2 level 4	Bulk matrix processed in heated Biodiesel B 100 (80 C) and cold soaked in GenTech (n-propyl bromide)	JG-925	Bone	18	Bone		not being cataloged	Bone	
P23 38325	Box 7B grid B-2 level 4	Bulk matrix processed in heated Biodiesel B 100 (80 C) and cold soaked in GenTech (n-propyl bromide)	JG-926	Persicaria lapathifolia	4	seed	Previously identified as Cyperaceae (7/10/19)	LACMP23-41089	Seed samples	
P23 38325	Box 7B grid B-2 level 4	Bulk matrix processed in heated Biodiesel B 100 (80 C) and cold soaked in GenTech (n-propyl bromide)	JG-927	Hesperocyparis macrocarpa	110	seed		LACMP23-41090	Calflora, Calscape 	
P23 38325	Box 7B grid B-2 level 4	Bulk matrix processed in heated Biodiesel B 100 (80 C) and cold soaked in GenTech (n-propyl bromide)	JG-928	Potamogeton alpinus 	18	seed		LACMP23-41091	Seed samples	
P23 38325	Box 7B grid B-2 level 4	Bulk matrix processed in heated Biodiesel B 100 (80 C) and cold soaked in GenTech (n-propyl bromide)	JG-929	Dichondra occidentalis 	11	seed		LACMP23-41092	Seed samples, Calflora	
P23 38325	Box 7B grid B-2 level 4	Bulk matrix processed in heated Biodiesel B 100 (80 C) and cold soaked in GenTech (n-propyl bromide)	JG-930	Purshia tridentata	2	seed		LACMP23-41093	Santa Ana Botanic Garden	
P23 38325	Box 7B grid B-2 level 4	Bulk matrix processed in heated Biodiesel B 100 (80 C) and cold soaked in GenTech (n-propyl bromide)	JG-931	Potamogeton nodosus	1	seed		LACMP23-41094	Seed samples	
P23 38325	Box 7B grid B-2 level 4	Bulk matrix processed in heated Biodiesel B 100 (80 C) and cold soaked in GenTech (n-propyl bromide)	JG-932	Platanus racemosa 	1	seed		LACMP23-41095	Sant Ana Botanic Garden	
P23 38325	Box 7B grid B-2 level 4	Bulk matrix processed in heated Biodiesel B 100 (80 C) and cold soaked in GenTech (n-propyl bromide)	JG-933	Berula erecta 	2	seed		LACMP23-41096	(https://dzn.eldoc.ub.rug.nl/?page=pict&item=588)	
P23 38325	Box 7B grid B-2 level 4	Bulk matrix processed in heated Biodiesel B 100 (80 C) and cold soaked in GenTech (n-propyl bromide)	JG-934	Angelica kingii 	1	seed		LACMP23-41097	Seed samples, calflora 	
P23 38325	Box 7B grid B-2 level 4	Bulk matrix processed in heated Biodiesel B 100 (80 C) and cold soaked in GenTech (n-propyl bromide)	JG-935	Arctostaphylos glauca 	5	seed		LACMP23-41098	Santa Ana Botanic Garden	
P23 38325	Box 7B grid B-2 level 4	Bulk matrix processed in heated Biodiesel B 100 (80 C) and cold soaked in GenTech (n-propyl bromide)	JG-936	Juniperus californica (charcoal/ashpalt?)	5	twig	Previously identified as Juniperus sp. (7/10/19)	LACMP23-41099	Calscape 	
P23 38325	Box 7B grid B-2 level 4	Bulk matrix processed in heated Biodiesel B 100 (80 C) and cold soaked in GenTech (n-propyl bromide)	JG-937	Juniperus californica 	6	twig	Previously identified as Juniperus sp. (7/10/19)	LACMP23-41100	Calscape 	
P23 38325	Box 7B grid B-2 level 4	Bulk matrix processed in heated Biodiesel B 100 (80 C) and cold soaked in GenTech (n-propyl bromide)	JG-938	Stachys albens	1	seed		LACMP23-41101	Seed samples, Santa Ana Botanic Garden	
P23 38325	Box 7B grid B-2 level 4	Bulk matrix processed in heated Biodiesel B 100 (80 C) and cold soaked in GenTech (n-propyl bromide)	JG-939	Heteromeles arbutifolia 	4	seed		LACMP23-41102	Seed sample, Santa Ana Botanic Garden	
P23 38325	Box 7B grid B-2 level 4	Bulk matrix processed in heated Biodiesel B 100 (80 C) and cold soaked in GenTech (n-propyl bromide)	JG-940	Hesperocyparis macrocarpa	15	cone fragments 		LACMP23-41103	Calflora, Calscape 	
P23 38326	Box 7B grid B-2 level 5	Bulk matrix processed in heated Biodiesel B 100 (80 C) and cold soaked in GenTech (n-propyl bromide)	JG-941	Juniperus californica 	100	seed		LACMP23-41281	Jesse 	
P23 38326	Box 7B grid B-2 level 5	Bulk matrix processed in heated Biodiesel B 100 (80 C) and cold soaked in GenTech (n-propyl bromide)	JG-942	Hesperocyparis macrocarpa	3	cone fragments 		LACMP23-41282	Calflora, Calscape 	
P23 38326	Box 7B grid B-2 level 5	Bulk matrix processed in heated Biodiesel B 100 (80 C) and cold soaked in GenTech (n-propyl bromide)	JG-943	Juniperus sp. 	500	seed		LACMP23-41283	Santa Ana Botanic Garden	
P23 38326	Box 7B grid B-2 level 5	Bulk matrix processed in heated Biodiesel B 100 (80 C) and cold soaked in GenTech (n-propyl bromide)	JG-944	Hesperocyparis macrocarpa	35	seed		LACMP23-41284	Calflora, Calscape 	
P23 38326	Box 7B grid B-2 level 5	Bulk matrix processed in heated Biodiesel B 100 (80 C) and cold soaked in GenTech (n-propyl bromide)	JG-945	Potamogeton alpinus 	21	seed		LACMP23-41285	Seed samples	
P23 38326	Box 7B grid B-2 level 5	Bulk matrix processed in heated Biodiesel B 100 (80 C) and cold soaked in GenTech (n-propyl bromide)	JG-946	Dichondra occidentalis 	8	seed		LACMP23-41286	Seed samples, Calflora 	
P23 38326	Box 7B grid B-2 level 5	Bulk matrix processed in heated Biodiesel B 100 (80 C) and cold soaked in GenTech (n-propyl bromide)	JG-947	Berula erecta	11	seed		LACMP23-41287	(https://dzn.eldoc.ub.rug.nl/?page=pict&item=588)	
P23 38326	Box 7B grid B-2 level 5	Bulk matrix processed in heated Biodiesel B 100 (80 C) and cold soaked in GenTech (n-propyl bromide)	JG-948	Juniperus californica (charcoal/ashpalt?)	3	twig	Previously identified as Juniperus sp. (7/10/19)	LACMP23-41288	Calscape	
P23 38326	Box 7B grid B-2 level 5	Bulk matrix processed in heated Biodiesel B 100 (80 C) and cold soaked in GenTech (n-propyl bromide)	JG-949	Juniperus californica 	5	twig	Previously identified as Juniperus sp. (7/10/19)	LACMP23-41289	Calscape	
P23 38326	Box 7B grid B-2 level 5	Bulk matrix processed in heated Biodiesel B 100 (80 C) and cold soaked in GenTech (n-propyl bromide)	JG-950	Platanus racemosa 	1	seed		LACMP23-41290	Seed samples	
P23 38326	Box 7B grid B-2 level 5	Bulk matrix processed in heated Biodiesel B 100 (80 C) and cold soaked in GenTech (n-propyl bromide)	JG-951	Purshia tridentata	1	seed		LACMP23-41291	Santa Ana Botanic Garden	
P23 38326	Box 7B grid B-2 level 5	Bulk matrix processed in heated Biodiesel B 100 (80 C) and cold soaked in GenTech (n-propyl bromide)	JG-952	Juniperus californica 	2	bud	Previously identified as Juniperus sp. (7/10/19)	LACMP23-41292	Calscape	
P23 38326	Box 7B grid B-2 level 5	Bulk matrix processed in heated Biodiesel B 100 (80 C) and cold soaked in GenTech (n-propyl bromide)	JG-953	Heteromeles arbutifolia 	1	seed		LACMP23-41293	Seed samples, Santa Ana Botanic Garden	
P23 38326	Box 7B grid B-2 level 5	Bulk matrix processed in heated Biodiesel B 100 (80 C) and cold soaked in GenTech (n-propyl bromide)	JG-954	Quercus chrysolepis	1	acorn cap fragment		LACMP23-41294	Calscape	
P23 38326	Box 7B grid B-2 level 5	Bulk matrix processed in heated Biodiesel B 100 (80 C) and cold soaked in GenTech (n-propyl bromide)	JG-955	Potamogeton nodosus	1	seed		LACMP23-41295	Seed samples	
P23 38326	Box 7B grid B-2 level 5	Bulk matrix processed in heated Biodiesel B 100 (80 C) and cold soaked in GenTech (n-propyl bromide)	JG-956	Cyperaceae	1	seed		LACMP23-41296	Seed samples	
P23 38326	Box 7B grid B-2 level 5	Bulk matrix processed in heated Biodiesel B 100 (80 C) and cold soaked in GenTech (n-propyl bromide)	JG-957	Solidago canadensis 	0.5	seed		LACMP23-41297	(http://www.mirofoss.com/Organics/Plant_Elongated/Elongated_Articles/CanadaGoldenrod.html)	
P23 38327	Box 7B grid B-2 level 6	Bulk matrix processed in heated Biodiesel B 100 (80 C) and cold soaked in GenTech (n-propyl bromide)	JG-958	Juniperus californica	138	seed		LACMP23-41298	Jesse	
P23 38327	Box 7B grid B-2 level 6	Bulk matrix processed in heated Biodiesel B 100 (80 C) and cold soaked in GenTech (n-propyl bromide)	JG-959	Cornus sericea 	2	seed		LACMP23-41299	Seed samples	
P23 38327	Box 7B grid B-2 level 6	Bulk matrix processed in heated Biodiesel B 100 (80 C) and cold soaked in GenTech (n-propyl bromide)	JG-960	Bone	12	bone		not being cataloged	Bone	
P23 38327	Box 7B grid B-2 level 6	Bulk matrix processed in heated Biodiesel B 100 (80 C) and cold soaked in GenTech (n-propyl bromide)	JG-961	Hesperocyparis macrocarpa	16	cone fragments 		LACMP23-41300	Calflora, calscape 	
P23 38327	Box 7B grid B-2 level 6	Bulk matrix processed in heated Biodiesel B 100 (80 C) and cold soaked in GenTech (n-propyl bromide)	JG-962	Juniperus sp. 	800	seed		LACMP23-41301	Santa Ana Botanic Garden	
P23 38327	Box 7B grid B-2 level 6	Bulk matrix processed in heated Biodiesel B 100 (80 C) and cold soaked in GenTech (n-propyl bromide)	JG-963	Hesperocyparis macrocarpa	66	seed		LACMP23-41302	Calflora, calscape 	
P23 38327	Box 7B grid B-2 level 6	Bulk matrix processed in heated Biodiesel B 100 (80 C) and cold soaked in GenTech (n-propyl bromide)	JG-964	Juniperus californica (charcoal/ashpalt?)	16	twig	Previously identified as Juniperus sp. (7/10/19)	LACMP23-41303	Calscape	
P23 38327	Box 7B grid B-2 level 6	Bulk matrix processed in heated Biodiesel B 100 (80 C) and cold soaked in GenTech (n-propyl bromide)	JG-965	Juniperus californica 	20	twig	Previously identified as Juniperus sp. (7/10/19)	LACMP23-41304	Calscape	
P23 38327	Box 7B grid B-2 level 6	Bulk matrix processed in heated Biodiesel B 100 (80 C) and cold soaked in GenTech (n-propyl bromide)	JG-966	Potamogeton alpinus 	23	seed		LACMP23-41305	Seed samples	
P23 38327	Box 7B grid B-2 level 6	Bulk matrix processed in heated Biodiesel B 100 (80 C) and cold soaked in GenTech (n-propyl bromide)	JG-967	Alopecurus aequalis	4	glume 		LACMP23-41306	(http://timedoesnotexist.org/Grasses%20of%20Oregon.pdf), calflora 	
P23 38327	Box 7B grid B-2 level 6	Bulk matrix processed in heated Biodiesel B 100 (80 C) and cold soaked in GenTech (n-propyl bromide)	JG-968	Purshia tridentata	4	seed		LACMP23-41307	Santa Ana Botanic Garden	
P23 38327	Box 7B grid B-2 level 6	Bulk matrix processed in heated Biodiesel B 100 (80 C) and cold soaked in GenTech (n-propyl bromide)	JG-969	Platanus racemosa 	1	seed		LACMP23-41308	Seed samples	
P23 38327	Box 7B grid B-2 level 6	Bulk matrix processed in heated Biodiesel B 100 (80 C) and cold soaked in GenTech (n-propyl bromide)	JG-970	Juniperus californica 	1	bud	Previously identified as Juniperus sp. (7/10/19)	LACMP23-41309	Calscape	