Museum_Number	UCM_Number	Canister	Class	Order	Family	Subfamily	Genus	Species	Element_original	Notes	Last ID revision	include.in.diversity.stats														
	NSF-19-01	A3/L3	Mammalia	Rodentia	Cricetidae	Arvicolinae	Microtus	califoricus	lower lt m1		2/5/2019	y														
	NSF-19-02	A3/L3	Mammalia	Rodentia	Cricetidae	Arvicolinae	Microtus	califoricus	lower rt m1		2/5/2019	y														
	NSF-19-03	A3/L3	Mammalia	Rodentia	Cricetidae	Arvicolinae	Microtus	califoricus	lower lt m1		2/5/2019	y														
	NSF-19-04	A3/L3	Mammalia	Rodentia	Cricetidae	Arvicolinae	Microtus	califoricus	lower rt m1		2/5/2019	y														
	NSF-19-05	A3/L3	Mammalia	Rodentia	Cricetidae	Arvicolinae	Microtus	califoricus	lower lt m1	juv	2/5/2019	y														
	NSF-19-06	A3/L3	Mammalia	Rodentia	Cricetidae	Arvicolinae	Microtus	sp	lower rt m2			y														
	NSF-19-07	A3/L3	Mammalia	Rodentia	Cricetidae	Arvicolinae	Microtus	sp	upper lt M2			y														
	NSF-19-08	A3/L3	Mammalia	Rodentia	Cricetidae	Arvicolinae	Microtus	sp	lower lt m2			y														
	NSF-19-09	A3/L3	Mammalia	Rodentia	Cricetidae	Arvicolinae	Microtus	sp	upper rt M3			y														
	NSF-19-10	A3/L3	Mammalia	Rodentia	Cricetidae	Arvicolinae	Microtus	sp	upper lt M1			y														
	NSF-19-11	A3/L3	Mammalia	Rodentia	Cricetidae	Arvicolinae	?Microtus	sp	lower rt m1 frag	strange re-entrant		y														
	NSF-19-12	A3/L3	Mammalia	Rodentia	Cricetidae	Arvicolinae	Microtus	sp	lower lt m2			y														
	NSF-19-13	A3/L3	Mammalia	Rodentia	Cricetidae	Arvicolinae	Microtus	sp	lower rt m1 frag			y														
	NSF-19-14	A3/L3	Mammalia	Rodentia	Cricetidae	Arvicolinae	Microtus	sp	lower lt m2			y														
	NSF-19-15	A3/L3	Mammalia	Rodentia	Cricetidae	Arvicolinae	Microtus	sp	lower lt m1 frag			y														
	NSF-19-16	A3/L3	Mammalia	Rodentia	Cricetidae	Arvicolinae	Microtus	sp	lower lt m2	juv?		y														
	NSF-19-17	A3/L3	Mammalia	Rodentia	Cricetidae	Arvicolinae	Microtus	sp	upper rt M3			y														
	NSF-19-18	A3/L3	Mammalia	Rodentia	Cricetidae	Arvicolinae	Microtus	sp	lower lt m3			y														
	NSF-19-19	A3/L3	Mammalia	Rodentia	Cricetidae	Arvicolinae	?Microtus	sp	molar frag			y														
	NSF-19-20	A3/L3	Mammalia	Rodentia	Cricetidae	Arvicolinae	Microtus	sp	molar frag			y														
	NSF-19-21	A3/L3	Mammalia	Rodentia	Cricetidae	Arvicolinae	Microtus	sp	molar frag			y														
	NSF-19-22	A3/L3	Mammalia	Rodentia	Cricetidae	Arvicolinae	Microtus	sp	lt dentary	no teeth		y														
	NSF-19-23	A3/L3	Mammalia	Rodentia	Cricetidae	Arvicolinae	Microtus	sp	upper rt M3 frag			y														
	NSF-19-24	A3/L3	Mammalia	Rodentia	Cricetidae	Arvicolinae	Microtus	sp	molar frag			y														
	NSF-19-25	A3/L3	Mammalia	Lagomorpha	Leporidae		Sylvilagus	sp	upper lt P2			y														
	NSF-19-26	A3/L3	Mammalia	Rodentia	Heteromyidae	Dipodomyinae	Dipodomys	sp	lower lt m1/m2			y														
	NSF-19-27	A3/L3	Mammalia	Lagomorpha	Leporidae		Sylvilagus	sp	upper lt P2			y														
	NSF-19-28	A3/L3	Mammalia	Rodentia	Geomyidae	Thomomyinae	Thomomys	sp	lower (lt?) m1/m2			y														
	NSF-19-29	A3/L3	Mammalia	Rodentia	Sciuridae	Xerinae	?Otospermophilus	beecheyi	lower lt m1/m2			y														
	NSF-19-30	A3/L3	Mammalia	Rodentia	Cricetidae	Neotominae	Peromyscus	sp	lower rt m1	anteroconid grade 2; large - compariable in size w/ P. californicus	7/29/2019	y														
	NSF-19-31	A3/L3	Mammalia	Rodentia	Cricetidae	Neotominae	?Peromyscus	sp	lower rt m1	"small anteroconid grade 0, intermediate in size b/w P_man and Reithro"	7/29/2019	y														
	NSF-19-32	A3/L3	Mammalia	Rodentia	Cricetidae	Neotominae	Peromyscus	?maniculatus	upper rt M1	small anteroloph	7/29/2019	y														
	NSF-19-33	A3/L3	Mammalia	Rodentia	Cricetidae	Neotominae	?Peromyscus	sp	upper rt M1	weathered	7/29/2019	y														
	NSF-19-34	A3/L3	Mammalia	Rodentia	Cricetidae	Neotominae	Peromyscus	sp	lower rt m2		7/29/2019	y														
	NSF-19-35	A3/L3	Mammalia	Rodentia	Cricetidae	Neotominae	Peromyscus	?maniculatus	upper lt M1	moderate anteroloph	7/29/2019	y														
	NSF-19-36	A3/L3	Mammalia	Rodentia	Cricetidae	Neotominae	Peromyscus	sp	lower lt m2		7/29/2019	y														
	NSF-19-37	A3/L3	Mammalia	Rodentia	Cricetidae	Neotominae	Peromyscus	?maniculatus	upper rt M1	moderate anteroloph	7/29/2019	y														
	NSF-19-38	A3/L3	Mammalia	Rodentia	Cricetidae	Neotominae	Peromyscus	sp	lower rt m1	grade 0	7/29/2019	y														
	NSF-19-39	A3/L3	Mammalia	Rodentia	Cricetidae	Neotominae	Peromyscus	sp	lower lt m1	grade 0	7/29/2019	y														
	NSF-19-40	A3/L3	Mammalia	Rodentia	Cricetidae	Neotominae			upper rt M2	"worn, broken in two frags"	7/29/2019	y														
	NSF-19-41	A3/L3	Mammalia	Lagomorpha	Leporidae		Sylvilagus	sp	lower rt tooth			y														
	NSF-19-42	A3/L3	Mammalia	Lagomorpha	Leporidae		Sylvilagus	sp	upper lt tooth			y														
	NSF-19-43	A3/L3	Mammalia	Lagomorpha	Leporidae		Sylvilagus	sp	lower rt tooth			y														
	NSF-19-44	A3/L3	Mammalia	Lagomorpha	Leporidae		Sylvilagus	sp	upper rt tooth			y														
	NSF-19-45	A3/L3	Mammalia	Lagomorpha	Leporidae		Sylvilagus	sp	lower rt tooth			y														
	NSF-19-46	A3/L3	Mammalia	Lagomorpha	Leporidae		Sylvilagus	sp	upper lt tooth			y														
	NSF-19-47	A3/L3	Mammalia	Lagomorpha	Leporidae		Sylvilagus	sp	upper tooth frag			y														
	NSF-19-48	A3/L3	Mammalia	Lagomorpha	Leporidae		Sylvilagus	sp	lower lt tooth			y														
	NSF-19-49	A3/L3	Mammalia	Lagomorpha	Leporidae		Sylvilagus	audubonii	lower rt p3	subadult?	8/13/2019	y														
	NSF-19-50	A3/L3	Mammalia	Lagomorpha	Leporidae		Sylvilagus	sp	upper rt tooth			y														
	NSF-19-51	A3/L3	Mammalia	Lagomorpha	Leporidae		Sylvilagus	sp	upper rt tooth			y														
	NSF-19-52	A3/L3	Mammalia	Lagomorpha	Leporidae		Sylvilagus	sp	upper rt tooth			y														
	NSF-19-53	A3/L3	Mammalia	Lagomorpha	Leporidae		Sylvilagus	sp	upper tooth			y														
	NSF-19-54	A3/L3	Mammalia	Lagomorpha	Leporidae		Sylvilagus	sp	lower rt tooth			y														
	NSF-19-55	A3/L3	Mammalia	Lagomorpha	Leporidae		Sylvilagus	sp	upper lt tooth			y														
	NSF-19-56	A3/L3	Mammalia	Lagomorpha	Leporidae		Sylvilagus	sp	upper lt tooth			y														
	NSF-19-57	A3/L3	Mammalia	Lagomorpha	Leporidae		Sylvilagus	sp	lower lt tooth			y														
	NSF-19-58	A3/L3	Mammalia	Lagomorpha	Leporidae		Sylvilagus	sp	lower lt tooth			y														
	NSF-19-59	A3/L3	Mammalia	Lagomorpha	Leporidae		Sylvilagus	sp	lower rt tooth			y														
	NSF-19-60	A3/L3	Mammalia	Lagomorpha	Leporidae		Sylvilagus	sp	lower lt tooth			y														
	NSF-19-61	A3/L3	Mammalia	Lagomorpha	Leporidae		Sylvilagus	sp	upper tooth			y														
	NSF-19-62	A3/L3	Mammalia	Lagomorpha	Leporidae		Sylvilagus	sp	upper tooth frag			y														
	NSF-19-63	A3/L3	Mammalia	Lagomorpha	Leporidae		Sylvilagus	sp	lower rt tooth			y														
	NSF-19-64	A3/L3	Mammalia	Lagomorpha	Leporidae		Sylvilagus	sp	upper tooth frag			y														
	NSF-19-65	A3/L3	Mammalia	Lagomorpha	Leporidae		Sylvilagus	sp	lower p3 frag			y														
	NSF-19-66	A3/L3	Mammalia	Lagomorpha	Leporidae		Sylvilagus	sp	lower lt tooth			y														
	NSF-19-67	A3/L3	Mammalia	Lagomorpha	Leporidae		Sylvilagus	sp	lower lt tooth			y														
	NSF-19-68	A3/L3	Mammalia	Lagomorpha	Leporidae		Sylvilagus	sp	upper tooth frag			y														
	NSF-19-69	A3/L3	Mammalia	Lagomorpha	Leporidae		Sylvilagus	sp	lower m3			y														
	NSF-19-70	A3/L3	Mammalia	Lagomorpha	Leporidae		Sylvilagus	sp	lower rt tooth 			y														
	NSF-19-71	A3/L3	Mammalia	Lagomorpha	Leporidae		Sylvilagus	sp	upper tooth frag			y														
	NSF-19-72	A3/L3	Mammalia	Lagomorpha	Leporidae		Sylvilagus	sp	lower tooth frag	waterworn		y														
	NSF-19-73	A3/L3	Mammalia	Lagomorpha	Leporidae		Sylvilagus	sp	lower tooth frag			y														
	NSF-19-74	A3/L3	Mammalia	Lagomorpha	Leporidae		Sylvilagus	sp	lower tooth frag			y														
	NSF-19-75	A3/L3	Mammalia	Lagomorpha	Leporidae		Sylvilagus	sp	lower tooth frag			y														
	NSF-19-76	A3/L3	Mammalia	Rodentia	Cricetidae	Neotominae	Neotoma	sp	upper rt M3			y														
	NSF-19-77	A3/L3	Mammalia	Lagomorpha	Leporidae		Sylvilagus	sp	lower m3 frag			y														
	NSF-19-78	A3/L3	Mammalia	Carnivora	Canidae		Canis	latrans	rt dp2 frag		8/2/2019	y														
	NSF-19-79	A3/L3	Mammalia	Carnivora	Mustelidae	Mustelinae	Mustela	frenata	upper lt P4 frag			y														
	NSF-19-80	A3/L3	Mammalia	Carnivora	Mustelidae	Mustelinae	Mustela	frenata	rt I3		2/26/2019	y														
	NSF-19-81	A3/L3	Mammalia	Carnivora	Mustelidae	Mustelinae	Mustela	frenata	upper rt M1			y														
	NSF-19-82	A3/L3	Mammalia	Carnivora					Incisor frag		8/2/2019	y														
	NSF-19-83	A3/L3	Mammalia	Carnivora	Canidae				upper lt incisor frag		8/2/2019	y														
	NSF-19-84	A3/L3	Mammalia	Rodentia	Sciuridae	Xerinae	?Otospermophilus	beecheyi	lower lt m1/m2			y														
	NSF-19-85	A3/L3	Mammalia	Rodentia	Sciuridae	Xerinae	?Otospermophilus	beecheyi	upper lt P4 			y														
	NSF-19-86	A3/L3	Mammalia	Rodentia	Sciuridae	Xerinae	?Otospermophilus	beecheyi	lower rt m1/m2			y														
	NSF-19-87	A3/L3	Mammalia	Rodentia	Sciuridae	Xerinae	?Otospermophilus	beecheyi	lower lt m1/m2			y														
	NSF-19-88	A3/L3	Mammalia	Rodentia	Sciuridae	Xerinae	?Otospermophilus	beecheyi	partial lower rt molar			y														
	NSF-19-89	A3/L3	Mammalia	Rodentia	Sciuridae	Xerinae	?Otospermophilus	beecheyi	lower rt p4			y														
	NSF-19-90	A3/L3	Mammalia	Rodentia	Sciuridae	Xerinae	?Otospermophilus	beecheyi	lower rt m3			y														
	NSF-19-91	A3/L3	Mammalia	Rodentia	Sciuridae	Xerinae			lower lt p4	small for beechyi		y														
	NSF-19-92	A3/L3	Mammalia	Rodentia	Sciuridae	Xerinae	?Otospermophilus	beecheyi	lower lt m1/m2			y														
	NSF-19-93	A3/L3	Mammalia	Rodentia	Sciuridae	Xerinae	?Otospermophilus	beecheyi	lower rt p4			y														
	NSF-19-94	A3/L3	Mammalia	Rodentia	Sciuridae	Xerinae	?Otospermophilus	beecheyi	lower rt m3			y														
	NSF-19-95	A3/L3	Mammalia	Rodentia	Sciuridae	Xerinae	?Otospermophilus	beecheyi	partial lower lt molar			y														
	NSF-19-96	A3/L3	Mammalia	Rodentia	Sciuridae	Xerinae	?Otospermophilus	beecheyi	upper lt P4			y														
	NSF-19-97	A3/L3	Mammalia	Rodentia	Cricetidae	Neotominae	Peromyscus	sp	lt dentary w/ m2		7/29/2019	y														
	NSF-19-98	A3/L3	Mammalia	Rodentia	Cricetidae	Neotominae	Peromyscus	sp	upper rt m2	large - ~Pcal size	7/29/2019	y														
	NSF-19-99	A3/L3	Mammalia	Rodentia	Cricetidae	Neotominae			lower molar	"broken in 2 frags, worn"		y														
	NSF-19-100	A3/L3	Mammalia	Rodentia	Geomyidae	Thomomyinae	Thomomys	sp	partial upper M1/M2			y														
	NSF-19-101	A3/L3	Mammalia	Rodentia	Geomyidae	Thomomyinae	Thomomys	sp	lower lt m1/m2			y														
	NSF-19-102	A3/L3	Mammalia	Rodentia	Geomyidae/Heteromyidae				tooth	juv		y														
	NSF-19-103	A3/L3	Mammalia	Rodentia	Geomyidae/Heteromyidae				tooth frag			y														
	NSF-19-104	A3/L3	Mammalia	Rodentia	Geomyidae/Heteromyidae				tooth frag			y														
	NSF-19-105	A3/L3	Mammalia	Rodentia	Geomyidae	Thomomyinae	?Thomomys	sp	molar frag			y														
	NSF-19-106	A3/L3	Mammalia	Rodentia	Geomyidae/Heteromyidae				tooth frag			y														
	NSF-19-107	A3/L3	Mammalia	Rodentia	Cricetidae	Arvicolinae	Microtus	sp	partial upper rt M1			y														
	NSF-19-108	A3/L3	Mammalia	Rodentia	Cricetidae	Arvicolinae	Microtus	sp	lower lt m2	juv?		y														
	NSF-19-109	A3/L3	Mammalia	Rodentia	?Sciuridae				lower tooth frag			y														
	NSF-19-110	A3/L1	Mammalia	Lagomorpha	Leporidae		Sylvilagus	audubonii	lower rt p3	water-worn	8/13/2019	y														
	NSF-19-111	A3/L1	Mammalia	Lagomorpha	Leporidae		Sylvilagus	sp	lower lt p3	"simple-moderate crenulation, juv"		y														
	NSF-19-112	A3/L1	Mammalia	Lagomorpha	Leporidae		Sylvilagus	sp	upper tooth frag			y														
	NSF-19-113	A3/L1	Mammalia	Lagomorpha	Leporidae		Sylvilagus	sp	lower lt tooth			y														
	NSF-19-114	A3/L1	Mammalia	Lagomorpha	Leporidae		Sylvilagus	sp	lower rt tooth			y														
	NSF-19-115	A3/L1	Mammalia	Lagomorpha	Leporidae		Sylvilagus	sp	lower rt tooth frag			y														
	NSF-19-116	A3/L1	Mammalia	Lagomorpha	Leporidae		Sylvilagus	sp	upper tooth frag			y														
	NSF-19-117	A3/L1	Mammalia	Lagomorpha	Leporidae		?Sylvilagus	sp	tooth frag			y														
	NSF-19-118	A3/L1	Mammalia	Lagomorpha	Leporidae		Sylvilagus	sp	lower m3 frag			y														
	NSF-19-119	A3/L1	Mammalia	Rodentia	Cricetidae	Arvicolinae	Microtus	sp	upper rt M3 frag			y														
	NSF-19-120	A3/L1	Mammalia	Rodentia	Cricetidae	Arvicolinae	Microtus	sp	molar frag			y														
	NSF-19-121	A3/L1	Mammalia	Rodentia	Cricetidae	Arvicolinae	Microtus	sp	molar frag			y														
	NSF-19-122	A3/L1	Mammalia	Rodentia	Sciuridae	Xerinae	?Otospermophilus	beecheyi	upper rt P4			y														
	NSF-19-123	A3/L1	Mammalia	Rodentia	Sciuridae	Xerinae			partial upper lt M1/M2	"square/spatulate-shaped, large"		y														
	NSF-19-124	A3/L1	Mammalia	Rodentia	Sciuridae	Xerinae	?Otospermophilus	beecheyi	upper rt M1/M2			y														
	NSF-19-125	A3/L1	Mammalia	Rodentia	Sciuridae	Xerinae	?Otospermophilus	beecheyi	upper lt M3	worn		y														
	NSF-19-126	A3/L1	Mammalia	Rodentia	Sciuridae	Xerinae			lower lt p4	juv		y														
	NSF-19-127	A3/L1	Mammalia	Rodentia	Sciuridae	Xerinae	Tamias	sp	upper rt M1/M2			y														
	NSF-19-128	A3/L1	Mammalia	Rodentia	?Sciuridae	Xerinae			tooth frag			y														
	NSF-19-129	A3/L1	Mammalia	Carnivora	Mustelidae	Mustelinae	Mustela	frenata	rt P3		2/26/2019	y														
	NSF-19-130	A3/L1	Mammalia	Carnivora	Mephitidae		?Mephitis	mephitis	lower lt incisor		2/26/2019	y														
	NSF-19-131	A3/L1	Mammalia	Rodentia	Heteromyidae	Dipodomyinae	Dipodomys	sp	lower m1/m2	weathered		y														
	NSF-19-132	A3/L1	Mammalia	Rodentia	Heteromyidae	Dipodomyinae	Dipodomys	sp	partial lower m1/m2			y														
	NSF-19-133	A3/L1	Mammalia	Rodentia	Geomyidae/Heteromyidae				tooth frag			y														
	NSF-19-134	A3/L1	Mammalia	Rodentia	Geomyidae/Heteromyidae				tooth frag			y														
	NSF-19-135	A3/L1	Mammalia	Rodentia	Geomyidae/Heteromyidae				tooth frag			y														
	NSF-19-136	A3/L1	Mammalia	Rodentia	Cricetidae	Neotominae	Peromyscus	sp	upper lt M1	small accessory loph	7/29/2019	y														
	NSF-19-137	A3/L1	Mammalia	Rodentia	Cricetidae	Neotominae	Peromyscus	sp	lower rt m1	"surface covered, m1 grade 1+"	7/29/2019	y														
	NSF-19-138	A3/L1	Mammalia	Rodentia	Cricetidae	Neotominae	Peromyscus	sp	upper lt M1	surace covered	7/29/2019	y														
	NSF-19-139	A3/L1	Mammalia	Rodentia	Cricetidae	Neotominae	Peromyscus	sp	lower rt m1	"surface covered, m1 grade 0"	7/29/2019	y														
	NSF-19-140	A3/L1	Mammalia	Rodentia	Cricetidae	Neotominae	Peromyscus	sp	upper lt M2		7/29/2019	y														
	NSF-19-141	A3/L1	Mammalia	Rodentia	Cricetidae	Neotominae	Peromyscus	sp	upper lt M2		7/29/2019	y														
	NSF-19-142	A3/L1	Mammalia	Lagomorpha	Leporidae				lower m3	large for Sylvilagus		y														
	NSF-19-143	A2/L1	Mammalia	Rodentia	Cricetidae	Arvicolinae	Microtus	californicus	lower rt m1		2/5/2019	y														
	NSF-19-144	A2/L1	Mammalia	Rodentia	Cricetidae	Arvicolinae	cf Microtus	sp	molar frag			y														
	NSF-19-145	A2/L1	Mammalia	Lagomorpha	Leporidae		Sylvilagus	sp	lower tooth frag			y														
	NSF-19-146	A2/L1	Mammalia	Lagomorpha	Leporidae		Sylvilagus	sp	lower rt tooth			y														
	NSF-19-147	A2/L1	Mammalia	Lagomorpha	Leporidae		Sylvilagus	sp	upper tooth frag			y														
	NSF-19-148	A2/L1	Mammalia	Lagomorpha	Leporidae		Sylvilagus	sp	lower tooth frag			y														
	NSF-19-149	A2/L1	Mammalia	Lagomorpha	Leporidae		Sylvilagus	sp	upper tooth frag			y														
	NSF-19-150	A2/L1	Mammalia	Lagomorpha	Leporidae		?Sylvilagus	sp	tooth frag			y														
	NSF-19-151	A2/L1	Mammalia	Lagomorpha	Leporidae		?Sylvilagus	sp	tooth frag			y														
	NSF-19-152	A2/L1	Mammalia	Rodentia	Heteromyidae	Dipodomyinae	Dipodomys	sp	upper M1/M2			y														
	NSF-19-153	A2/L1	Mammalia	Rodentia	?Geomyidae				molar	juv?	2/5/2019	y														
	NSF-19-154	A2/L1	Mammalia	Rodentia	Geomyidae/Heteromyidae				tooth	juv		y														
	NSF-19-155	A2/L1	Mammalia	Rodentia	Cricetidae	Neotominae	Peromyscus	sp	lower lt m1	grade 0; juv? - large if juv	7/29/2019	y														
	NSF-19-156	A2/L1	Mammalia	Rodentia	Cricetidae	Neotominae	Peromyscus	sp	upper rt M1	small accessory loph	7/29/2019	y														
	NSF-19-157	A2/L1	Mammalia	Rodentia	Cricetidae	Neotominae	Peromyscus	sp	lower rt m2		7/29/2019	y														
	NSF-19-158	A2/L1	Mammalia	Rodentia	Cricetidae	Neotominae	?Peromyscus	sp	partial rt dentary		7/29/2019	y														
	NSF-19-159	A2/L1	Mammalia	Rodentia	Cricetidae	Neotominae	?Peromyscus	sp	rt maxilla frag		7/29/2019	y														
	NSF-19-160	A2/L1	Mammalia	Carnivora	Mustelidae	Mustelinae	Mustela	frenata	rt P4 frag		7/29/2019	y														
	NSF-19-161	A2/L1	Mammalia	Rodentia	Sciuridae	Xerinae	?Otospermophilus	beecheyi	lower lt p4			y														
	NSF-19-162	A2/L1	Mammalia	Rodentia	Sciuridae	Xerinae			lower p4 frag			y														
	NSF-19-163	A2/L1	Mammalia	Rodentia	?Sciuridae				tooth frag			y														
	NSF-19-164	A2/L1	Mammalia	Eulipotyphla	Soricidae	Soricinae			posterior lt dentary w/ m2			y														
	NSF-19-165	A2/L1	Mammalia	Rodentia	?Sciuridae				tooth frag			y														
	NSF-19-166	B2/L1	Mammalia	Lagomorpha	Leporidae		Sylvilagus	sp	lower rt tooth			y														
	NSF-19-167	B2/L1	Mammalia	Lagomorpha	Leporidae		Sylvilagus	sp	lower lt tooth			y														
	NSF-19-168	B2/L1	Mammalia	Lagomorpha	Leporidae		Sylvilagus	sp	upper rt P2			y														
	NSF-19-169	B2/L1	Mammalia	Lagomorpha	Leporidae		Sylvilagus	sp	upper tooth frag			y														
	NSF-19-170	B2/L1	Mammalia	Lagomorpha	Leporidae		Sylvilagus	sp	lower rt p3			y														
	NSF-19-171	B2/L1	Mammalia	Lagomorpha	Leporidae		Sylvilagus	sp	upper tooth frag			y														
	NSF-19-172	B2/L1	Mammalia	Lagomorpha	Leporidae		Sylvilagus	sp	upper tooth frag			y														
	NSF-19-173	B2/L1	Mammalia	Lagomorpha	Leporidae		Sylvilagus	sp	lower tooth frag			y														
	NSF-19-174	B2/L1	Mammalia	Lagomorpha	Leporidae		Sylvilagus	sp	upper tooth frag			y														
	NSF-19-175	B2/L1	Mammalia	Lagomorpha	Leporidae		Sylvilagus	sp	maxillay frag			y														
	NSF-19-176	B2/L1	Mammalia	Lagomorpha	Leporidae		Sylvilagus	sp	lt maxillary frag			y														
	NSF-19-177	B2/L1	Mammalia	Lagomorpha	Leporidae		Sylvilagus	sp	upper tooth frag			y														
	NSF-19-178	B2/L1	Mammalia	Lagomorpha	Leporidae		Sylvilagus	sp	upper tooth frag			y														
	NSF-19-179	B2/L1	Mammalia	Lagomorpha	Leporidae		?Sylvilagus	sp	tooth frag			y														
	NSF-19-180	B2/L1	Mammalia	Lagomorpha	Leporidae		?Sylvilagus	sp	tooth frag			y														
	NSF-19-181	B2/L1	Mammalia	Rodentia	Cricetidae	Neotominae	?Neotoma	sp	molar frag			y														
	NSF-19-182	B2/L1	Mammalia	Rodentia	Sciuridae	Xerinae	?Otospermophilus	beecheyi	upper lt M1/M2			y														
	NSF-19-183	B2/L1	Mammalia	Rodentia	Sciuridae	Xerinae	?Otospermophilus	beecheyi	upper rt M1/M2			y														
	NSF-19-184	B2/L1	Mammalia	Rodentia	Sciuridae	Xerinae	?Otospermophilus	beecheyi	upper lt M3			y														
	NSF-19-185	B2/L1	Mammalia	Rodentia	Sciuridae	Xerinae			upper tooth frag			y														
	NSF-19-186	B2/L1	Mammalia	Rodentia	Sciuridae	Xerinae	?Otospermophilus	beecheyi	partial lt dentary	no teeth		y														
	NSF-19-187	B2/L1	Mammalia	Rodentia	?Sciuridae				lower tooth frag			y														
	NSF-19-188	B2/L1	Mammalia	Rodentia	?Sciuridae				lower tooth frag			y														
	NSF-19-189	B2/L1	Mammalia	Rodentia	Geomyidae	Thomomyinae	?Thomomys	sp	molar	juv		y														
	NSF-19-190	B2/L1	Mammalia	Rodentia	Heteromyidae	Dipodomyinae	Dipodomys	sp	lower molar			y														
	NSF-19-191	B2/L1	Mammalia	Rodentia	Geomyidae/Heteromyidae				tooth	juv		y														
	NSF-19-192	B2/L1	Mammalia	Rodentia	?Geomyidae				tooth	juv	2/5/2019	y														
	NSF-19-193	B2/L1	Mammalia	Rodentia	Heteromyidae	Dipodomyinae	Dipodomys	sp	lower p4	juv?		y														
	NSF-19-194	B2/L1	Mammalia	Rodentia	Geomyidae/Heteromyidae				tooth	juv		y														
	NSF-19-195	B2/L1	Mammalia	Rodentia	Geomyidae/Heteromyidae				tooth frag			y														
	NSF-19-196	B2/L1	Mammalia	Rodentia	Geomyidae/Heteromyidae				tooth frag			y														
	NSF-19-197	B2/L1	Mammalia	Rodentia	Geomyidae/Heteromyidae				tooth frag			y														
	NSF-19-198	B2/L1	Mammalia	Rodentia	Geomyidae/Heteromyidae				tooth frag			y														
	NSF-19-199	B2/L1	Mammalia	Carnivora	Mustelidae	Mustelinae	Mustela	frenata	upper rt C1		7/29/2019	y														
	NSF-19-200	B2/L1	Mammalia	Rodentia	Cricetidae	Neotominae	Peromyscus	sp	upper rt M1	small accessory loph	7/29/2019	y														
	NSF-19-201	B2/L1	Mammalia	Rodentia	Cricetidae	Neotominae	?Peromyscus	sp	lower lt m2	juv?	7/29/2019	y														
	NSF-19-202	B2/L1	Mammalia	Rodentia	Cricetidae	Neotominae	Peromyscus	sp	upper lt M1	surface covered	7/29/2019	y														
	NSF-19-203	B2/L1	Mammalia	Rodentia	Cricetidae	Neotominae	Peromyscus	sp	lower rt m2		7/29/2019	y														
	NSF-19-204	B2/L1	Mammalia	Rodentia	Cricetidae	Neotominae	?Peromyscus	sp	lower lt m1	"grade 1+, surface covered"	7/29/2019	y														
	NSF-19-205	B2/L1	Mammalia	Rodentia	Cricetidae	Neotominae	Peromyscus	sp	lower lt m1	grade 1	7/29/2019	y														
	NSF-19-206	B2/L1	Mammalia	Rodentia	Cricetidae	Neotominae	?Peromyscus	sp	lower rt m1	grade 0	7/29/2019	y														
	NSF-19-207	B2/L1	Mammalia	Rodentia	Cricetidae	Neotominae	Peromyscus	sp	lower lt m1	grade 1	7/29/2019	y														
	NSF-19-208	B2/L1	Mammalia	Rodentia	Cricetidae	Neotominae	?Peromyscus	sp	upper lt M2		7/29/2019	y														
	NSF-19-209	B2/L1	Mammalia	Rodentia	Cricetidae	Neotominae	?Peromyscus	sp	upper lt M2		7/29/2019	y														
	NSF-19-210	B2/L1	Mammalia	Rodentia	Cricetidae	Neotominae	Peromyscus	sp	upper lt M1	small accessory loph	7/29/2019	y														
	NSF-19-211	B2/L1	Mammalia	Rodentia	Cricetidae	Neotominae	Peromyscus	sp	lower lt m2		7/29/2019	y														
	NSF-19-212	B2/L1	Mammalia	Rodentia	Cricetidae	Neotominae	Peromyscus	sp	lower rt m2		7/29/2019	y														
	NSF-19-213	B2/L1	Mammalia	Rodentia	Cricetidae	Neotominae	?Peromyscus	sp	lt maxillary frag		7/29/2019	y														
	NSF-19-214	B2/L1	Mammalia	Rodentia	Cricetidae	Neotominae	Peromyscus	sp	lower rt m1	grade 1	7/29/2019	y														
	NSF-19-215	B2/L1	Mammalia	Rodentia	Cricetidae	Neotominae	Peromyscus	sp	lower lt m2	juv?	7/29/2019	y														
	NSF-19-216	B3/L1	Mammalia	Rodentia	Cricetidae	Neotominae	Peromyscus	sp	upper lt M1	small ant and post accessory lophs; large	7/29/2019	y														
	NSF-19-217	B3/L1	Mammalia	Rodentia	Cricetidae	Neotominae	Peromyscus	sp	lower lt m1	grade 0-1	7/29/2019	y														
	NSF-19-218	B3/L1	Mammalia	Rodentia	Cricetidae	Neotominae	Peromyscus	sp	lower lt m2	juv?	7/29/2019	y														
	NSF-19-219	B3/L1	Mammalia	Rodentia					rt anterior dentary frag			y														
	NSF-19-220	B3/L1	Mammalia	Carnivora	Canidae		Canis	dirus	rt DP3		2/26/2019	y														
	NSF-19-221	B3/L1	Mammalia	Rodentia	Cricetidae	Arvicolinae	Microtus	californicus	lower rt m1		2/5/2019	y														
	NSF-19-222	B3/L1	Mammalia	Rodentia	Heteromyidae	Dipodomyinae	Dipodomys	sp	lower rt p4			y														
	NSF-19-223	B3/L1	Mammalia	Rodentia	Geomyidae/Heteromyidae				tooth	juv		y														
	NSF-19-224	B3/L1	Mammalia	Rodentia	Heteromyidae	Dipodomyinae	Dipodomys	sp	molar			y														
	NSF-19-225	B3/L1	Mammalia	Rodentia	Geomyidae/Heteromyidae				tooth frag			y														
	NSF-19-226	B3/L1	Mammalia	Lagomorpha	Leporidae		Sylvilagus	sp	upper tooth frag			y														
	NSF-19-227	B3/L1	Mammalia	Rodentia	Cricetidae	Arvicolinae	Microtus	sp	lower rt m1 frag			y														
	NSF-19-228	B3/L1	Mammalia	Lagomorpha	Leporidae		Sylvilagus	sp	tooth frag			y														
	NSF-19-229	B3/L1	Mammalia	Rodentia	Sciuridae	Xerinae			lower rt p4	small for beecheyi		y														
	NSF-19-230	B3/L1	Mammalia	Rodentia	Sciuridae	Xerinae			lower rt p4	small for beecheyi		y														
	NSF-19-231	B3/L1	Mammalia	Rodentia	Sciuridae	Xerinae			lower molar frag			y														
	NSF-19-232	B3/L1	Mammalia	Rodentia	Sciuridae	Xerinae			lower tooth frag			y														
	NSF-19-233	B3/L1	Mammalia	Rodentia	?Sciuridae				tooth frag			y														
	NSF-19-234	B3/L1	Mammalia	?Rodentia					lt anterior dentary frag			y														
	NSF-19-235	A2/L2	Mammalia	Rodentia	Cricetidae	Arvicolinae	Microtus	californicus	lower rt m1			y														
	NSF-19-236	A2/L2	Mammalia	Rodentia	Cricetidae	Arvicolinae	Microtus	sp	partial lower lt m1			y														
	NSF-19-237	A2/L2	Mammalia	Rodentia	Cricetidae	Arvicolinae	Microtus	sp	upper rt M2			y														
	NSF-19-238	A2/L2	Mammalia	Rodentia	Cricetidae	Arvicolinae	Microtus	sp	rt dentary frag			y														
	NSF-19-239	A2/L2	Mammalia	Rodentia	Cricetidae	Arvicolinae	Microtus	sp	lower rt m1 frag			y														
	NSF-19-240	A2/L2	Mammalia	Rodentia	Cricetidae	Arvicolinae	cf Microtus	sp	molar frag			y														
	NSF-19-241	A2/L2	Mammalia	Rodentia	Cricetidae	Arvicolinae	cf Microtus	sp	molar frag			y														
	NSF-19-242	A2/L2	Mammalia	Rodentia	Sciuridae	Xerinae	?Otospermophilus	beecheyi	lower rt p4			y														
	NSF-19-243	A2/L2	Mammalia	Rodentia	Sciuridae	Xerinae	?Otospermophilus	beecheyi	lower lt m1/m2			y														
	NSF-19-244	A2/L2	Mammalia	Rodentia	Sciuridae	Xerinae	cf Tamias	sp	lower rt dp4			y														
	NSF-19-245	A2/L2	Mammalia	Rodentia	Sciuridae	Xerinae			upper tooth frag			y														
	NSF-19-246	A2/L2	Mammalia	Rodentia	Sciuridae	Xerinae			upper tooth frag			y														
	NSF-19-247	A2/L2	Mammalia	Rodentia	Sciuridae	Xerinae			lower tooth frag			y														
	NSF-19-248	A2/L2	Mammalia	Rodentia	Sciuridae	Xerinae			upper tooth frag			y														
	NSF-19-249	A2/L2	Mammalia	Rodentia	Sciuridae	Xerinae			lower tooth frag			y														
	NSF-19-250	A2/L2	Mammalia	Carnivora	Mustelidae	Mustelinae	Mustela	frenata	lower lt p2		2/26/2019	y														
	NSF-19-251	A2/L2	Mammalia	Carnivora	Mustelidae	Mustelinae	Mustela	frenata	lower lt p3			y														
	NSF-19-252	A2/L2	Mammalia	Carnivora	Mustelidae	Mustelinae	Mustela	frenata	lt I3		2/26/2019	y														
	NSF-19-253	A2/L2	Mammalia	Rodentia	Cricetidae	Neotominae	Peromyscus	sp	upper lt M1		7/29/2019	y														
	NSF-19-254	A2/L2	Mammalia	Rodentia	Cricetidae	Neotominae	Peromyscus	sp	lower lt m2		7/29/2019	y														
	NSF-19-255	A2/L2	Mammalia	Rodentia	Cricetidae	Neotominae	Peromyscus	?maniculatus	lower rt m1	"grade 0, small anteroconid"	7/29/2019	y														
	NSF-19-256	A2/L2	Mammalia	Rodentia	Cricetidae	Neotominae	Peromyscus	sp	lower rt m1	"grade 0, worn"	7/29/2019	y														
	NSF-19-257	A2/L2	Mammalia	Rodentia	Cricetidae	Neotominae	Peromyscus	sp	lower lt m1	"grade 0, worn"	7/29/2019	y														
	NSF-19-258	A2/L2	Mammalia	Rodentia	Cricetidae	Neotominae	Peromyscus	sp	upper lt M1	weathered	7/29/2019	y														
	NSF-19-259	A2/L2	Mammalia	Rodentia	Cricetidae	Neotominae	Peromyscus	sp	lower lt m1	anterior chipped away	7/29/2019	y														
	NSF-19-260	A2/L2	Mammalia	Rodentia	Cricetidae	Neotominae	Peromyscus	sp	lower rt m2		7/29/2019	y														
	NSF-19-261	A2/L2	Mammalia	Rodentia	Cricetidae	Neotominae	Peromyscus	?maniculatus	lower lt m1	"small anteroconid, grade 0"	7/29/2019	y														
	NSF-19-262	A2/L2	Mammalia	Rodentia	Cricetidae	Neotominae	Peromyscus	sp	lower rt m2		7/29/2019	y														
	NSF-19-263	A2/L2	Mammalia	Rodentia	Cricetidae	Neotominae	Peromyscus	sp	upper rt M1	small accessory loph	7/29/2019	y														
	NSF-19-264	A2/L2	Mammalia	Rodentia	Cricetidae	Neotominae	Peromyscus	sp	upper lt M2		7/29/2019	y														
	NSF-19-265	A2/L2	Mammalia	Rodentia	Heteromyidae	Dipodomyinae	Dipodomys	sp	lower lt p4			y														
	NSF-19-266	A2/L2	Mammalia	Rodentia	Geomyidae/Heteromyidae				tooth frag			y														
	NSF-19-267	A2/L2	Mammalia	Rodentia	Geomyidae/Heteromyidae				tooth frag			y														
	NSF-19-268	A2/L2	Mammalia	Lagomorpha	Leporidae		Sylvilagus	sp	upper tooth frag			y														
	NSF-19-269	A2/L2	Mammalia	Lagomorpha	Leporidae		Sylvilagus	sp	upper lt P2			y														
	NSF-19-270	A2/L2	Mammalia	Lagomorpha	Leporidae		Sylvilagus	audubonii	partial lt p3	juv?		y														
	NSF-19-271	A2/L2	Mammalia	Lagomorpha	Leporidae		Sylvilagus	sp	upper rt tooth	juv?		y														
	NSF-19-272	A2/L2	Mammalia	Lagomorpha	Leporidae		Sylvilagus	sp	lower tooth frag			y														
	NSF-19-273	A2/L2	Mammalia	Lagomorpha	Leporidae		Sylvilagus	sp	lower tooth frag			y														
	NSF-19-274	A2/L2	Mammalia	Lagomorpha	Leporidae		Sylvilagus	sp	lower m3			y														
	NSF-19-275	A2/L2	Mammalia	Lagomorpha	Leporidae		Sylvilagus	sp	lower tooth frag			y														
	NSF-19-276	A2/L2	Mammalia	Lagomorpha	Leporidae		Sylvilagus	sp	tooth frag			y														
	NSF-19-277	A2/L2	Mammalia	Lagomorpha	Leporidae		Sylvilagus	sp	upper tooth frag			y														
LACMP23-39811	NSF-19-278	B2/L3	Mammalia	Lagomorpha	Leporidae		Sylvilagus	audubonii	"lt anterior dentary frag w/ p3,p4,m2"			y														
LACMP23-39812	NSF-19-279	B2/L3	Mammalia	Lagomorpha	Leporidae		Sylvilagus	sp	lt posterior dentary frag w/ m1-m2			y														
LACMP23-39813	NSF-19-280	B2/L3	Mammalia	Lagomorpha	Leporidae		Sylvilagus	sp	rt posterior dentary frag w/ m1			y														
LACMP23-39814	NSF-19-281	B2/L3	Mammalia	Lagomorpha	Leporidae		Sylvilagus	sp	lt anterior dentary frag			y														
LACMP23-39815	NSF-19-282	B2/L3	Mammalia	Lagomorpha	Leporidae		Sylvilagus	cf audubonii	lt maxilla w/ P3-M2			y														
LACMP23-39816	NSF-19-283	B2/L3	Mammalia	Lagomorpha	Leporidae		Sylvilagus	sp	rt maxilla w/ P3+M1	juv?		y														
LACMP23-39817	NSF-19-284	B2/L3	Mammalia	Rodentia	Sciuridae	Xerinae	cf Otospermophilus	beecheyi	rt maxilla frag			y														
LACMP23-39818	NSF-19-285	B3/L2-T1	Mammalia	Lagomorpha	Leporidae		Sylvilagus	sp	lt posterior dentary frag w p4			y														
LACMP23-39819	NSF-19-286	B3/L2-T1	Mammalia	Lagomorpha	Leporidae		Sylvilagus	audubonii	rt anterior dentary frag w/ p3-m1			y														
LACMP23-39820	NSF-19-287	B3/L2-T1	Mammalia	Lagomorpha	Leporidae		Sylvilagus	audubonii	rt anterior dentary frag w/ p3-m2	8/13/2019		y														
LACMP23-39821	NSF-19-288	B3/L2-T1	Mammalia	Lagomorpha	Leporidae		Sylvilagus	sp	rt anterior dentary frag w/ m1			y														
LACMP23-39822	NSF-19-289	B3/L2-T1	Mammalia	Lagomorpha	Leporidae		Sylvilagus	sp	lt dentary frag w/ p4-m2			y														
LACMP23-39823	NSF-19-290	B3/L2-T1	Mammalia	Lagomorpha	Leporidae		Sylvilagus	sp	rt posterior dentary frag w/ m1-m2			y														
LACMP23-39824	NSF-19-291	B3/L2-T1	Mammalia	Rodentia	Sciuridae	Xerinae	?Otospermophilus	beecheyi	lt anterior dentary frag w/ p4			y														
LACMP23-39825	NSF-19-292	B3/L2-T2	Mammalia	Rodentia	Sciuridae	Xerinae	?Otospermophilus	beecheyi	lt dentary w/ i1	juv?		y														
LACMP23-39826	NSF-19-293	B3/L2-T2	Mammalia	Lagomorpha	Leporidae		Sylvilagus	sp	rt maxillary frag w/ P4			y														
LACMP23-39827	NSF-19-294	B3/L2-T1	Mammalia	Rodentia	Sciuridae	Xerinae	?Otospermophilus	beecheyi	lt dentary frag	juv?		y														
LACMP23-39828	NSF-19-295	B3/L3-T1	Mammalia	Lagomorpha	Leporidae		Sylvilagus	sp	lt maxilla w/ P3+M1			y														
LACMP23-39829	NSF-19-296	B3/L3-T1	Mammalia	Lagomorpha	Leporidae		Sylvilagus	sp	rt maxilla 			y														
LACMP23-39830	NSF-19-297	B3/L3-T1	Mammalia	Rodentia	Sciuridae	Xerinae	?Otospermophilus	beecheyi	lt dentary w/ m1			y														
LACMP23-39831	NSF-19-298	B3/L3-T1	Mammalia	Rodentia	Sciuridae	Xerinae	?Otospermophilus	beecheyi	"rt maxilla w/ dP4, unerupted P4, and M1"	juv		y														
LACMP23-39832	NSF-19-299	B3/L3-T1	Mammalia	Rodentia	Sciuridae	Xerinae	?Otospermophilus	beecheyi	rt maxilla frag			y														
LACMP23-39833	NSF-19-300	B3/L3-T1	Mammalia	Carnivora	Mustelidae	Mustelinae	Mustela	frenata	rt dentary w/ m1			y														
LACMP23-39834	NSF-19-301	B3/L3-T1	Mammalia	Carnivora	Mustelidae	Mustelinae	Mustela	frenata	lt dentary frag w/ m1			y														
	NSF-19-302	A3/L2	Mammalia	Rodentia	Cricetidae	Neotominae	Peromyscus	?maniculatus	lt M1	"large accessory lophs, worn"	7/29/2019	y														
	NSF-19-303	A3/L2	Mammalia	Rodentia	Cricetidae	Neotominae	Peromyscus	sp	rt M1	small accessory loph	7/29/2019	y														
	NSF-19-304	A3/L2	Mammalia	Rodentia	Cricetidae	Neotominae	Peromyscus	sp	rt M1	small accessory loph	7/29/2019	y														
	NSF-19-305	A3/L2	Mammalia	Rodentia	Cricetidae	Neotominae	Peromyscus	sp	lt m1	"worn, grade 0"	7/29/2019	y														
	NSF-19-306	A3/L2	Mammalia	Rodentia	Cricetidae	Neotominae	Peromyscus	?maniculatus	rt m1	"grade 0, small anteroconid"	7/29/2019	y														
	NSF-19-307	A3/L2	Mammalia	Rodentia	Cricetidae	Neotominae	Peromyscus	sp	lt m1	grade 0	7/29/2019	y														
	NSF-19-308	A3/L2	Mammalia	Rodentia	Cricetidae	Neotominae	?Peromyscus	maniculatus	rt m1	"grade 0, small anteroconid, slighly small for Pman"	7/29/2019	y														
	NSF-19-309	A3/L2	Mammalia	Rodentia	Cricetidae	Neotominae	Peromyscus	sp	rt m1	grade 1-2	7/29/2019	y														
	NSF-19-310	A3/L2	Mammalia	Rodentia	Cricetidae	Neotominae	Peromyscus	?maniculatus	lt m1	"grade 0, small anteroconid"	7/29/2019	y														
	NSF-19-311	A3/L2	Mammalia	Rodentia	Cricetidae	Neotominae	Peromyscus	sp	lt m1	grade 1-2	7/29/2019	y														
	NSF-19-312	A3/L2	Mammalia	Rodentia	Cricetidae	Neotominae	Peromyscus	sp	rt m1	grade 1-2	7/29/2019	y														
	NSF-19-313	A3/L2	Mammalia	Rodentia	Cricetidae	Neotominae	Peromyscus	sp	lt m1	grade 0	7/29/2019	y														
	NSF-19-314	A3/L2	Mammalia	Rodentia	Cricetidae	Neotominae	?Peromyscus	sp	lt dentary		7/29/2019	y														
	NSF-19-315	A3/L2	Mammalia	Rodentia	Cricetidae	Neotominae	Peromyscus	sp	lt m1	"trefoil anteroconid, grade 2"	7/29/2019	y														
	NSF-19-316	A3/L2	Mammalia	Rodentia	Cricetidae	Neotominae			rt m1	"worn, grade 0, posterior broken"	7/29/2019	y														
	NSF-19-317	A3/L2	Mammalia	Rodentia	Cricetidae	Neotominae			partial rt m1	grade 1	7/29/2019	y														
	NSF-19-318	A3/L2	Mammalia	Rodentia	Cricetidae	Neotominae			m1 frag		7/29/2019	y														
	NSF-19-319	A3/L2	Mammalia	Rodentia	Cricetidae	Neotominae	?Peromyscus	sp	partial lt M1		7/29/2019	y														
	NSF-19-320	A3/L2	Mammalia	Rodentia	Cricetidae	Neotominae			lt m2	size intermediate b/w Pman and Reithro	7/29/2019	y														
	NSF-19-321	A3/L2	Mammalia	Rodentia	Cricetidae	Neotominae			lt m2	"small for Pman, juv?"	7/29/2019	y														
	NSF-19-322	A3/L2	Mammalia	Rodentia	Cricetidae	Neotominae	Peromyscus	sp	lt m2		7/29/2019	y														
	NSF-19-323	A3/L2	Mammalia	Rodentia	Cricetidae	Neotominae			rt m2	size intermediate b/w Pman and Reithro	7/29/2019	y														
	NSF-19-324	A3/L2	Mammalia	Rodentia	Cricetidae	Neotominae			rt m2	size intermediate b/w Pman and Reithro	7/29/2019	y														
	NSF-19-325	A3/L2	Mammalia	Rodentia	Cricetidae	Neotominae			lt m2	"worn, size intermediate b/w Pman and Reithro"	7/29/2019	y														
	NSF-19-326	A3/L2	Mammalia	Rodentia	Cricetidae	Neotominae	Peromyscus	sp	rt m2		7/29/2019	y														
	NSF-19-327	A3/L2	Mammalia	Rodentia	Cricetidae	Neotominae	Peromyscus	sp	lt m2		7/29/2019	y														
	NSF-19-328	A3/L2	Mammalia	Rodentia	Cricetidae	Neotominae	Peromyscus	sp	rt m2		7/29/2019	y														
	NSF-19-329	A3/L2	Mammalia	Rodentia	Cricetidae	Neotominae	Peromyscus	sp	rt m2		7/29/2019	y														
	NSF-19-330	A3/L2	Mammalia	Rodentia	Heteromyidae	Dipodomyinae	Dipodomys	sp	lt? p4			y														
	NSF-19-331	A3/L2	Mammalia	Rodentia	Heteromyidae	Dipodomyinae	Dipodomys	sp	molar			y														
	NSF-19-332	A3/L2	Mammalia	Rodentia	Geomyidae/Heteromyidae				tooth frag			y														
	NSF-19-333	A3/L2	Mammalia	Rodentia	Geomyidae/Heteromyidae				tooth	juv		y														
	NSF-19-334	A3/L2	Mammalia	Rodentia	Geomyidae/Heteromyidae				tooth	juv		y														
	NSF-19-335	A3/L2	Mammalia	Rodentia	Geomyidae/Heteromyidae				tooth frag	juv		y														
	NSF-19-336	A3/L2	Mammalia	Rodentia	Geomyidae/Heteromyidae				tooth frag	juv		y														
	NSF-19-337	A3/L2	Mammalia	Rodentia	Heteromyidae				p4	juv		y														
	NSF-19-338	A3/L2	Mammalia	Carnivora					partial premolar?			y														
	NSF-19-339	A3/L2	Mammalia	Carnivora	Mustelidae	Mustelinae	Mustela	frenata	lt p3		8/2/2019	y														
	NSF-19-340	A3/L2	Mammalia	Carnivora	Mephitidae		?Mephitis	mephitis	partial rt p2	maybe Spilo??	2/26/2019	y														
	NSF-19-341	A3/L2	Mammalia	Rodentia	Sciuridae	Xerinae	Tamias	cf merriami	rt p4			y														
	NSF-19-342	A3/L2	Mammalia	Rodentia	Sciuridae	Xerinae	?Otospermophilus	beecheyi	rt dp4			y														
	NSF-19-343	A3/L2	Mammalia	Rodentia	Sciuridae	Xerinae	?Otospermophilus	beecheyi	rt dp4			y														
	NSF-19-344	A3/L2	Mammalia	Rodentia	Sciuridae	Xerinae	?Otospermophilus	beecheyi	rt m1/m2			y														
	NSF-19-345	A3/L2	Mammalia	Rodentia	Sciuridae	Xerinae	?Otospermophilus	beecheyi	lt M1/M2			y														
	NSF-19-346	A3/L2	Mammalia	Rodentia	Sciuridae	Xerinae	?Otospermophilus	beecheyi	lt M1/M2			y														
	NSF-19-347	A3/L2	Mammalia	Rodentia	Sciuridae	Xerinae	?Otospermophilus	beecheyi	lt M1/M2			y														
	NSF-19-348	A3/L2	Mammalia	Rodentia	Sciuridae	Xerinae	?Otospermophilus	beecheyi	lt M1/M2			y														
	NSF-19-349	A3/L2	Mammalia	Rodentia	Sciuridae	Xerinae	?Otospermophilus	beecheyi	rt M3			y														
	NSF-19-350	A3/L2	Mammalia	Rodentia	Sciuridae	Xerinae	?Otospermophilus	beecheyi	rt M3 frag			y														
	NSF-19-351	A3/L2	Mammalia	Rodentia	Sciuridae	Xerinae	?Otospermophilus	beecheyi	lt M3 frag			y														
	NSF-19-352	A3/L2	Mammalia	Rodentia	Sciuridae	Xerinae	?Otospermophilus	beecheyi	lt P4 frag			y														
	NSF-19-353	A3/L2	Mammalia	Rodentia	Sciuridae	Xerinae	?Otospermophilus	beecheyi	rt P4			y														
	NSF-19-354	A3/L2	Mammalia	Rodentia	Sciuridae	Xerinae	?Otospermophilus	beecheyi	rt P4 frag			y														
	NSF-19-355	A3/L2	Mammalia	Rodentia	Sciuridae	Xerinae			upper tooth frag			y														
	NSF-19-356	A3/L2	Mammalia	Rodentia	Sciuridae	Xerinae			upper tooth frag			y														
	NSF-19-357	A3/L2	Mammalia	Rodentia	Sciuridae	Xerinae			upper tooth frag			y														
	NSF-19-358	A3/L2	Mammalia	Rodentia	Sciuridae	Xerinae			upper tooth frag			y														
	NSF-19-359	A3/L2	Mammalia	Rodentia	Geomyidae	Thomomyinae	Thomomys	cf bottae	rt p4			y														
	NSF-19-360	A3/L2	Mammalia	Lagomorpha	Leporidae		Sylvilagus	sp	upper tooth	juv		y														
	NSF-19-361	A3/L2	Mammalia	Rodentia	Cricetidae	Neotominae	Neotoma	sp	lower lt molar (m2?)	juv		y														
	NSF-19-362	A3/L2	Mammalia	Rodentia	Cricetidae	Neotominae	Neotoma	sp	molar frag (lt M1?)			y														
	NSF-19-363	A3/L2	Mammalia	Rodentia	Cricetidae	Arvicolinae	Microtus	sp	lower molar frag			y														
	NSF-19-364	A3/L2	Mammalia	Rodentia	Cricetidae	Arvicolinae	Microtus	sp	lower molar frag			y														
	NSF-19-365	A3/L2	Mammalia	Rodentia	Cricetidae	Arvicolinae	Microtus	sp	lower molar frag			y														
	NSF-19-366	A3/L2	Mammalia	Rodentia	Cricetidae	Arvicolinae	Microtus	sp	lower molar frag			y														
	NSF-19-367	A3/L2	Mammalia	Rodentia	Cricetidae	Arvicolinae	Microtus	sp	lower molar frag			y														
	NSF-19-368	A3/L2	Mammalia	Rodentia	Cricetidae	Arvicolinae	Microtus	sp	lower molar frag			y														
	NSF-19-369	A3/L2	Mammalia	Rodentia	Cricetidae	Arvicolinae	Microtus	sp	lower molar frag			y														
	NSF-19-370	A3/L2	Mammalia	Rodentia	Cricetidae	Arvicolinae	Microtus	sp	lower molar frag			y														
	NSF-19-371	A3/L2	Mammalia	Rodentia	Cricetidae	Arvicolinae	Microtus	sp	lower molar frag			y														
	NSF-19-372	A3/L2	Mammalia	Rodentia	Cricetidae	Arvicolinae	Microtus	sp	lower molar frag			y														
	NSF-19-373	A3/L2	Mammalia	Rodentia	Cricetidae	Arvicolinae	Microtus	sp	lower molar frag			y														
	NSF-19-374	A3/L2	Mammalia	Rodentia	Cricetidae	Arvicolinae	Microtus	sp	lower molar frag			y														
	NSF-19-375	A3/L2	Mammalia	Rodentia	Cricetidae	Arvicolinae	Microtus	sp	lower molar frag			y														
	NSF-19-376	A3/L2	Mammalia	Rodentia	Cricetidae	Arvicolinae	Microtus	sp	lt m1			y														
	NSF-19-377	A3/L2	Mammalia	Rodentia	Cricetidae	Arvicolinae	Microtus	sp	lt m1			y														
	NSF-19-378	A3/L2	Mammalia	Rodentia	Cricetidae	Arvicolinae	Microtus	sp	partial lt m1			y														
	NSF-19-379	A3/L2	Mammalia	Rodentia	Cricetidae	Arvicolinae	Microtus	sp	partial rt m1			y														
	NSF-19-380	A3/L2	Mammalia	Rodentia	Cricetidae	Arvicolinae	Microtus	sp	rt m1 frag			y														
	NSF-19-381	A3/L2	Mammalia	Rodentia	Cricetidae	Arvicolinae	Microtus	sp	rt m1 frag			y														
	NSF-19-382	A3/L2	Mammalia	Rodentia	Cricetidae	Arvicolinae	Microtus	sp	rt m3			y														
	NSF-19-383	A3/L2	Mammalia	Rodentia	Cricetidae	Arvicolinae	Microtus	sp	lt M1	juv?		y														
	NSF-19-384	A3/L2	Mammalia	Rodentia	Cricetidae	Arvicolinae	Microtus	sp	rt M1			y														
	NSF-19-385	A3/L2	Mammalia	Rodentia	Cricetidae	Arvicolinae	Microtus	sp	lt M2			y														
	NSF-19-386	A3/L2	Mammalia	Rodentia	Cricetidae	Arvicolinae	Microtus	sp	rt M2			y														
	NSF-19-387	A3/L2	Mammalia	Rodentia	Cricetidae	Arvicolinae	Microtus	sp	rt M2			y														
	NSF-19-388	A3/L2	Mammalia	Rodentia	Cricetidae	Arvicolinae	Microtus	sp	lt M3 			y														
	NSF-19-389	A3/L2	Mammalia	Rodentia	Cricetidae	Arvicolinae	Microtus	sp	lt M3 			y														
	NSF-19-390	A3/L2	Mammalia	Rodentia	Cricetidae	Arvicolinae	Microtus	sp	lt M3 			y														
	NSF-19-391	A3/L2	Mammalia	Rodentia	Cricetidae	Arvicolinae	Microtus	sp	rt m3			y														
	NSF-19-392	A3/L2	Mammalia	Rodentia	Cricetidae	Arvicolinae	Microtus	sp	rt m3			y														
	NSF-19-393	A3/L2	Mammalia	Rodentia	Cricetidae	Arvicolinae	Microtus	sp	molar frag			y														
	NSF-19-394	A3/L2	Mammalia	Lagomorpha	Leporidae		?Sylvilagus	sp				y														
	NSF-19-395	A3/L2	Mammalia	Lagomorpha	Leporidae		?Sylvilagus	sp				y														
	NSF-19-396	A3/L2	Mammalia	Lagomorpha	Leporidae		Sylvilagus	audubonii	partial rt p3	waterworn		y														
	NSF-19-397	A3/L2	Mammalia	Lagomorpha	Leporidae		Sylvilagus	?audubonii	lt p3	waterworn		y														
	NSF-19-398	A3/L2	Mammalia	Lagomorpha	Leporidae		Sylvilagus	sp	lower lt tooth			y														
	NSF-19-399	A3/L2	Mammalia	Lagomorpha	Leporidae		Sylvilagus	sp	lower rt tooth			y														
	NSF-19-400	A3/L2	Mammalia	Lagomorpha	Leporidae		Sylvilagus	sp	lower lt tooth			y														
	NSF-19-401	A3/L2	Mammalia	Lagomorpha	Leporidae		Sylvilagus	sp	lower rt tooth			y														
	NSF-19-402	A3/L2	Mammalia	Lagomorpha	Leporidae		Sylvilagus	sp	m3			y														
	NSF-19-403	A3/L2	Mammalia	Lagomorpha	Leporidae		Sylvilagus	sp	lower tooth frag			y														
	NSF-19-404	A3/L2	Mammalia	Lagomorpha	Leporidae		Sylvilagus	sp	lower tooth frag			y														
	NSF-19-405	A3/L2	Mammalia	Lagomorpha	Leporidae		Sylvilagus	sp	lower tooth frag			y														
	NSF-19-406	A3/L2	Mammalia	Lagomorpha	Leporidae		Sylvilagus	sp	lower tooth frag			y														
	NSF-19-407	A3/L2	Mammalia	Lagomorpha	Leporidae		Sylvilagus	sp	lower tooth frag			y														
	NSF-19-408	A3/L2	Mammalia	Lagomorpha	Leporidae		Sylvilagus	sp	lower tooth frag			y														
	NSF-19-409	A3/L2	Mammalia	Lagomorpha	Leporidae		Sylvilagus	sp	lower tooth frag			y														
	NSF-19-410	A3/L2	Mammalia	Lagomorpha	Leporidae		Sylvilagus	sp	lt P2			y														
	NSF-19-411	A3/L2	Mammalia	Lagomorpha	Leporidae		Sylvilagus	sp	lt P2	juv?		y														
	NSF-19-412	A3/L2	Mammalia	Lagomorpha	Leporidae		Sylvilagus	sp	upper lt tooth			y														
	NSF-19-413	A3/L2	Mammalia	Lagomorpha	Leporidae		Sylvilagus	sp	upper lt tooth			y														
	NSF-19-414	A3/L2	Mammalia	Lagomorpha	Leporidae		Sylvilagus	sp	upper right tooth	juv		y														
	NSF-19-415	A3/L2	Mammalia	Lagomorpha	Leporidae		Sylvilagus	sp	upper tooth frag			y														
	NSF-19-416	A3/L2	Mammalia	Lagomorpha	Leporidae		Sylvilagus	sp	upper tooth frag			y														
	NSF-19-417	A3/L2	Mammalia	Lagomorpha	Leporidae		Sylvilagus	sp	upper tooth frag			y														
	NSF-19-418	A3/L2	Mammalia	Lagomorpha	Leporidae		Sylvilagus	sp	upper tooth frag			y														
	NSF-19-419	A3/L2	Mammalia	Lagomorpha	Leporidae		Sylvilagus	sp	upper tooth frag			y														
	NSF-19-420	A3/L2	Mammalia	Lagomorpha	Leporidae		Sylvilagus	sp	upper tooth frag			y														
	NSF-19-421	A3/L2	Mammalia	Lagomorpha	Leporidae		Sylvilagus	sp	upper tooth frag			y														
	NSF-19-422	A3/L2	Mammalia	Lagomorpha	Leporidae		Sylvilagus	sp	upper tooth frag			y														
	NSF-19-423	A3/L2	Mammalia	Lagomorpha	Leporidae		Sylvilagus	sp	upper tooth frag			y														
	NSF-19-424	B2/L2	Mammalia	Rodentia	Cricetidae	Neotominae	Peromyscus	sp	rt m1	grade 0	7/29/2019	y														
	NSF-19-425	B2/L2	Mammalia	Rodentia	Cricetidae	Neotominae	Peromyscus	?maniculatus	lt m1	"grade 0, small anteroconid"	7/29/2019	y														
	NSF-19-426	B2/L2	Mammalia	Rodentia	Cricetidae	Neotominae	Peromyscus              sp	sp	lt m1	"juv?, grade 0"	7/29/2019	y														
	NSF-19-427	B2/L2	Mammalia	Rodentia	Cricetidae	Neotominae	Peromyscus              sp	sp	lt m1	"juv?, grade 0"	7/29/2019	y														
	NSF-19-428	B2/L2	Mammalia	Rodentia	Cricetidae	Neotominae	Peromyscus              sp	sp	lt m1	grade 0	7/29/2019	y														
	NSF-19-429	B2/L2	Mammalia	Rodentia	Cricetidae	Neotominae	Peromyscus              sp	sp	rt m1	grade 0	7/29/2019	y														
	NSF-19-430	B2/L2	Mammalia	Rodentia	Cricetidae	Neotominae	Peromyscus              sp	sp	lt m2		7/29/2019	y														
	NSF-19-431	B2/L2	Mammalia	Rodentia	Cricetidae	Neotominae	Peromyscus              sp	sp	lt m2		7/29/2019	y														
	NSF-19-432	B2/L2	Mammalia	Rodentia	Cricetidae	Neotominae	Peromyscus              sp	sp	rt m2		7/29/2019	y														
	NSF-19-433	B2/L2	Mammalia	Rodentia	Cricetidae	Neotominae	Peromyscus              sp	sp	rt m2		7/29/2019	y														
	NSF-19-434	B2/L2	Mammalia	Rodentia	Cricetidae	Neotominae	?Reithrodontomys	megalotis	rt m2		7/29/2019	y														
	NSF-19-435	B2/L2	Mammalia	Rodentia	Cricetidae	Neotominae	Peromyscus              sp	sp	rt m3		7/29/2019	y														
	NSF-19-436	B2/L2	Mammalia	Rodentia	Cricetidae	Neotominae	Peromyscus              sp	sp	lt M1	small anteroconid	7/29/2019	y														
	NSF-19-437	B2/L2	Mammalia	Rodentia	Cricetidae	Neotominae	Peromyscus	sp	rt M1	small anteroconid	7/29/2019	y														
	NSF-19-438	B2/L2	Mammalia	Rodentia	Cricetidae	Neotominae	Peromyscus	?maniculatus	rt M1	large accessory loph	7/29/2019	y														
	NSF-19-439	B2/L2	Mammalia	Rodentia	Cricetidae	Neotominae	?Reithrodontomys	megalotis	rt M1		7/29/2019	y														
	NSF-19-440	B2/L2	Mammalia	Rodentia	Cricetidae	Neotominae	Peromyscus              sp	sp	rt M3		7/29/2019	y														
	NSF-19-441	B2/L2	Mammalia	Rodentia	Cricetidae	Neotominae	?Peromyscus              sp	sp	lt dentary frag		7/29/2019	y														
	NSF-19-442	B2/L2	Mammalia	Rodentia	Cricetidae	Neotominae	?Peromyscus              sp	sp	lt maxilla	larger than Pman	7/29/2019	y														
	NSF-19-443	B2/L2	Mammalia	Rodentia	Cricetidae	Neotominae	Peromyscus              sp	sp	lt maxilla frag	large	7/29/2019	y														
	NSF-19-444	B2/L2	Mammalia	Rodentia	Geomyidae	Thomomyinae	Thomomys	sp	lt M1/M2			y														
	NSF-19-445	B2/L2	Mammalia	Rodentia	?Geomyidae				molar	juv		y														
	NSF-19-446	B2/L2	Mammalia	Rodentia	Heteromyidae	Dipodomyinae	Dipodomys	sp	lt m1/m2			y														
	NSF-19-447	B2/L2	Mammalia	Rodentia	Heteromyidae	Dipodomyinae	Dipodomys	sp	lt m1/m2			y														
	NSF-19-448	B2/L2	Mammalia	Rodentia	Heteromyidae	Dipodomyinae	Dipodomys	sp	lower lt molar (m2?)			y														
	NSF-19-449	B2/L2	Mammalia	Rodentia	Heteromyidae	Dipodomyinae	Dipodomys	sp	lt M1/M2			y														
	NSF-19-450	B2/L2	Mammalia	Rodentia	Heteromyidae	Dipodomyinae	?Dipodomys	sp	molar	juv		y														
	NSF-19-451	B2/L2	Mammalia	Rodentia	Geomyidae/Heteromyidae				molar	juv		y														
	NSF-19-452	B2/L2	Mammalia	Rodentia	Geomyidae/Heteromyidae				molar	juv		y														
	NSF-19-453	B2/L2	Mammalia	Rodentia	Geomyidae/Heteromyidae				tooth frag			y														
	NSF-19-454	B2/L2	Mammalia	Rodentia	Geomyidae/Heteromyidae				tooth frag			y														
	NSF-19-455	B2/L2	Mammalia	Rodentia	Sciuridae	Xerinae	?Otosperomophilus	beecheyi	lt m3			y														
	NSF-19-456	B2/L2	Mammalia	Rodentia	Sciuridae	Xerinae	?Otosperomophilus	beecheyi	lt m1/m2			y														
	NSF-19-457	B2/L2	Mammalia	Rodentia	Sciuridae				lower molar frag			y														
	NSF-19-458	B2/L2	Mammalia	Rodentia	Sciuridae	Xerinae	Tamias	cf merriami	lt P4			y														
	NSF-19-459	B2/L2	Mammalia	Rodentia	Sciuridae	Xerinae	?Tamias	sp	lt P4			y														
	NSF-19-460	B2/L2	Mammalia	Rodentia	Sciuridae	Xerinae	?Otosperomophilus	beecheyi	rt M1/M2			y														
	NSF-19-461	B2/L2	Mammalia	Rodentia	Sciuridae	Xerinae			rt upper molar frag			y														
	NSF-19-462	B2/L2	Mammalia	Rodentia	Sciuridae	Xerinae			lt upper molar frag			y														
	NSF-19-463	B2/L2	Mammalia	Rodentia	Sciuridae	Xerinae	?Otosperomophilus	beecheyi	rt M1/M2			y														
	NSF-19-464	B2/L2	Mammalia	Carnivora	Mustelidae	Mustelinae	Mustela	frenata	rt c1		2/26/2019	y														
	NSF-19-465	B2/L2	Mammalia	Carnivora	Canidae		Canis	latrans	lt M1	juv	2/26/2019	y														
	NSF-19-466	B2/L2	Mammalia	Carnivora	Mustelidae	Mustelinae	Mustela	frenata	lt I3		2/26/2019	y														
	NSF-19-467	B2/L2	Mammalia	Carnivora	Mustelidae	Mustelinae	Mustela	frenata	rt m2			y														
	NSF-19-468	B2/L2	Mammalia	Rodentia	Cricetidae	Neotominae	Neotoma	macrotis	rt m1			y														
	NSF-19-469	B2/L2	Mammalia	Rodentia	Cricetidae	Neotominae	Neotoma	sp	molar frag			y														
	NSF-19-470	B2/L2	Mammalia	Rodentia	Cricetidae	Arvicolinae	cf Microtus	sp	rt anterior dentary frag			y														
	NSF-19-471	B2/L2	Mammalia	Rodentia	Cricetidae	Arvicolinae	Microtus	californicus	rt m1			y														
	NSF-19-472	B2/L2	Mammalia	Rodentia	Cricetidae	Arvicolinae	Microtus	sp	rt M3			y														
	NSF-19-473	B2/L2	Mammalia	Rodentia	Cricetidae	Arvicolinae	Microtus	sp	molar frag			y														
	NSF-19-474	B2/L2	Mammalia	Rodentia	Cricetidae	Arvicolinae	Microtus	sp	molar frag			y														
	NSF-19-475	B2/L2	Mammalia	Rodentia	Geomyidae	Thomomyinae	Thomomys	sp	lt M1/M2			y														
LACMP23-39835	NSF-19-476	B2/L2	Mammalia	Lagomorpha			Sylvilagus	sp	partial lt dentary w/ m1	juv?		y														
LACMP23-39836	NSF-19-477	B2/L2	Mammalia	Lagomorpha			Sylvilagus	sp	lt dentary frag w/ p4+m2			y														
	NSF-19-478	B2/L2	Mammalia	Lagomorpha			Sylvilagus	audubonii	rt p3			y														
	NSF-19-479	B2/L2	Mammalia	Lagomorpha			Sylvilagus	audubonii	lt p3	"worn, juv"	8/13/2019	y														
	NSF-19-480	B2/L2	Mammalia	Lagomorpha			Sylvilagus	audubonii	partial rt p3			y														
	NSF-19-481	B2/L2	Mammalia	Lagomorpha			Sylvilagus	sp	lower lt tooth			y														
	NSF-19-482	B2/L2	Mammalia	Lagomorpha			Sylvilagus	sp	lower lt tooth			y														
	NSF-19-483	B2/L2	Mammalia	Lagomorpha			Sylvilagus	sp	lower lt tooth			y														
	NSF-19-484	B2/L2	Mammalia	Lagomorpha			Sylvilagus	sp	lower lt tooth			y														
	NSF-19-485	B2/L2	Mammalia	Lagomorpha			Sylvilagus	sp	partial lower rt? tooth			y														
	NSF-19-486	B2/L2	Mammalia	Lagomorpha			Sylvilagus	sp	lower lt tooth			y														
	NSF-19-487	B2/L2	Mammalia	Lagomorpha			Sylvilagus	sp	m3			y														
	NSF-19-488	B2/L2	Mammalia	Lagomorpha			Sylvilagus	sp	m3			y														
	NSF-19-489	B2/L2	Mammalia	Lagomorpha			Sylvilagus	sp	lower tooth frag			y														
	NSF-19-490	B2/L2	Mammalia	Lagomorpha			?Sylvilagus	sp	maxilla frag			y														
	NSF-19-491	B2/L2	Mammalia	Lagomorpha			Sylvilagus	sp	lt P2			y														
	NSF-19-492	B2/L2	Mammalia	Lagomorpha			Sylvilagus	sp	lt P2	juv?		y														
	NSF-19-493	B2/L2	Mammalia	Lagomorpha			Sylvilagus	sp	lt P2			y														
	NSF-19-494	B2/L2	Mammalia	Lagomorpha			Sylvilagus	sp	upper right tooth			y														
	NSF-19-495	B2/L2	Mammalia	Lagomorpha			Sylvilagus	sp	partial upper lt tooth			y														
	NSF-19-496	B2/L2	Mammalia	Lagomorpha			Sylvilagus	sp	upper tooth frag			y														
	NSF-19-497	B2/L2	Mammalia	Lagomorpha			Sylvilagus	sp	upper tooth frag			y														
	NSF-19-498	B2/L2	Mammalia	Lagomorpha			Sylvilagus	sp	upper tooth frag			y														
	NSF-19-499	B2/L2	Mammalia	Lagomorpha			Sylvilagus	sp	upper tooth frag			y														
	NSF-19-500	B2/L2	Mammalia	Lagomorpha			Sylvilagus	sp	upper tooth frag			y														
	NSF-19-501	B2/L2	Mammalia	Lagomorpha			Sylvilagus	sp	lt p3 frag			y														
	NSF-19-502	B2/L2	Mammalia	Lagomorpha			?Sylvilagus	sp	lower tooth frag			y														
	NSF-19-503	B2/L2	Mammalia	Lagomorpha					tooth frag			y														
	NSF-19-504	B2/L2	Mammalia	Lagomorpha					tooth frag			y														
	NSF-19-505	B2/L2	Mammalia	Lagomorpha					tooth frag			y														
	NSF-19-506	B2/L2	Mammalia	Rodentia	?Cricetidae				maxilla frag	Neotoma?		y														
	NSF-19-507	B2/L2	Mammalia	?Carnivora					dentary frag			y														
	NSF-19-508	B3/L2	Mammalia	Rodentia	Cricetidae	Neotominae	Peromyscus	sp	lt m1	grade 0-1	7/29/2019	y														
	NSF-19-509	B3/L2	Mammalia	Rodentia	Cricetidae	Neotominae	?Reithrodontomys	megalotis	lt m1	grade 0	7/29/2019	y														
	NSF-19-510	B3/L2	Mammalia	Rodentia	Cricetidae	Neotominae	Peromyscus	sp	rt m1		7/29/2019	y														
	NSF-19-511	B3/L2	Mammalia	Rodentia	Cricetidae	Neotominae	Peromyscus	sp	rt m1	grade 0	7/29/2019	y														
	NSF-19-512	B3/L2	Mammalia	Rodentia	Cricetidae	Neotominae	Peromyscus	sp	lt m2		7/29/2019	y														
	NSF-19-513	B3/L2	Mammalia	Rodentia	Cricetidae	Neotominae	Peromyscus	sp	rt m2		7/29/2019	y														
	NSF-19-514	B3/L2	Mammalia	Rodentia	Cricetidae	Neotominae	Peromyscus	sp	lt M1		7/29/2019	y														
	NSF-19-515	B3/L2	Mammalia	Rodentia	Cricetidae	Neotominae	Peromyscus	sp	rt M2		7/29/2019	y														
	NSF-19-516	B3/L2	Mammalia	Rodentia	Cricetidae	Neotominae	Peromyscus	sp	rt M2		7/29/2019	y														
	NSF-19-517	B3/L2	Mammalia	Rodentia	Heteromyidae	Dipodomyinae	Dipodomys	sp	upper molar			y														
	NSF-19-518	B3/L2	Mammalia	Rodentia	Geomyidae/Heteromyidae				tooth frag			y														
	NSF-19-519	B3/L2	Mammalia	Rodentia	Geomyidae/Heteromyidae				tooth frag			y														
	NSF-19-520	B3/L2	Mammalia	Rodentia	Cricetidae	Arvicolinae	Microtus 	sp	rt m3			y														
	NSF-19-521	B3/L2	Mammalia	Rodentia	Scuiridae	Xerinae	?Otospermophilus	beecheyi	lt dentary frag w/ m3			y														
	NSF-19-522	B3/L2	Mammalia	Rodentia	Scuiridae	Xerinae	?Otospermophilus	beecheyi	rt p4			y														
	NSF-19-523	B3/L2	Mammalia	Rodentia	Scuiridae	Xerinae	?Otospermophilus	beecheyi	rt m1/m2			y														
	NSF-19-524	B3/L2	Mammalia	Rodentia	Scuiridae							y														
	NSF-19-525	B3/L2	Mammalia	Rodentia	Scuiridae							y														
	NSF-19-526	B3/L2	Mammalia	Rodentia	?Sciuridae				tooth frag			y														
	NSF-19-527	B3/L2	Mammalia	Rodentia	?Sciuridae				tooth frag			y														
	NSF-19-528	B3/L2	Mammalia	Rodentia	Geomyidae				molar frag			y														
	NSF-19-529	B3/L2	Mammalia	Lagomorpha	Leporidae		Sylvilagus	sp	rt dentary frag w/ p4			y														
	NSF-19-530	B3/L2	Mammalia	Lagomorpha	Leporidae		Sylvilagus	audubonii	lt p3			y														
	NSF-19-531	B3/L2	Mammalia	Lagomorpha	Leporidae		Sylvilagus	audubonii	rt p3	worn	8/13/2019	y														
	NSF-19-532	B3/L2	Mammalia	Lagomorpha	Leporidae		Sylvilagus	audubonii	rt p3			y														
	NSF-19-533	B3/L2	Mammalia	Lagomorpha	Leporidae		Sylvilagus	audubonii	rt p3 frag	worn	8/13/2019	y														
	NSF-19-534	B3/L2	Mammalia	Lagomorpha	Leporidae		Sylvilagus	sp	lower lt tooth			y														
	NSF-19-535	B3/L2	Mammalia	Lagomorpha	Leporidae		Sylvilagus	sp	lower lt tooth			y														
	NSF-19-536	B3/L2	Mammalia	Lagomorpha	Leporidae		Sylvilagus	sp	lower lt tooth			y														
	NSF-19-537	B3/L2	Mammalia	Lagomorpha	Leporidae		Sylvilagus	sp	lower lt tooth			y														
	NSF-19-538	B3/L2	Mammalia	Lagomorpha	Leporidae		Sylvilagus	sp	lower lt tooth			y														
	NSF-19-539	B3/L2	Mammalia	Lagomorpha	Leporidae		Sylvilagus	sp	lower lt tooth	juv?		y														
	NSF-19-540	B3/L2	Mammalia	Lagomorpha	Leporidae		Sylvilagus	sp	lower rt tooth			y														
	NSF-19-541	B3/L2	Mammalia	Lagomorpha	Leporidae		Sylvilagus	sp	lower rt tooth			y														
	NSF-19-542	B3/L2	Mammalia	Lagomorpha	Leporidae		Sylvilagus	sp	lower rt tooth	juv?		y														
	NSF-19-543	B3/L2	Mammalia	Lagomorpha	Leporidae		Sylvilagus	sp	m3			y														
	NSF-19-544	B3/L2	Mammalia	Lagomorpha	Leporidae		Sylvilagus	sp	lower tooth frag			y														
	NSF-19-545	B3/L2	Mammalia	Lagomorpha	Leporidae		Sylvilagus	sp	lower tooth frag			y														
	NSF-19-546	B3/L2	Mammalia	Lagomorpha	Leporidae		Sylvilagus	sp	lower tooth frag			y														
	NSF-19-547	B3/L2	Mammalia	Lagomorpha	Leporidae		Sylvilagus	sp	lower tooth frag			y														
	NSF-19-548	B3/L2	Mammalia	Lagomorpha	Leporidae		Sylvilagus	sp	lower tooth frag			y														
	NSF-19-549	B3/L2	Mammalia	Lagomorpha	Leporidae		Sylvilagus	sp	lower tooth frag			y														
	NSF-19-550	B3/L2	Mammalia	Lagomorpha	Leporidae		Sylvilagus	sp	upper rt tooth			y														
	NSF-19-551	B3/L2	Mammalia	Lagomorpha	Leporidae		Sylvilagus	sp	lt P2			y														
	NSF-19-552	B3/L2	Mammalia	Lagomorpha	Leporidae		Sylvilagus	sp	upper tooth frag			y														
	NSF-19-553	B3/L2	Mammalia	Lagomorpha	Leporidae		Sylvilagus	sp	upper tooth frag			y														
	NSF-19-554	B3/L2	Mammalia	Lagomorpha	Leporidae		Sylvilagus	sp	upper tooth frag			y														
	NSF-19-555	B3/L2	Mammalia	Lagomorpha	Leporidae		Sylvilagus	sp	upper tooth frag			y														
	NSF-19-556	B3/L2	Mammalia	Lagomorpha	Leporidae		Sylvilagus	sp	upper tooth frag			y														
	NSF-19-557	B3/L2	Mammalia	Lagomorpha	Leporidae		Sylvilagus	sp	upper tooth frag			y														
	NSF-19-558	B3/L2	Mammalia	Lagomorpha	Leporidae		Sylvilagus	sp	upper tooth frag			y														
	NSF-19-559	B3/L2	Mammalia	Lagomorpha	Leporidae				tooth frag			y														
	NSF-19-560	B3/L2	Mammalia	Lagomorpha	Leporidae				tooth frag			y														
	NSF-19-561	B3/L2	Mammalia	Lagomorpha	Leporidae				tooth frag			y														
	NSF-19-562	B3/L2	Mammalia	Lagomorpha	Leporidae				tooth frag			y														
	NSF-19-563	B3/L2	Mammalia	Lagomorpha	Leporidae				tooth frag			y														
	NSF-19-564	B3/L2	Mammalia	Lagomorpha	Leporidae				tooth frag			y														
	NSF-19-565	B3/L2	Mammalia	Lagomorpha	Leporidae				tooth frag			y														
	NSF-19-566	B3/L2	Mammalia	Lagomorpha	Leporidae				tooth frag			y														
	NSF-19-567	B3/L2	Mammalia	Lagomorpha	Leporidae				tooth frag			y														
	NSF-19-568	B3/L2	Mammalia	Lagomorpha	Leporidae				tooth frag			y														
	NSF-19-569	B3/L2	Mammalia	Lagomorpha	Leporidae				tooth frag			y														
	NSF-19-570	B3/L2	Mammalia	Lagomorpha	Leporidae				tooth frag			y														
	NSF-19-571	B3/L2	Mammalia	Lagomorpha	Leporidae				tooth frag			y														
	NSF-19-572	A3/L3	Mammalia	Carnivora	Mustelidae		Mustela	frenata	lt P2			y														
	NSF-19-573	B2/L3	Mammalia	Rodentia	Cricetidae	Neotominae	Peromyscus	sp	lt m1	"grade 2, ~ Pman sized (~2mm)"	7/29/2019	y														
	NSF-19-574	B2/L3	Mammalia	Rodentia	Cricetidae	Neotominae	Peromyscus	sp	lt m1	grade 0	7/29/2019	y														
	NSF-19-575	B2/L3	Mammalia	Rodentia	Cricetidae	Neotominae	Peromyscus	sp	rt m1	grade 0	7/29/2019	y														
	NSF-19-576	B2/L3	Mammalia	Rodentia	Cricetidae	Neotominae	Peromyscus	sp	rt m1	grade 0	7/29/2019	y														
	NSF-19-577	B2/L3	Mammalia	Rodentia	Cricetidae	Neotominae	Peromyscus	sp	rt m1	"grade 1-2, ~Pman sized"	7/29/2019	y														
	NSF-19-578	B2/L3	Mammalia	Rodentia	Cricetidae	Neotominae	?Onychomys	torridus	rt m1	intermediate size b/w Pman and Pcali; high crowned w/ re-entrant spaces >> Peromyscus	7/29/2019	y														
	NSF-19-579	B2/L3	Mammalia	Rodentia	Cricetidae	Neotominae	Peromyscus	sp	lt m2		7/29/2019	y														
	NSF-19-580	B2/L3	Mammalia	Rodentia	Cricetidae	Neotominae	Peromyscus	sp	rt m2		7/29/2019	y														
	NSF-19-581	B2/L3	Mammalia	Rodentia	Cricetidae	Neotominae	Peromyscus	sp	rt m3		7/29/2019	y														
	NSF-19-582	B2/L3	Mammalia	Rodentia	Cricetidae	Neotominae	?Peromyscus	sp	molar frag		7/29/2019	y														
	NSF-19-583	B2/L3	Mammalia	Rodentia	Cricetidae	Neotominae	?Onychomys	torridus	lt M1	~Pman sized	7/29/2019	y														
	NSF-19-584	B2/L3	Mammalia	Rodentia	Cricetidae	Neotominae	Peromyscus	sp	lt M1	"Intermediate size b/w Pman and Pcali	7/29/2019	y														
	NSF-19-585	B2/L3	Mammalia	Rodentia	Cricetidae	Neotominae	Peromyscus	sp	rt M1	covered accessory loph	7/29/2019	y														
	NSF-19-586	B2/L3	Mammalia	Rodentia	Cricetidae	Neotominae	Peromyscus	?maniculatus	rt M1	prominent accessory loph	7/29/2019	y														
	NSF-19-587	B2/L3	Mammalia	Rodentia	Cricetidae	Neotominae	?Onychomys	torridus	rt M1		7/29/2019	y														
	NSF-19-588	B2/L3	Mammalia	Rodentia	Cricetidae	Neotominae	Peromyscus	sp	lt M2		7/29/2019	y														
	NSF-19-589	B2/L3	Mammalia	Rodentia	Cricetidae	Neotominae	Peromyscus	sp	lt M2		7/29/2019	y														
	NSF-19-590	B2/L3	Mammalia	Rodentia	Cricetidae	Neotominae	Peromyscus	sp	rt M2	>> than Pman	7/29/2019	y														
	NSF-19-591	B2/L3	Mammalia	Rodentia	Cricetidae	Neotominae	Peromyscus	sp	lt m2		7/29/2019	y														
	NSF-19-592	B2/L3	Mammalia	Carnivora	Canidae	Caninae	Canis	latrans	rt dp2		8/2/2019	y														
	NSF-19-593	B2/L3	Mammalia	Carnivora	Canidae	Caninae	Urocyon	cinereoargenteus	rt M1	juv	8/2/2019	y														
	NSF-19-594	B2/L3	Mammalia	Carnivora	Mustelidae	Mustelinae	Mustela	frenata	lt P4		8/2/2019	y														
	NSF-19-595	B2/L3	Mammalia	Carnivora					premolar frag		8/2/2019	y														
	NSF-19-596	B2/L3	Mammalia	Carnivora	Canidae	Caninae	Canis	latrans	lt? m3		8/2/2019	y														
	NSF-19-597	B2/L3	Mammalia	Carnivora	Mephitidae		Mephitis	mephitis	lt P3	Pit wear?	8/2/2019	y														
	NSF-19-598	B2/L3	Mammalia	Carnivora					C1/c1 frag		8/2/2019	y														
	NSF-19-599	B2/L3	Mammalia	Carnivora	Mustelidae	Mustelinae	Mustela	frenata	lt I3		8/2/2019	y														
	NSF-19-600	B2/L3	Mammalia	Carnivora	?Mustelidae		?Mustela	frenata	upper M1 frag?		8/2/2019	y														
	NSF-19-601	B2/L3	Mammalia	Carnivora	Mustelidae	Mustelinae	Mustela	frenata	rt P2		8/2/2019	y														
	NSF-19-602	B2/L3	Mammalia	Carnivora	Mustelidae	Mustelinae	Mustela	frenata	rt P2		8/2/2019	y														
	XXXX								tooth 			y														
	NSF-19-604	B2/L3	Mammalia	Rodentia	Cricetidae	Arvicolinae	Microtus	sp	parital lt m1																	
	NSF-19-605	B2/L3	Mammalia	Rodentia	Cricetidae	Arvicolinae	Microtus	sp	rt M2			y														
	NSF-19-606	B2/L3	Mammalia	Rodentia	Cricetidae	Arvicolinae	Microtus	sp	rt M2			y														
	NSF-19-607	B2/L3	Mammalia	Rodentia	Cricetidae	Arvicolinae	Microtus	sp	rt m3			y														
	NSF-19-608	B2/L3	Mammalia	Rodentia	Cricetidae	Arvicolinae	Microtus	sp	lt m1 frag			y														
	NSF-19-609	B2/L3	Mammalia	Rodentia	Cricetidae	Arvicolinae	Microtus	sp	molar frag			y														
	NSF-19-610	B2/L3	Mammalia	Rodentia	Cricetidae	Arvicolinae	Microtus	sp	molar frag			y														
	NSF-19-611	B2/L3	Mammalia	Rodentia	Cricetidae	Arvicolinae	Microtus	sp	molar frag			y														
	NSF-19-612	B2/L3	Mammalia	Rodentia	Cricetidae	Arvicolinae	Microtus	sp	molar frag			y														
	NSF-19-613	B2/L3	Mammalia	Rodentia	Cricetidae	Arvicolinae	Microtus	sp	molar frag			y														
	NSF-19-614	B2/L3	Mammalia	Rodentia	Cricetidae	Arvicolinae	Microtus	sp	molar frag			y														
	NSF-19-615	B2/L3	Mammalia	Rodentia	Cricetidae	Arvicolinae	Microtus	sp	molar frag			y														
	NSF-19-616	B2/L3	Mammalia	Rodentia	Heteromyidae	Dipodomyinae	Dipodomys	sp	lt dp4			y														
	NSF-19-617	B2/L3	Mammalia	Rodentia	Geomyidae	Thomomyinae	Thomomys	sp	rt P4			y														
	NSF-19-618	B2/L3	Mammalia	Rodentia	Geomyidae	Thomomyinae	Thomomys	sp	lt m3			y														
	NSF-19-619	B2/L3	Mammalia	Rodentia	Geomyidae	Thomomyinae	Thomomys	sp	lower molar			y														
	NSF-19-620	B2/L3	Mammalia	Rodentia	Geomyidae	Thomomyinae	Thomomys	sp	molar frag			y														
	NSF-19-621	B2/L3	Mammalia	Rodentia	Heteromyidae	Dipodomyinae	Dipodomys	sp	molar	juv		y														
	NSF-19-622	B2/L3	Mammalia	Rodentia	Heteromyidae	Dipodomyinae	Dipodomys	sp	molar	juv		y														
	NSF-19-623	B2/L3	Mammalia	Rodentia	Heteromyidae	Dipodomyinae	Dipodomys	sp	molar	juv		y														
	NSF-19-624	B2/L3	Mammalia	Rodentia	Heteromyidae	Dipodomyinae	Dipodomys	sp	molar frag			y														
	NSF-19-625	B2/L3	Mammalia	Rodentia	Heteromyidae	Dipodomyinae	Dipodomys	sp	molar			y														
	NSF-19-626	B2/L3	Mammalia	Rodentia	Heteromyidae	Dipodomyinae	Dipodomys	sp	molar			y														
	NSF-19-627	B2/L3	Mammalia	Rodentia	Heteromyidae	Dipodomyinae	Dipodomys	sp	molar			y														
	NSF-19-628	B2/L3	Mammalia	Rodentia	Heteromyidae	Dipodomyinae	Dipodomys	sp	molar			y														
	NSF-19-629	B2/L3	Mammalia	Rodentia	Heteromyidae	Dipodomyinae	Dipodomys	sp	molar			y														
	NSF-19-630	B2/L3	Mammalia	Rodentia	Heteromyidae	Dipodomyinae	Dipodomys	sp	molar			y														
	NSF-19-631	B2/L3	Mammalia	Rodentia	Heteromyidae	Dipodomyinae	Dipodomys	sp	molar			y														
	NSF-19-632	B2/L3	Mammalia	Rodentia	Heteromyidae	Dipodomyinae	Dipodomys	sp	molar			y														
	NSF-19-633	B2/L3	Mammalia	Lagomorpha	Leporidae				maxilla frag			y														
	NSF-19-634	B2/L3	Mammalia	Lagomorpha	Leporidae				maxilla frag			y														
	NSF-19-635	B2/L3	Mammalia	Lagomorpha	Leporidae				dentary frag			y														
	NSF-19-636	B2/L3	Mammalia	Lagomorpha	Leporidae		Sylvilagus	audubonii	lt p3	worn	8/13/2019	y														
	NSF-19-637	B2/L3	Mammalia	Lagomorpha	Leporidae		Sylvilagus	audubonii	lt p3	worn	8/13/2019	y														
	NSF-19-638	B2/L3	Mammalia	Lagomorpha	Leporidae		Sylvilagus	audubonii	lt p3			y														
	NSF-19-639	B2/L3	Mammalia	Lagomorpha	Leporidae		Sylvilagus	audubonii	lt p3			y														
	NSF-19-640	B2/L3	Mammalia	Lagomorpha	Leporidae		Sylvilagus	audubonii	lt p3 frag			y														
	NSF-19-641	B2/L3	Mammalia	Lagomorpha	Leporidae		Sylvilagus	sp	lt P2			y														
	NSF-19-642	B2/L3	Mammalia	Lagomorpha	Leporidae		Sylvilagus	sp	right p3 frag	simple-complex crenulation		y														
	NSF-19-643	B2/L3	Mammalia	Lagomorpha	Leporidae		Sylvilagus	audubonii	rt p3 frag			y														
	NSF-19-644	B2/L3	Mammalia	Lagomorpha	Leporidae		Sylvilagus	sp	lt p3 frag			y														
	NSF-19-645	B2/L3	Mammalia	Lagomorpha	Leporidae		Sylvilagus	sp	lower m3			y														
	NSF-19-646	B2/L3	Mammalia	Lagomorpha	Leporidae		Sylvilagus	sp	lower m3			y														
	NSF-19-647	B2/L3	Mammalia	Lagomorpha	Leporidae		Sylvilagus	sp	lower lt tooth			y														
	NSF-19-648	B2/L3	Mammalia	Lagomorpha	Leporidae		Sylvilagus	sp	lower lt tooth			y														
	NSF-19-649	B2/L3	Mammalia	Lagomorpha	Leporidae		Sylvilagus	sp	lower lt tooth			y														
	NSF-19-650	B2/L3	Mammalia	Lagomorpha	Leporidae		Sylvilagus	sp	lower lt tooth			y														
	NSF-19-651	B2/L3	Mammalia	Lagomorpha	Leporidae		Sylvilagus	sp	lower rt tooth			y														
	NSF-19-652	B2/L3	Mammalia	Lagomorpha	Leporidae		Sylvilagus	sp	lower rt tooth			y														
	NSF-19-653	B2/L3	Mammalia	Lagomorpha	Leporidae		Sylvilagus	sp	lower rt tooth			y														
	NSF-19-654	B2/L3	Mammalia	Lagomorpha	Leporidae		Sylvilagus	sp	lower tooth frag			y														
	NSF-19-655	B2/L3	Mammalia	Lagomorpha	Leporidae		Sylvilagus	sp	lower tooth frag			y														
	NSF-19-656	B2/L3	Mammalia	Lagomorpha	Leporidae		Sylvilagus	sp	lower tooth frag			y														
	NSF-19-657	B2/L3	Mammalia	Lagomorpha	Leporidae		Sylvilagus	sp	lower tooth frag			y														
	NSF-19-658	B2/L3	Mammalia	Lagomorpha	Leporidae		Sylvilagus	sp	lower tooth frag			y														
	NSF-19-659	B2/L3	Mammalia	Lagomorpha	Leporidae		Sylvilagus	sp	lower tooth frag			y														
	NSF-19-660	B2/L3	Mammalia	Lagomorpha	Leporidae		Sylvilagus	sp	lower tooth frag			y														
	NSF-19-661	B2/L3	Mammalia	Lagomorpha	Leporidae		Sylvilagus	sp	lower tooth frag			y														
	NSF-19-662	B2/L3	Mammalia	Lagomorpha	Leporidae		Sylvilagus	sp	lower tooth frag			y														
	NSF-19-663	B2/L3	Mammalia	Lagomorpha	Leporidae		Sylvilagus	sp	lt P2			y														
	NSF-19-664	B2/L3	Mammalia	Lagomorpha	Leporidae		Sylvilagus	sp	rt P2	juv?		y														
	NSF-19-665	B2/L3	Mammalia	Lagomorpha	Leporidae		Sylvilagus	sp	rt P2 frag			y														
	NSF-19-666	B2/L3	Mammalia	Lagomorpha	Leporidae		Sylvilagus	sp	upper lt tooth			y														
	NSF-19-667	B2/L3	Mammalia	Lagomorpha	Leporidae		Sylvilagus	sp	upper rt tooth			y														
	NSF-19-668	B2/L3	Mammalia	Lagomorpha	Leporidae		Sylvilagus	sp	upper lt tooth frag			y														
	NSF-19-669	B2/L3	Mammalia	Lagomorpha	Leporidae		Sylvilagus	sp	upper rt tooth frag			y														
	NSF-19-670	B2/L3	Mammalia	Lagomorpha	Leporidae		Sylvilagus	sp	upper tooth frag			y														
	NSF-19-671	B2/L3	Mammalia	Lagomorpha	Leporidae		Sylvilagus	sp	upper tooth frag			y														
	NSF-19-672	B2/L3	Mammalia	Lagomorpha	Leporidae		Sylvilagus	sp	upper tooth frag			y														
	NSF-19-673	B2/L3	Mammalia	Lagomorpha	Leporidae		Sylvilagus	sp	upper tooth frag			y														
	NSF-19-674	B2/L3	Mammalia	Lagomorpha	Leporidae		Sylvilagus	sp	upper tooth frag			y														
	NSF-19-675	B2/L3	Mammalia	Lagomorpha	Leporidae		Sylvilagus	sp	upper tooth frag			y														
	NSF-19-676	B2/L3	Mammalia	Lagomorpha	Leporidae		Sylvilagus	sp	upper tooth frag			y														
	NSF-19-677	B2/L3	Mammalia	Lagomorpha	Leporidae		Sylvilagus	sp	upper tooth frag			y														
	NSF-19-678	B2/L3	Mammalia	Lagomorpha	Leporidae		Sylvilagus	sp	upper tooth frag			y														
	NSF-19-679	B2/L3	Mammalia	Lagomorpha	Leporidae		Sylvilagus	sp	upper tooth frag			y														
	NSF-19-680	B2/L3	Mammalia	Lagomorpha	Leporidae		Sylvilagus	sp	upper tooth frag			y														
	NSF-19-681	B2/L3	Mammalia	Lagomorpha	Leporidae		Sylvilagus	sp	upper tooth frag			y														
	NSF-19-682	B2/L3	Mammalia	Lagomorpha	Leporidae		Sylvilagus	sp	upper tooth frag			y														
	NSF-19-683	B2/L3	Mammalia	Lagomorpha	Leporidae		Sylvilagus	sp	upper tooth frag			y														
	NSF-19-684	B2/L3	Mammalia	Lagomorpha	Leporidae		Sylvilagus	sp	upper tooth frag			y														
	NSF-19-685	B2/L3	Mammalia	Lagomorpha	Leporidae		Sylvilagus	sp	lower tooth 	juv		y														
	NSF-19-686	B2/L3	Mammalia	Lagomorpha	Leporidae		Sylvilagus	sp	upper tooth	juv		y														
	NSF-19-687	B2/L3	Mammalia	Lagomorpha	Leporidae				tooth frag			y														
	NSF-19-688	B2/L3	Mammalia	Lagomorpha	Leporidae				tooth frag			y														
	NSF-19-689	B2/L3	Mammalia	Lagomorpha	Leporidae				tooth frag			y														
	NSF-19-690	B2/L3	Mammalia	Lagomorpha	Leporidae				tooth frag			y														
	NSF-19-691	B2/L3	Mammalia	Lagomorpha	Leporidae				tooth frag			y														
	NSF-19-692	B2/L3	Mammalia	Lagomorpha	Leporidae				tooth frag			y														
	NSF-19-693	B2/L3	Mammalia	Lagomorpha	Leporidae				tooth frag			y														
	NSF-19-694	B2/L3	Mammalia	Lagomorpha	Leporidae				tooth frag			y														
	NSF-19-695	B2/L3	Mammalia	Lagomorpha	Leporidae				tooth frag			y														
	NSF-19-696	B2/L3	Mammalia	Lagomorpha	Leporidae				tooth frag			y														
	NSF-19-697	B2/L3	Mammalia	Lagomorpha	Leporidae				tooth frag			y														
	NSF-19-698	B2/L3	Mammalia	Lagomorpha	Leporidae				tooth frag			y														
	NSF-19-699	B2/L3	Mammalia	Lagomorpha	Leporidae				tooth frag			y														
	NSF-19-700	B2/L3	Mammalia	Lagomorpha	Leporidae				tooth frag			y														
	NSF-19-701	B2/L3	Mammalia	Lagomorpha	Leporidae				tooth frag			y														
	NSF-19-702	B2/L3	Mammalia	Lagomorpha	Leporidae				tooth frag			y														
	NSF-19-703	B2/L3	Mammalia	Lagomorpha	Leporidae				tooth frag			y														
	NSF-19-704	B2/L3	Mammalia	Rodentia	Cricetidae	Neotominae	Neotoma	sp	molar frag			y														
	NSF-19-705	B2/L3	Mammalia	Rodentia	Sciuridae	Xerinae	?Otospermophilus	beecheyi	lt DP4			y														
	NSF-19-706	B2/L3	Mammalia	Rodentia	Sciuridae	Xerinae	?Otospermophilus	beecheyi	lt M1/M2			y														
	NSF-19-707	B2/L3	Mammalia	Rodentia	Sciuridae	Xerinae	?Otospermophilus	beecheyi	lt M1/M2			y														
	NSF-19-708	B2/L3	Mammalia	Rodentia	Sciuridae				lt M3	worn		y														
	NSF-19-709	B2/L3	Mammalia	Rodentia	Sciuridae	Xerinae	?Otospermophilus	beecheyi	rt DP4			y														
	NSF-19-710	B2/L3	Mammalia	Rodentia	Sciuridae	Xerinae	?Otospermophilus	beecheyi	rt DP4			y														
	NSF-19-711	B2/L3	Mammalia	Rodentia	Sciuridae	Xerinae	?Otospermophilus	beecheyi	rt M1/M2			y														
	NSF-19-712	B2/L3	Mammalia	Rodentia	Sciuridae	Xerinae	?Otospermophilus	beecheyi	rt M3			y														
	NSF-19-713	B2/L3	Mammalia	Rodentia	Sciuridae				upper lt tooth frag			y														
	NSF-19-714	B2/L3	Mammalia	Rodentia	Sciuridae				upper lt tooth frag			y														
	NSF-19-715	B2/L3	Mammalia	Rodentia	Sciuridae				upper rt tooth frag			y														
	NSF-19-716	B2/L3	Mammalia	Rodentia	Sciuridae				upper rt tooth frag			y														
	NSF-19-717	B2/L3	Mammalia	Rodentia	Sciuridae				upper rt tooth frag			y														
	NSF-19-718	B2/L3	Mammalia	Rodentia	Sciuridae				upper rt tooth frag			y														
	NSF-19-719	B2/L3	Mammalia	Rodentia	Sciuridae				upper tooth frag			y														
	NSF-19-720	B2/L3	Mammalia	Rodentia	Sciuridae				upper tooth frag			y														
	NSF-19-721	B2/L3	Mammalia	Rodentia	Sciuridae				upper tooth frag			y														
	NSF-19-722	B2/L3	Mammalia	Rodentia	Sciuridae				upper tooth frag			y														
	NSF-19-723	B2/L3	Mammalia	Rodentia	Sciuridae				upper tooth frag			y														
	NSF-19-724	B2/L3	Mammalia	Rodentia	Sciuridae	Xerinae	?Otospermophilus	beecheyi	lt DP4			y														
	NSF-19-725	B2/L3	Mammalia	Rodentia	Sciuridae	Xerinae	?Otospermophilus	beecheyi	lt dp4			y														
	NSF-19-726	B2/L3	Mammalia	Rodentia	Sciuridae	Xerinae	?Otospermophilus	beecheyi	lt m1/m2			y														
	NSF-19-727	B2/L3	Mammalia	Rodentia	Sciuridae	Xerinae	?Otospermophilus	beecheyi	rt dp4			y														
	NSF-19-728	B2/L3	Mammalia	Rodentia	Sciuridae	Xerinae	?Otospermophilus	beecheyi	rt dp4			y														
	NSF-19-729	B2/L3	Mammalia	Rodentia	Sciuridae	Xerinae	?Otospermophilus	beecheyi	rt dp4			y														
	NSF-19-730	B2/L3	Mammalia	Rodentia	Sciuridae	Xerinae	?Otospermophilus	beecheyi	rt p4			y														
	NSF-19-731	B2/L3	Mammalia	Rodentia	Sciuridae	Xerinae	?Otospermophilus	beecheyi	rt p4			y														
	NSF-19-732	B2/L3	Mammalia	Rodentia	Sciuridae	Xerinae	?Otospermophilus	beecheyi	rt m1/m2			y														
	NSF-19-733	B2/L3	Mammalia	Rodentia	Sciuridae	Xerinae	?Otospermophilus	beecheyi	rt m1/m2			y														
	NSF-19-734	B2/L3	Mammalia	Rodentia	Sciuridae	Xerinae	?Otospermophilus	beecheyi	rt m3	worn		y														
	NSF-19-735	B2/L3	Mammalia	Rodentia	Sciuridae				lower rt molar frag			y														
	NSF-19-736	B2/L3	Mammalia	Rodentia	Sciuridae				lower tooth frag			y														
	NSF-19-737	B2/L3	Mammalia	Rodentia	Sciuridae				lower tooth frag			y														
	NSF-19-738	B2/L3	Mammalia	Rodentia	Sciuridae				lower tooth frag			y														
	NSF-19-739	B2/L3	Mammalia	Rodentia	Sciuridae				tooth frag			y														
	NSF-19-740	B2/L3	Mammalia	Rodentia	Sciuridae				tooth frag			y														
	NSF-19-741	B2/L3	Mammalia	Rodentia	Sciuridae				tooth frag			y														
	NSF-19-742	B2/L3	Mammalia	Rodentia	Sciuridae				tooth frag			y														
	NSF-19-743	B2/L3	Mammalia	Eulipotyphla	Soricidae	Soricinae			partial rt dentary			y														
	NSF-19-744	B2/L3	Mammalia	Eulipotyphla	Soricidae	Soricinae			rt M1/M2			y														
	NSF-19-745	B2/L3	Mammalia	Rodentia	?Sciuridae				maxilla frag			y														
	NSF-19-746	B2/L3	Mammalia	?Lagomorpha	?Leporidae				premaxilla frag			y														
	NSF-19-747	B2/L3	Mammalia	Rodentia	?Sciuridae				tooth frag			y														
	NSF-19-748	B2/L3	Mammalia	Lagomorpha	Leporidae				tooth frag	juv?		y																																								