"","UCM_Number","Canister","Class","Order","Family","Subfamily","Genus","Species","Element","Notes","Museum_Number","name"
"1","NSF-16-01A1","A1/L1","Mammalia","Lagomorpha","Leporidae","","Sylvilagus","sp.","upper right tooth","","LACMP23-28065","Sylvilagus sp."
"2","NSF-16-01A2","A1/L1","Mammalia","Lagomorpha","Leporidae","","Sylvilagus","sp.","lower right tooth","","LACMP23-28066","Sylvilagus sp."
"3","NSF-16-01A3","A1/L1","Mammalia","Lagomorpha","Leporidae","","Sylvilagus","sp.","upper right tooth","","LACMP23-28067","Sylvilagus sp."
"4","NSF-16-01A4","A1/L1","Mammalia","Lagomorpha","Leporidae","","Sylvilagus","sp.","upper right tooth","","LACMP23-28068","Sylvilagus sp."
"5","NSF-16-01A5","A1/L1","Mammalia","Lagomorpha","Leporidae","","Sylvilagus","sp.","lower left tooth","","LACMP23-28069","Sylvilagus sp."
"6","NSF-16-01B","A1/L1","Mammalia","Carnivora","Canidae","","Canis","dirus","Juv. anterior dentary fragment w/ partially erupted premolar","","LACMP23-28346","Canis dirus"
"7","NSF-16-01C","A1/L1","Mammalia","Carnivora","cf. Mephitidae","","Mephitis","mephitis","lower left p4","","LACMP23-28070","Mephitis mephitis"
"8","NSF-16-01D","A1/L1","Mammalia","Rodentia/Lagomorpha","","","","","2 incisors","","LACMP23-28071; LACMP23-28072"," "
"9","NSF-16-02A","A1/L1","Mammalia","Lagomorpha","Leporidae","","Sylvilagus","sp.","lower right tooth","","LACMP23-28074 ","Sylvilagus sp."
"10","NSF-16-02B","A1/L1","Mammalia","Lagomorpha","Leporidae","","Sylvilagus","sp.","lower right tooth","","LACMP23-28075","Sylvilagus sp."
"11","NSF-16-02C","A1/L1","Mammalia","Lagomorpha","Leporidae","","Sylvilagus","sp.","partial upper tooth","","LACMP23-28076","Sylvilagus sp."
"12","NSF-16-03","A1/L1","Mammalia","Rodentia","Cricetidae","Arvicolinae","Microtus sp.","","right upper M1 (2 fragments)","","LACMP23-28077; LACMP23-28078","Microtus sp. "
"13","NSF-16-58","A1/L3","Mammalia","Rodentia","Cricetidae","Arvicolinae","Microtus","","lower left m1","posterior loop broken","LACMP23-28147","Microtus "
"14","NSF-16-59","A1/L3","Mammalia","Rodentia","Sciuridae","","Otospermophilus","cf. beecheyi","upper left M1/M2","","LACMP23-28148","Otospermophilus cf. beecheyi"
"15","NSF-16-60","A1/L3","Mammalia","Lagomorpha/Rodentia","","","","","incisor","","LACMP23-28149"," "
"16","NSF-16-61","A1/L3","Mammalia","Lagomorpha","Leporidae","","Sylvilagus","sp.","upper left tooth","","LACMP23-28150","Sylvilagus sp."
"17","NSF-16-62","A1/L3","Mammalia","Rodentia","Cricetidae","Neotominae","Peromyscus","sp.","lower left m2","","LACMP23-28151","Peromyscus sp."
"18","NSF-16-141","A1/L4","Mammalia","Rodentia","Sciuridae","","Otospermophilus","cf. beecheyi","upper left M3","","LACMP23-28261","Otospermophilus cf. beecheyi"
"19","NSF-16-142","A1/L4","Mammalia","Lagomorpha","Leporidae","","Sylvilagus","sp.","juv. Lower left tooth","","LACMP23-28262","Sylvilagus sp."
"20","NSF-16-143","A1/L4","Mammalia","Lagomorpha","Leporidae","","Sylvilagus","sp.","lower left tooth","","LACMP23-28263","Sylvilagus sp."
"21","NSF-16-144","A1/L4","Mammalia","Carnivora","cf. Mustelidae","","Taxidea","taxus","incisor frag","","LACMP23-28264","Taxidea taxus"
"22","NSF-16-145a","A1/L4","Mammalia","Lagomorpha","Leporidae","","","","tooth frag","","LACMP23-28265"," "
"23","NSF-16-145b","A1/L4","Mammalia","Lagomorpha","Leporidae","","Sylvilagus","cf. audubonii","partial lower left p3","","LACMP23-28266","Sylvilagus cf. audubonii"
"24","NSF-16-288","A1/L5","Mammalia","Rodentia","Cricetidae","Arvicolinae","Microtus","sp.","upper right M2","","LACMP23-28561","Microtus sp."
"25","NSF-16-289","A1/L5","Mammalia","Lagomorpha","Leporidae","","Sylvilagus","sp.","right maxillary frag (lingual side)","","LACMP23-28562","Sylvilagus sp."
"26","NSF-16-290","A1/L5","Mammalia","Lagomorpha","Leporidae","","Sylvilagus","sp.","juv. upper right P2","","LACMP23-28563","Sylvilagus sp."
"27","NSF-16-327","A1/L6","Mammalia","Rodentia","Sciuridae","","Neotamias","cf. merriami","lower left dp4","","LACMP23-28640","Neotamias cf. merriami"
"28","NSF-16-328","A1/L6","Mammalia","Rodentia","Sciuridae","","cf. Otospermophilus","beecheyi","upper left P4","large, unusualy elongte lingual lobe, looks more like O. varigatus","LACMP23-28641","cf. Otospermophilus beecheyi"
"29","NSF-16-329","A1/L6","Mammalia","Rodentia","Sciuridae","","cf. Neotamias","","maxillary frag","","LACMP23-28642","cf. Neotamias "
"30","NSF-16-330","A1/L6","Mammalia","Rodentia","Sciuridae","","Otospermophilus","cf. beecheyi","lower right p4","","LACMP23-28643","Otospermophilus cf. beecheyi"
"31","NSF-16-331","A1/L6","Mammalia","Rodentia","Sciuridae","","cf. Otospermophilus","beecheyi","lower left p4","heavily weathered, acid etching?","LACMP23-28644","cf. Otospermophilus beecheyi"
"32","NSF-16-332","A1/L6","Mammalia","Rodentia","Sciuridae","","cf. Otospermophilus","beecheyi","partial upper left M1/M2","","LACMP23-28645","cf. Otospermophilus beecheyi"
"33","NSF-16-334","A1/L6","Mammalia","Rodentia","Sciuridae","","cf. Otospermophilus","beecheyi","upper left P4","heavily weathered, acid etching?","LACMP23-28646","cf. Otospermophilus beecheyi"
"34","NSF-16-335","A1/L6","Mammalia","Rodentia","Sciuridae","","Otospermophilus","cf. beecheyi","lower left m3 frag","","LACMP23-28647","Otospermophilus cf. beecheyi"
"35","NSF-16-336","A1/L6","Mammalia","Rodentia","cf. Sciuridae","","","","tooth frag","","LACMP23-28648"," "
"36","NSF-16-337","A1/L6","Mammalia","Rodentia","Cricetidae","Arvicolinae","Microtus","sp.","lower right m1","occlusal surface of anterior loop broken","LACMP23-28649","Microtus sp."
"37","NSF-16-338","A1/L6","Mammalia","Rodentia","Cricetidae","Arvicolinae","Microtus","sp.","upper left M3","","LACMP23-28650","Microtus sp."
"38","NSF-16-339","A1/L6","Mammalia","Rodentia","Cricetidae","Arvicolinae","Microtus","sp.","upper right M3","","LACMP23-28651","Microtus sp."
"39","NSF-16-340","A1/L6","Mammalia","Rodentia","Cricetidae","Arvicolinae","Microtus","sp.","lower left m2","","LACMP23-28652","Microtus sp."
"40","NSF-16-341","A1/L6","Mammalia","Rodentia","Cricetidae","Arvicolinae","Microtus","sp.","molar frag","","LACMP23-28653","Microtus sp."
"41","NSF-16-342","A1/L6","Mammalia","Rodentia","Cricetidae","Arvicolinae","Microtus","sp.","upper right M2","","LACMP23-28654","Microtus sp."
"42","NSF-16-343","A1/L6","Mammalia","Rodentia","Cricetidae","Arvicolinae","cf. Microtus","sp.","lower right m2","small accessory anterior triangle present, occlusal surf. Poorly preserved","LACMP23-28655","cf. Microtus sp."
"43","NSF-16-344","A1/L6","Mammalia","Rodentia","Cricetidae","Neotominae","Neotoma","sp.","lower left m2?","poorly preserved, anterior broken","LACMP23-28656","Neotoma sp."
"44","NSF-16-345","A1/L6","Mammalia","Rodentia","Cricetidae","Neotominae","cf. Peromyscus","","upper right M1 frag","","LACMP23-28657","cf. Peromyscus "
"45","NSF-16-346","A1/L6","Mammalia","Rodentia","Cricetidae","Neotominae","","","molar frag","","LACMP23-28658"," "
"46","NSF-16-347","A1/L6","Mammalia","Lagomorpha","Leporidae","","Sylvilagus","sp.","lower m3","","LACMP23-28659","Sylvilagus sp."
"47","NSF-16-348","A1/L6","Mammalia","Lagomorpha","Leporidae","","Sylvilagus","sp.","lower m4","","LACMP23-28660","Sylvilagus sp."
"48","NSF-16-349","A1/L6","Mammalia","Lagomorpha","Leporidae","","Sylvilagus","cf. audubonii","lower left p3","enamel band not well preserved","LACMP23-28661","Sylvilagus cf. audubonii"
"49","NSF-16-350","A1/L6","Mammalia","Lagomorpha","Leporidae","","Sylvilagus","sp.","dentary frag with tooth","","LACMP23-28662","Sylvilagus sp."
"50","NSF-16-351","A1/L6","Mammalia","Lagomorpha","Leporidae","","Sylvilagus","sp.","right anterior dentary frag","","LACMP23-28663","Sylvilagus sp."
"51","NSF-16-352","A1/L6","Mammalia","Lagomorpha","Leporidae","","Sylvilagus","sp.","upper left tooth","","LACMP23-28664","Sylvilagus sp."
"52","NSF-16-353","A1/L6","Mammalia","Lagomorpha","Leporidae","","Sylvilagus","sp.","upper tooth frag","","LACMP23-28665","Sylvilagus sp."
"53","NSF-16-354","A1/L6","Mammalia","Lagomorpha","Leporidae","","Sylvilagus","sp.","upper tooth frag","","LACMP23-28666","Sylvilagus sp."
"54","NSF-16-355","A1/L6","Mammalia","Lagomorpha","Leporidae","","Sylvilagus","sp.","juv lower tooth","","LACMP23-28667","Sylvilagus sp."
"55","NSF-16-356","A1/L6","Mammalia","Lagomorpha","Leporidae","","Sylvilagus","sp.","juv lower tooth","","LACMP23-28668","Sylvilagus sp."
"56","NSF-16-357","A1/L6","Mammalia","Lagomorpha","Leporidae","","Sylvilagus","sp.","lower left tooth","","LACMP23-28669","Sylvilagus sp."
"57","NSF-16-358","A1/L6","Mammalia","Lagomorpha","Leporidae","","Sylvilagus","sp.","lower left tooth","","LACMP23-28670","Sylvilagus sp."
"58","NSF-16-359","A1/L6","Mammalia","Rodentia","Leporidae","","Sylvilagus","sp.","upper M3","","LACMP23-28671","Sylvilagus sp."
"59","NSF-16-360","A1/L6","Mammalia","Carnivora","cf. Mustelidae","","Taxidea","taxus","incisor frag","","LACMP23-28672","Taxidea taxus"
"60","NSF-16-361","A1/L7","Mammalia","Rodentia","Cricetidae","Arvicolinae","cf. Microtus","","upper right M1","triangles much more splayed and gracile than typical","LACMP23-28673","cf. Microtus "
"61","NSF-16-362","A1/L7","Mammalia","Rodentia","Cricetidae","Neotominae","Peromyscus","sp.","right dentary w/ m2","m2 moderately worn","LACMP23-28674","Peromyscus sp."
"62","NSF-16-363","A1/L7","Mammalia","Rodentia","Cricetidae","Neotominae","Peromyscus","sp.","lower right m2","moderately worn, possibly asscoiated w/ NSF-16-362","LACMP23-28675","Peromyscus sp."
"63","NSF-16-364","A1/L7","Mammalia","Rodentia","Sciuridae","","Otospermophilus","cf. beecheyi","upper left M3","","LACMP23-28676","Otospermophilus cf. beecheyi"
"64","NSF-16-365","A1/L7","Mammalia","Rodentia","Sciuridae","","cf. Otospermophilus","beecheyi","lower left p4/m1","poorly preserved","LACMP23-28677","cf. Otospermophilus beecheyi"
"65","NSF-16-366","A1/L7","Mammalia","Carnivora","Mephitidae","","Mephitis","mephitis","lower right m2","","LACMP23-28678","Mephitis mephitis"
"66","NSF-16-367","A1/L7","Mammalia","Lagomorpha","Leporidae","","Sylvilagus","sp.","upper right tooth","","LACMP23-28679","Sylvilagus sp."
"67","NSF-16-368","A1/L7","Mammalia","Lagomorpha","Leporidae","","Sylvilagus","sp.","upper tooth frag","","LACMP23-28680","Sylvilagus sp."
"68","NSF-16-369","A1/L7","Mammalia","Lagomorpha","Leporidae","","Sylvilagus","sp.","upper tooth frag","","LACMP23-28681","Sylvilagus sp."
"69","NSF-16-370","A1/L7","Mammalia","Lagomorpha","Leporidae","","Sylvilagus","sp.","lower left tooth","","LACMP23-28682","Sylvilagus sp."
"70","NSF-16-371","A1/L7","Mammalia","Lagomorpha","Leporidae","","Sylvilagus","sp.","lower right tooth","","LACMP23-28683","Sylvilagus sp."
"71","NSF-16-417","A1/L9+10","Mammalia","Rodentia","Cricetidae","Neotominae","","","anterior dentary frag","","LACMP23-29227"," "
"72","NSF-16-418","A1/L9+10","Mammalia","Rodentia","cf. Heteromyidae","","","","tooth ","","LACMP23-29228"," "
"73","NSF-16-419","A1/L9+10","Mammalia","Lagomorpha","Leporidae","","Sylvilagus","audubonii","lower left p3","","LACMP23-29229","Sylvilagus audubonii"
"74","NSF-16-420","A1/L9+10","Mammalia","Lagomorpha","Leporidae","","Sylvilagus","sp.","juv. lower left tooth","","LACMP23-29230","Sylvilagus sp."
"75","NSF-16-421","A1/L9+10","Mammalia","Lagomorpha","Leporidae","","","","tooth frag","","LACMP23-29231"," "
"76","NSF-16-422","A1/L9+10","Mammalia","Rodentia","","","","","lower inciosr","","LACMP23-29232"," "
"77","NSF-16-04","A2/L2","Mammalia","Rodentia","Sciuridae","","Otospermophilus","cf. beecheyi","left maxilla and P4","","LACMP23-28073","Otospermophilus cf. beecheyi"
"78","NSF-16-05A","A2/L2","Mammalia","Lagomorpha","Leporidae","","Sylvilagus","sp.","upper tooth frag","","LACMP23-28080","Sylvilagus sp."
"79","NSF-16-05B","A2/L2","Mammalia","Lagomorpha","Leporidae","","Sylvilagus","sp.","upper tooth frag","","LACMP23-28081","Sylvilagus sp."
"80","NSF-16-06","A2/L2","Mammalia","Rodentia","Sciuridae","","Otospermophilus","cf. beecheyi","upper left M3","","LACMP23-28079","Otospermophilus cf. beecheyi"
"81","NSF-16-07","A2/L2","Mammalia","Lagomorpha","Leporidae","","Sylvilagus","bachmani","lower right p3","","LACMP23-28082","Sylvilagus bachmani"
"82","NSF-16-08","A2/L2","Mammalia","Rodentia","Sciuridae","","Otospermophilus","cf. beecheyi","lower right m1 ","","LACMP23-28083","Otospermophilus cf. beecheyi"
"83","NSF-16-09","A2/L2","Mammalia","Lagomorpha","Leporidae","","Sylvilagus","audubonii","lower left p3","","LACMP23-28084","Sylvilagus audubonii"
"84","NSF-16-10","A2/L2","Mammalia","Rodentia","Sciuridae","","Otospermophilus","cf. beecheyi","lower right m1","","LACMP23-28085","Otospermophilus cf. beecheyi"
"85","NSF-16-11","A2/L2","Mammalia","Lagomorpha","Leporidae","","cf. Sylvilagus","","upper incisor","","LACMP23-28086","cf. Sylvilagus "
"86","NSF-16-12","A2/L2","Mammalia","Rodentia/Lagomorpha","","","","","misc. incisors","","LACMP23-28087; LACMP23-28088; LACMP23-28089; LACMP23-28090; LACMP23-28091; LACMP23-28092"," "
"87","NSF-16-13","A2/L2","Mammalia","Rodentia/Lagomorpha","","","","","incisor","","LACMP23-28093"," "
"88","NSF-16-63","A2/L3","Mammalia","Carnivora","Mustelidae","","Mustela","frenata","dentary with m1 and p3","missing coronoid process; p3 found in mesh 16; p2 alveolus absent","LACMP23-28152","Mustela frenata"
"89","NSF-16-64","A2/L3","Mammalia","Carnivora","Canidae","","Canis","latrans","upper right P1","","LACMP23-28153","Canis latrans"
"90","NSF-16-65","A2/L3","Aves","","","","","","beak","","LACMP23-28177"," "
"91","NSF-16-66","A2/L3","Mammalia","Carnivora","Canidae","","Canis","latrans","upper partial incisor","","LACMP23-28154","Canis latrans"
"92","NSF-16-67","A2/L3","Mammalia","Rodentia","Cricetidae","Neotominae","Peromyscus","sp.","complete left dentary w/o teeth","","LACMP23-28155","Peromyscus sp."
"93","NSF-16-68","A2/L3","Mammalia","Rodentia","Cricetidae","Arvicolinae","Microtus","","upper left M1","","LACMP23-28156","Microtus "
"94","NSF-16-69","A2/L3","Mammalia","Rodentia","Cricetidae","Arvicolinae","Microtus","","lower right m1","","LACMP23-28157","Microtus "
"95","NSF-16-70","A2/L3","Mammalia","Rodentia","Cricetidae","Arvicolinae","Microtus","","lower right m1","","LACMP23-28158","Microtus "
"96","NSF-16-71","A2/L3","Mammalia","Rodentia","Cricetidae","Arvicolinae","Microtus","","lower right m1","","LACMP23-28159","Microtus "
"97","NSF-16-72","A2/L3","Mammalia","Rodentia","Cricetidae","Arvicolinae","Microtus","","lower left m1","","LACMP23-28160","Microtus "
"98","NSF-16-73","A2/L3","Mammalia","Rodentia","Sciuridae","","Otospermophilus","cf. beecheyi","upper right M3","","LACMP23-28161","Otospermophilus cf. beecheyi"
"99","NSF-16-74","A2/L3","Mammalia","Rodentia","Sciuridae","","Otospermophilus","cf. beecheyi","upper left M2","","LACMP23-28162","Otospermophilus cf. beecheyi"
"100","NSF-16-75","A2/L3","Mammalia","Rodentia","Sciuridae","","Otospermophilus","cf. beecheyi","upper right M1/M2","","LACMP23-28163","Otospermophilus cf. beecheyi"
"101","NSF-16-76","A2/L3","Mammalia","Rodentia","Sciuridae","","Otospermophilus","cf. beecheyi","upper right M1/M2","","LACMP23-28164","Otospermophilus cf. beecheyi"
"102","NSF-16-77","A2/L3","Mammalia","Rodentia","Sciuridae","","Otospermophilus","cf. beecheyi","lower right p4","","LACMP23-28165","Otospermophilus cf. beecheyi"
"103","NSF-16-78","A2/L3","Mammalia","Lagomorpha","Leporidae","","Sylvilagus","sp.","upper right tooth","","LACMP23-28166","Sylvilagus sp."
"104","NSF-16-79","A2/L3","Mammalia","Lagomorpha","Leporidae","","Sylvilagus","sp.","lower right tooth","","LACMP23-28167","Sylvilagus sp."
"105","NSF-16-80","A2/L3","Mammalia","Lagomorpha","Leporidae","","Sylvilagus","sp.","lower right tooth","","LACMP23-28168","Sylvilagus sp."
"106","NSF-16-81","A2/L3","Mammalia","Lagomorpha","Leporidae","","Sylvilagus","sp.","lower right tooth","","LACMP23-28169","Sylvilagus sp."
"107","NSF-16-82","A2/L3","Mammalia","Lagomorpha/Rodentia","","","","","misc. incisors and crania/dentary frags","","LACMP23-28170; LACMP23-28171; LACMP23-28172; LACMP23-28173; LACMP23-28174; LACMP23-28175"," "
"108","NSF-16-83","A2/L3","Mammalia","Lagomorpha","Leporidae","","Sylvilagus","sp.","juv tooth frag","","LACMP23-28176","Sylvilagus sp."
"109","NSF-16-84","A2/L3","Mammalia","Rodentia","Cricetidae","Arvicolinae","Microtus","sp.","upper left M2","","LACMP23-28178","Microtus sp."
"110","NSF-16-85","A2/L3","Mammalia","Rodentia","Cricetidae","Arvicolinae","Microtus","sp.","upper right M2","","LACMP23-28179","Microtus sp."
"111","NSF-16-86","A2/L3","Mammalia","Rodentia","Cricetidae","Neotominae","Peromyscus","sp.","lower left m1","","LACMP23-28180","Peromyscus sp."
"112","NSF-16-87","A2/L3","Mammalia","Lagomorpha","Leporidae","","cf. Sylvilagus","","upper tooth frag","","LACMP23-28181","cf. Sylvilagus "
"113","NSF-16-88","A2/L3","Mammalia","Rodentia","Cricetidae","Neotominae","cf. Peromyscus","","upper left M2 ","worn/etched","LACMP23-28182","cf. Peromyscus "
"114","NSF-16-89","A2/L3","Mammalia","Rodentia","Geomyidae","","Thomomys","sp.","lower right M1/M2","","LACMP23-28183","Thomomys sp."
"115","NSF-16-90","A2/L3","Mammalia","Rodentia","Cricetidae","Arvicolinae","Microtus","sp.","upper right M1","","LACMP23-28184","Microtus sp."
"116","NSF-16-91","A2/L3","Mammalia","Rodentia","Sciuridae","","cf. Otospermophilus","","lower molar fragment","","LACMP23-28185","cf. Otospermophilus "
"117","NSF-16-92","A2/L3","Mammalia","Rodentia","Cricetidae","Neotominae","cf. Peromyscus","","upper left M1","","LACMP23-28186","cf. Peromyscus "
"118","NSF-16-93","A2/L3","Mammalia","Lagomorpha","Leporidae","","Sylvilagus","cf. bachmanii","juv. Lower right p3","","LACMP23-28187","Sylvilagus cf. bachmanii"
"119","NSF-16-94","A2/L3","Mammalia","Rodentia","Cricetidae","Arvicolinae","Microtus","sp.","upper left M2","","LACMP23-28188","Microtus sp."
"120","NSF-16-95","A2/L3","Mammalia","Rodentia","Cricetidae","Neotominae","Reithrodontomys","cf. megalotis","lower left m2","","LACMP23-28189","Reithrodontomys cf. megalotis"
"121","NSF-16-96","A2/L3","Mammalia","Rodentia","Cricetidae","Neotominae","cf. Reithrodontomys","","lower m1","","LACMP23-28190","cf. Reithrodontomys "
"122","NSF-16-97","A2/L3","Mammalia","Rodentia","Cricetidae","Arvicolinae","Microtus","sp.","upper right M1","","LACMP23-28191","Microtus sp."
"123","NSF-16-98","A2/L3","Mammalia","Rodentia","Cricetidae","Arvicolinae","cf. Microtus","","partial molar","","LACMP23-28192","cf. Microtus "
"124","NSF-16-99","A2/L3","Mammalia","Rodentia","Sciuridae","","cf. Otospermophilus","beecheyi","lower molar fragment","","LACMP23-28193","cf. Otospermophilus beecheyi"
"125","NSF-16-100","A2/L3","Mammalia","??","","","","","partial tooth","","LACMP23-28194"," "
"126","NSF-16-101","A2/L3","Mammalia","Rodentia","Cricetidae","Arvicolinae","Microtus","sp.","upper left M2","","LACMP23-28195","Microtus sp."
"127","NSF-16-102","A2/L3","Mammalia","Rodentia","Cricetidae","Arvicolinae","Microtus","sp.","lower molar fragment","anterior broken","LACMP23-28196","Microtus sp."
"128","NSF-16-103","A2/L3","Mammalia","Lagomorpha","Leporidae","","Sylvilagus","sp.","juvenile lower tooth fragment","","LACMP23-28197","Sylvilagus sp."
"129","NSF-16-104","A2/L3","Mammalia","Rodentia","Geomyidae","","Thomomys","sp.","lower right M1/M2","","LACMP23-28198","Thomomys sp."
"130","NSF-16-105","A2/L3","Mammalia","Rodentia","Cricetidae","Arvicolinae","Microtus","","partial upper molar ","","LACMP23-28224","Microtus "
"131","NSF-16-106","A2/L3","Mammalia","Rodentia","Cricetidae","Arvicolinae","Microtus","sp.","partial lower right m1","posterior broken","LACMP23-28199","Microtus sp."
"132","NSF-16-107","A2/L3","Mammalia","Rodentia","Cricetidae","Neotominae","Reithrodontomys","cf. megalotis","upper right M1","","LACMP23-28200","Reithrodontomys cf. megalotis"
"133","NSF-16-108","A2/L3","Mammalia","Rodentia","Geomyidae","","Thomomys","cf. bottae","upper left P4","","LACMP23-28201","Thomomys cf. bottae"
"134","NSF-16-109","A2/L3","Mammalia","Lagomorpha","Leporidae","","Sylvilagus","sp.","upper left P2","","LACMP23-28202","Sylvilagus sp."
"135","NSF-16-110","A2/L3","Mammalia","Rodentia","Cricetidae","Arvicolinae","cf. Microtus","","molar fragment","both ends broken","LACMP23-28203","cf. Microtus "
"136","NSF-16-111","A2/L3","Mammalia","Rodentia","Cricetidae","Neotominae","Reithrodontomys","cf. megalotis","lower left m2","","LACMP23-28204","Reithrodontomys cf. megalotis"
"137","NSF-16-112","A2/L3","Mammalia","Rodentia","Cricetidae","Neotominae","Onychomys","torridus","upper right M1","","LACMP23-28205","Onychomys torridus"
"138","NSF-16-113","A2/L3","Mammalia","Rodentia/Lagomorpha","","","","","misc. incisors, denary frags, and tooth frags","","LACMP23-28206; LACMP23-28207; LACMP23-28208; LACMP23-28209; LACMP23-28210: LACMP23-28211; LACMP23-28212; LACMP23-28213; LACMP23-28214; LACMP23-28215; LACMP23-28216; LACMP23-28217; LACMP23-28218; LACMP23-28219; LACMP23-28220; LACMP23-28221; LACMP23-28222; LACMP23-28223; "," "
"139","NSF-16-146","A2/L4","Mammalia","Rodentia","Cricetidae","Neotominae","Neotoma","","lower right m2","","LACMP23-28267","Neotoma "
"140","NSF-16-147","A2/L4","Mammalia","Rodentia","Cricetidae","Arvicolinae","Microtus","","lower right m1","","LACMP23-28268","Microtus "
"141","NSF-16-148","A2/L4","Mammalia","Rodentia","Cricetidae","Arvicolinae","Microtus","","lower left m1","","LACMP23-28269","Microtus "
"142","NSF-16-149","A2/L4","Mammalia","Rodentia","Cricetidae","Arvicolinae","Microtus","","lower right m1","","LACMP23-28270","Microtus "
"143","NSF-16-150","A2/L4","Mammalia","Rodentia","Cricetidae","Arvicolinae","Microtus","","upper right M1","","LACMP23-28271","Microtus "
"144","NSF-16-151","A2/L4","Mammalia","Rodentia","Cricetidae","Arvicolinae","Microtus","","upper left M2","anterior loop broken","LACMP23-28272","Microtus "
"145","NSF-16-152","A2/L4","Mammalia","Lagomorpha","Leporidae","","Sylvilagus","sp.","lower m3","","LACMP23-28273","Sylvilagus sp."
"146","NSF-16-153","A2/L4","Mammalia","Rodentia","Sciuridae","","Otospermophilus","cf. beecheyi","lower left molar","","LACMP23-28274","Otospermophilus cf. beecheyi"
"147","NSF-16-154","A2/L4","Mammalia","Rodentia","Sciuridae","","Otospermophilus","cf. beecheyi","juv. lower right m1/m2","","LACMP23-28275","Otospermophilus cf. beecheyi"
"148","NSF-16-155","A2/L4","Mammalia","Lagomorpha","Leporidae","","Sylvilagus","","upper left P2","","LACMP23-28276","Sylvilagus "
"149","NSF-16-156","A2/L4","Mammalia","Lagomorpha","Leporidae","","Sylvilagus","","upper right P2","","LACMP23-28277","Sylvilagus "
"150","NSF-16-157","A2/L4","Mammalia","Lagomorpha","Leporidae","","Sylvilagus","","upper tooth","","LACMP23-28278","Sylvilagus "
"151","NSF-16-158a","A2/L4","Mammalia","Lagomorpha","Leporidae","","","","tooth frag","","LACMP23-28279"," "
"152","NSF-16-158b","A2/L4","Mammalia","Lagomorpha","Leporidae","","Sylvilagus","sp.","upper tooth frag","","LACMP23-28280","Sylvilagus sp."
"153","NSF-16-158c","A2/L4","Mammalia","Lagomorpha","Leporidae","","Sylvilagus","sp.","upper right tooth frag","","LACMP23-28281","Sylvilagus sp."
"154","NSF-16-158d","A2/L4","Mammalia","Lagomorpha","Leporidae","","","","tooth frag","","LACMP23-28282"," "
"155","NSF-16-158e","A2/L4","Mammalia","Lagomorpha","Leporidae","","Sylvilagus","sp.","upper tooth frag","","LACMP23-28283","Sylvilagus sp."
"156","NSF-16-159","A2/L4","Mammalia","Rodentia/Lagomorpha","","","","","misc. incisors","","LACMP23-28284; LACMP23-28285; LACMP23-28286; LACMP23-28287; LACMP23-28288; LACMP23-28289; LACMP23-28290"," "
"157","NSF-16-160","A2/L4","Mammalia","Rodentia/Lagomorpha","","","","","misc. skull and dentary frags","",""," "
"158","NSF-16-161","A2/L4","Mammalia","Carnivora","","","","","premolar cusp frag","","LACMP23-28291"," "
"159","NSF-16-162","A2/L4","Mammalia","","","","","","baculum?","","LACMP23-28292"," "
"160","NSF-16-163","A2/L4","Mammalia","Rodentia","Cricetidae","Neotominae","Peromyscus","sp.","upper right M1","","LACMP23-28293","Peromyscus sp."
"161","NSF-16-164","A2/L4","Mammalia","Rodentia","Cricetidae","Arvicolinae","Microtus","","molar fragment","","LACMP23-28294","Microtus "
"162","NSF-16-165","A2/L4","Mammalia","Rodentia","Sciuridae","","cf. Otospermophilus","beecheyi","partial upper left M1-M2","","LACMP23-28295","cf. Otospermophilus beecheyi"
"163","NSF-16-166","A2/L4","Mammalia","cf. Rodentia","","","","","tooth frag ","strange looking","LACMP23-28296"," "
"164","NSF-16-167","A2/L4","Mammalia","Lagomorpha","Leporidae","","Sylvilagus","sp.","partial upper tooth","","LACMP23-28297","Sylvilagus sp."
"165","NSF-16-168","A2/L4","Mammalia","Carnivora","","","","","incisor","","LACMP23-28298"," "
"166","NSF-16-169","A2/L4","Mammalia","Carnivora","","","","","incisor","","LACMP23-28299"," "
"167","NSF-16-170","A2/L4","Mammalia","Rodentia","Cricetidae","Arvicolinae","Microtus","","left upper M3","","LACMP23-28300","Microtus "
"168","NSF-16-171","A2/L4","Mammalia","Rodentia","Cricetidae","Arvicolinae","Microtus","","lower molar fragment","","LACMP23-28301","Microtus "
"169","NSF-16-172","A2/L4","Mammalia","Rodentia","Heteromyidae","","Perognathus","sp.","upper left M1/M2","","LACMP23-28302","Perognathus sp."
"170","NSF-16-173","A2/L4","Mammalia","","","","","","partial tooth incisor","","LACMP23-28303"," "
"171","NSF-16-174","A2/L4","Mammalia","Rodentia","Cricetidae","Arvicolinae","Microtus","","upper right M1","","LACMP23-28204","Microtus "
"172","NSF-16-175","A2/L4","Mammalia","Rodentia","Cricetidae","Arvicolinae","Microtus","","upper right M2","","LACMP23-28305","Microtus "
"173","NSF-16-176","A2/L4","Mammalia","Rodentia","Cricetidae","Arvicolinae","Microtus","","lower right M3","","LACMP23-28306","Microtus "
"174","NSF-16-177","A2/L4","Mammalia","Rodentia","Cricetidae","Arvicolinae","Microtus","","lower left M3","","LACMP23-28307","Microtus "
"175","NSF-16-178","A2/L4","Mammalia","Rodentia","Geomyidae","","Thomomys","sp.","lower left m1/m2","","LACMP23-28308","Thomomys sp."
"176","NSF-16-179","A2/L4","Mammalia","Rodentia","Cricetidae","Arvicolinae","Microtus","","lower right M2","","LACMP23-28309","Microtus "
"177","NSF-16-180","A2/L4","Mammalia","Rodentia","Cricetidae","Arvicolinae","Microtus","","lower right M2","anterior broken","LACMP23-28310","Microtus "
"178","NSF-16-181","A2/L4","Mammalia","Rodentia","Sciuridae","","","","lower molar fragment","","LACMP23-28311"," "
"179","NSF-16-182","A2/L4","Mammalia","Rodentia","Cricetidae","Arvicolinae","Microtus","","lower left M2","posterior broken","LACMP23-28312","Microtus "
"180","NSF-16-183","A2/L4","Mammalia","Rodentia","Cricetidae","Neotominae","cf. Peromyscus","","moderately worn lower left m2","","LACMP23-28313","cf. Peromyscus "
"181","NSF-16-184","A2/L4","Mammalia","Rodentia","Sciuridae","","Otospermophilus","cf. beecheyi","partial upper right P4","","LACMP23-28314","Otospermophilus cf. beecheyi"
"182","NSF-16-185","A2/L4","Mammalia","Lagomorpha","Leporidae","","Sylvilagus","sp.","lower left tooth","","LACMP23-28315","Sylvilagus sp."
"183","NSF-16-186","A2/L4","Mammalia","Rodentia","Cricetidae","Arvicolinae","Microtus","","upper right M1","","LACMP23-28316","Microtus "
"184","NSF-16-187","A2/L4","Mammalia","Lagomorpha","Leporidae","","Sylvilagus","sp.","upper left tooth","","LACMP23-28317","Sylvilagus sp."
"185","NSF-16-188","A2/L4","Mammalia","Rodentia","Cricetidae","Arvicolinae","Microtus","","lower right m1","","LACMP23-28318","Microtus "
"186","NSF-16-189","A2/L4","Mammalia","Rodentia","Cricetidae","Arvicolinae","Microtus","","upper molar fragment","","LACMP23-28319","Microtus "
"187","NSF-16-190","A2/L4","Mammalia","Rodentia","Cricetidae","Arvicolinae","Microtus","","upper left M2","anterior loop broken","LACMP23-28320","Microtus "
"188","NSF-16-191","A2/L4","Mammalia","Rodentia","Cricetidae","Arvicolinae","Microtus","","upper right M1 fragment","","LACMP23-28321","Microtus "
"189","NSF-16-192","A2/L4","Mammalia","Lagomorpha","Leporidae","","Sylvilagus","sp.","lower left tooth (2 frags)","","LACMP23-28322; LACMP23-28323","Sylvilagus sp."
"190","NSF-16-193","A2/L4","Mammalia","Carnivora","Canidae","","Canis","sp.","upper right incisor fragment","","LACMP23-28324","Canis sp."
"191","NSF-16-194","A2/L4","Mammalia","Rodentia/Lagomorpha","","","","","misc. incisors and tooth frags","","Not Cataloged"," "
"192","NSF-16-195","A2/L5","Mammalia","Rodentia","Cricetidae","Arvicolinae","Microtus","","lower right m1","","LACMP23-28325","Microtus "
"193","NSF-16-196","A2/L5","Mammalia","Rodentia","Cricetidae","Arvicolinae","Microtus","","lower right m1","","LACMP23-28326","Microtus "
"194","NSF-16-197","A2/L5","Mammalia","Rodentia","Cricetidae","Arvicolinae","Microtus","","lower right m1","","LACMP23-28327","Microtus "
"195","NSF-16-198","A2/L5","Mammalia","Rodentia","Cricetidae","Arvicolinae","Microtus","","lower left m1","","LACMP23-28328","Microtus "
"196","NSF-16-199","A2/L5","Mammalia","Rodentia","Cricetidae","Arvicolinae","Microtus","","upper right M1","","LACMP23-28329","Microtus "
"197","NSF-16-200","A2/L5","Mammalia","Rodentia","Cricetidae","Arvicolinae","Microtus","","upper left M1","","LACMP23-28330","Microtus "
"198","NSF-16-201","A2/L5","Mammalia","Rodentia","Cricetidae","Arvicolinae","Microtus","","upper right M3","","LACMP23-28331","Microtus "
"199","NSF-16-202","A2/L5","Mammalia","Rodentia","Cricetidae","Arvicolinae","Microtus","","upper left M3","","LACMP23-28333","Microtus "
"200","NSF-16-203","A2/L5","Mammalia","Rodentia","Sciuridae","","Otospermophilus","cf. beecheyi","upper left P4","","LACMP23-28334","Otospermophilus cf. beecheyi"
"201","NSF-16-204","A2/L5","Mammalia","Rodentia","Sciuridae","","Otospermophilus","cf. beecheyi","upper left M3","","LACMP23-28335","Otospermophilus cf. beecheyi"
"202","NSF-16-205","A2/L5","Mammalia","Rodentia","Sciuridae","","Otospermophilus","cf. beecheyi","partial upper right P4","","LACMP23-28336","Otospermophilus cf. beecheyi"
"203","NSF-16-206","A2/L5","Mammalia","Lagomorpha","Leporidae","","Sylvilagus","sp.","right maxilla and zygoma w/ P3","","LACMP23-28337","Sylvilagus sp."
"204","NSF-16-207","A2/L5","Mammalia","Lagomorpha","Leporidae","","Sylvilagus","sp.","upper right tooth","","LACMP23-28338","Sylvilagus sp."
"205","NSF-16-208","A2/L5","Mammalia","Lagomorpha","Leporidae","","Sylvilagus","sp.","upper right tooth","","LACMP23-28339","Sylvilagus sp."
"206","NSF-16-209","A2/L5","Mammalia","Rodentia","Geomyidae","","Thomomys","cf. bottae","upper left P4","","LACMP23-28340","Thomomys cf. bottae"
"207","NSF-16-210","A2/L5","Mammalia","Rodentia/Lagomorpha","","","","","Misc. rodent/lagomorph partial teeth, incisors, and skull frags","","Not Cataloged"," "
"208","NSF-16-211","A2/L5","Mammalia","Lagomorpha","Leporidae","","Sylvilagus","cf. audubonii","juv. lower right p3","enamel band complexity b/w typical S. bachmani and S. audubonii","LACMP23-28341","Sylvilagus cf. audubonii"
"209","NSF-16-212","A2/L5","Mammalia","Lagomorpha","Leporidae","","Sylvilagus","sp.","lower left tooth","","LACMP23-28332","Sylvilagus sp."
"210","NSF-16-213","A2/L5","Mammalia","Lagomorpha","Leporidae","","Sylvilagus","sp.","upper right tooth","","LACMP23-28342","Sylvilagus sp."
"211","NSF-16-214","A2/L5","Mammalia","Lagomorpha","Leporidae","","Sylvilagus","sp.","maxillary frag w/ tooth alveolus","","LACMP23-28343","Sylvilagus sp."
"212","NSF-16-215","A2/L5","Mammalia","Rodentia","Cricetidae","Arvicolinae","Microtus","sp.","upper right M3","","LACMP23-28344","Microtus sp."
"213","NSF-16-216","A2/L5","Mammalia","Lagomorpha","Leporidae","","Sylvilagus","sp.","lower m3","","LACMP23-28345","Sylvilagus sp."
"214","NSF-16-217","A2/L5","Mammalia","Carnivora","Mustelidae","","Mustela","cf. frenata","lower right m2","","LACMP23-28390","Mustela cf. frenata"
"215","NSF-16-218","A2/L5","Mammalia","Lagomorpha","Leporidae","","cf. Sylvilagus","sp.","partial tooth","","LACMP23-28391","cf. Sylvilagus sp."
"216","NSF-16-219a","A2/L5","Mammalia","Rodentia","Cricetidae","Arvicolinae","cf. Microtus","","molar frag","","LACMP23-28392","cf. Microtus "
"217","NSF-16-219b","A2/L5","Mammalia","Rodentia","Cricetidae","Arvicolinae","cf. Microtus","","molar frag","","LACMP23-28393","cf. Microtus "
"218","NSF-16-220","A2/L5","Mammalia","Rodentia","Cricetidae","Arvicolinae","Microtus","sp.","partial molar","","LACMP23-28394","Microtus sp."
"219","NSF-16-221","A2/L5","Mammalia","Rodentia","Cricetidae","Arvicolinae","Microtus","sp.","upper right M2","","LACMP23-28395","Microtus sp."
"220","NSF-16-222","A2/L5","Mammalia","Rodentia","","","","","anterior left dentary frag","","LACMP23-28396"," "
"221","NSF-16-223","A2/L5","Mammalia","Rodentia","Cricetidae","Arvicolinae","Microtus","sp.","upper right M2","occlusal surface worn/broken","LACMP23-28397","Microtus sp."
"222","NSF-16-224","A2/L5","Mammalia","Rodentia","Cricetidae","","","","lower molar","broken in three frags","LACMP23-28398"," "
"223","NSF-16-225","A2/L5","Mammalia","cf. Rodentia","","","","","tooth","strange looking","LACMP23-28399"," "
"224","NSF-16-226","A2/L5","Mammalia","Rodentia","Cricetidae","Arvicolinae","Microtus","sp.","lower right m2","","LACMP23-28400","Microtus sp."
"225","NSF-16-227","A2/L5","Mammalia","Rodentia","Cricetidae","Neotominae","Peromyscus","sp.","upper left M1","","LACMP23-28401","Peromyscus sp."
"226","NSF-16-228","A2/L5","Mammalia","Lagomorpha","Leporidae","","cf. Sylvilagus","sp.","partial tooth","","LACMP23-28402","cf. Sylvilagus sp."
"227","NSF-16-229a","A2/L5","Mammalia","Rodentia","Cricetidae","Arvicolinae","cf. Microtus","","molar frag","","LACMP23-28403","cf. Microtus "
"228","NSF-16-229b","A2/L5","Mammalia","Rodentia","Cricetidae","Arvicolinae","cf. Microtus","","molar frag","","LACMP23-28404","cf. Microtus "
"229","NSF-16-230","A2/L5","Mammalia","Rodentia","Cricetidae","Arvicolinae","Microtus","sp.","upper left M2","","LACMP23-28503","Microtus sp."
"230","NSF-16-231","A2/L5","Mammalia","Rodentia","Cricetidae","Arvicolinae","Microtus","sp.","upper left M3","","LACMP23-28504","Microtus sp."
"231","NSF-16-232","A2/L5","Mammalia","Rodentia","Sciuridae","","cf. Otospermophilus","beecheyi","upper left M1/M2","looks different, possibly due to wear","LACMP23-28505","cf. Otospermophilus beecheyi"
"232","NSF-16-233","A2/L5","Mammalia","Rodentia","Cricetidae","Arvicolinae","Microtus","sp.","lower right m2","","LACMP23-28506","Microtus sp."
"233","NSF-16-234","A2/L5","Mammalia","Rodentia","Cricetidae","Arvicolinae","Microtus","sp.","molar frag","","LACMP23-28507","Microtus sp."
"234","NSF-16-235","A2/L5","Mammalia","Lagomorpha","Leporidae","","Sylvilagus","sp.","upper left tooth cap","","LACMP23-28508","Sylvilagus sp."
"235","NSF-16-415","A2/L6","Mammalia","Lagomorpha","Leporidae","","Sylvilagus","sp.","juv. lower tooth","","LACMP23-29225","Sylvilagus sp."
"236","NSF-16-416","A2/L6","Mammalia","Rodentia","","","","","upper incisor ","","LACMP23-29226"," "
"237","NSF-16-249","B1/L2","Mammalia","Carnivora","Mephitidae","","Mephitis","mephitis","lower right m2","","LACMP23-28522","Mephitis mephitis"
"238","NSF-16-250","B1/L2","Mammalia","Carnivora","","","","","incisor","","LACMP23-28523"," "
"239","NSF-16-251","B1/L2","Mammalia","Rodentia","Cricetidae","Arvicolinae","Microtus","sp.","partial molar","","LACMP23-28524","Microtus sp."
"240","NSF-16-252","B1/L2","Mammalia","Rodentia","Cricetidae","Neotominae","Reithrodontomys","cf. megalotis","lower right m1","","LACMP23-28525","Reithrodontomys cf. megalotis"
"241","NSF-16-253","B1/L2","Mammalia","Rodentia","cf. Cricetidae","Neotominae","","","maxillary frag w/ tooth alveolus","","LACMP23-28526"," "
"242","NSF-16-254","B1/L2","Mammalia","Rodentia","Sciuridae","","Otospermophilus","cf. beecheyi","juv. lower right m1","","LACMP23-28527","Otospermophilus cf. beecheyi"
"243","NSF-16-255","B1/L2","Mammalia","Rodentia","Sciuridae","","Otospermophilus","cf. beecheyi","upper left P4","","LACMP23-28528","Otospermophilus cf. beecheyi"
"244","NSF-16-256","B1/L2","Mammalia","Lagomorpha","Leporidae","","Sylvilagus","sp.","left anterior dentary frag","","LACMP23-28529","Sylvilagus sp."
"245","NSF-16-257","B1/L2","Mammalia","Lagomorpha","Leporidae","","Sylvilagus","sp.","lower tooth","weathered","LACMP23-28530","Sylvilagus sp."
"246","NSF-16-258","B1/L2","Mammalia","Lagomorpha","Leporidae","","Sylvilagus","sp.","upper left tooth frag","","LACMP23-28531","Sylvilagus sp."
"247","NSF-16-259","B1/L2","Mammalia","Lagomorpha","Leporidae","","Sylvilagus","sp.","upper left tooth frag","","LACMP23-28532","Sylvilagus sp."
"248","NSF-16-260","B1/L2","Mammalia","Lagomorpha","Leporidae","","Sylvilagus","sp.","upper tooth frag","","LACMP23-28533","Sylvilagus sp."
"249","NSF-16-261","B1/L2","Mammalia","Lagomorpha","Leporidae","","Sylvilagus","sp.","upper left tooth frag","","LACMP23-28534","Sylvilagus sp."
"250","NSF-16-262","B1/L2","Mammalia","Lagomorpha","Leporidae","","Sylvilagus","sp.","upper tooth frag","","LACMP23-28535","Sylvilagus sp."
"251","NSF-16-263","B1/L2","Mammalia","Lagomorpha","Leporidae","","Sylvilagus","sp.","upper tooth frag","","LACMP23-28536","Sylvilagus sp."
"252","NSF-16-264","B1/L2","Mammalia","Lagomorpha","Leporidae","","Sylvilagus","sp.","juv. upper right P2","","LACMP23-28537","Sylvilagus sp."
"253","NSF-16-236","B1/L3","Mammalia","Rodentia","Cricetidae","Neotominae","Neotoma","","lower left m1","","LACMP23-28509","Neotoma "
"254","NSF-16-237","B1/L3","Mammalia","Rodentia","Cricetidae","Arvicolinae","Microtus","sp.","lower right m2","","LACMP23-28510","Microtus sp."
"255","NSF-16-238","B1/L3","Mammalia","Rodentia","Cricetidae","Arvicolinae","Microtus","sp.","lower left m3","","LACMP23-28511","Microtus sp."
"256","NSF-16-239","B1/L3","Mammalia","Rodentia","Cricetidae","Arvicolinae","Microtus","sp.","molar frag","","LACMP23-28512","Microtus sp."
"257","NSF-16-240","B1/L3","Mammalia","Rodentia","Cricetidae","Neotominae","cf. Peromyscus","","right dentary frag w/o teeth","","LACMP23-28513","cf. Peromyscus "
"258","NSF-16-241","B1/L3","Mammalia","Rodentia","Cricetidae","Neotominae","Peromyscus","sp.","upper left M2","","LACMP23-28514","Peromyscus sp."
"259","NSF-16-242","B1/L3","Mammalia","Rodentia","Cricetidae","Neotominae","Peromyscus","sp.","lower right m1","","LACMP23-28515","Peromyscus sp."
"260","NSF-16-243","B1/L3","Mammalia","Rodentia","Cricetidae","Neotominae","cf. Peromyscus","","lower left m2","relatively high-crowed, possibly Onychomys","LACMP23-28516","cf. Peromyscus "
"261","NSF-16-244","B1/L3","Mammalia","Rodentia","Cricetidae","Neotominae","cf. Peromyscus","","lower left m2 frag","","LACMP23-28517","cf. Peromyscus "
"262","NSF-16-245","B1/L3","Mammalia","Rodentia","Sciuridae","","","","lower molar fragment","","LACMP23-28518"," "
"263","NSF-16-246","B1/L3","Mammalia","Lagomorpha","Leporidae","","Sylvilagus","audubonii","juv. lower right p3","","LACMP23-28519","Sylvilagus audubonii"
"264","NSF-16-247","B1/L3","Mammalia","Lagomorpha","Leporidae","","cf. Sylvilagus","sp.","upper right tooth","","LACMP23-28520","cf. Sylvilagus sp."
"265","NSF-16-248","B1/L3","Mammalia","Lagomorpha","Leporidae","","Sylvilagus","sp.","upper tooth frag","","LACMP23-28521","Sylvilagus sp."
"266","NSF-16-265","B1/L4","Mammalia","Rodentia","Cricetidae","Arvicolinae","Microtus","","lower left m1","fractured anteriorly","LACMP23-28538","Microtus "
"267","NSF-16-266","B1/L4","Mammalia","Rodentia","Cricetidae","Arvicolinae","Microtus","sp.","upper right M1","fractured posteriorly","LACMP23-28539","Microtus sp."
"268","NSF-16-267","B1/L4","Mammalia","Rodentia","Cricetidae","Arvicolinae","Microtus","sp.","upper left M1","fractured posteriorly","LACMP23-28540","Microtus sp."
"269","NSF-16-268","B1/L4","Mammalia","Rodentia","Cricetidae","Arvicolinae","Microtus","sp.","lower left m2","","LACMP23-28541","Microtus sp."
"270","NSF-16-269","B1/L4","Mammalia","Rodentia","Cricetidae","Arvicolinae","Microtus","sp.","lower left m2","","LACMP23-28542","Microtus sp."
"271","NSF-16-270","B1/L4","Mammalia","Rodentia","Cricetidae","Arvicolinae","Microtus","sp.","molar frag","","LACMP23-28543","Microtus sp."
"272","NSF-16-271","B1/L4","Mammalia","Rodentia","Cricetidae","Arvicolinae","cf. Microtus","sp.","right dentary frag w/ tooth alveolus","","LACMP23-28544","cf. Microtus sp."
"273","NSF-16-272","B1/L4","Mammalia","Rodentia","Cricetidae","Arvicolinae","Microtus","sp.","right dentary frag w/ tooth alveolus","","LACMP23-28545","Microtus sp."
"274","NSF-16-273","B1/L4","Mammalia","Rodentia","Cricetidae","Neotominae","Onychomys","torridus","lower left m1","","LACMP23-28546","Onychomys torridus"
"275","NSF-16-274","B1/L4","Mammalia","Rodentia","Geomyidae","","Thomomys","cf. bottae","upper right P4","","LACMP23-28547","Thomomys cf. bottae"
"276","NSF-16-275","B1/L4","Mammalia","Rodentia","Geomyidae","","Thomomys","sp.","upper left M1/M2","","LACMP23-28548","Thomomys sp."
"277","NSF-16-276","B1/L4","Mammalia","Rodentia","Sciuridae","","Otospermophilus","cf. beecheyi","upper left M3 ","","LACMP23-28549","Otospermophilus cf. beecheyi"
"278","NSF-16-277","B1/L4","Mammalia","Rodentia","Sciuridae","","cf. Otospermophilus","beecheyi","partial lower left m3","","LACMP23-28550","cf. Otospermophilus beecheyi"
"279","NSF-16-278","B1/L4","Mammalia","Rodentia","Sciuridae","","Otospermophilus","cf. beecheyi","lower left p4","","LACMP23-28551","Otospermophilus cf. beecheyi"
"280","NSF-16-279","B1/L4","Mammalia","Rodentia","Sciuridae","","cf. Otospermophilus","beecheyi","partial lower right p4","lingual half missing","LACMP23-28552","cf. Otospermophilus beecheyi"
"281","NSF-16-280","B1/L4","Mammalia","Carnivora","","","","","posterior lower left premolar frag","","LACMP23-28553"," "
"282","NSF-16-281","B1/L4","Mammalia","Lagomorpha","Leporidae","","Sylvilagus","sp.","upper tooth","broken occlusal surface","LACMP23-28554","Sylvilagus sp."
"283","NSF-16-282","B1/L4","Mammalia","Lagomorpha","Leporidae","","Sylvilagus","audubonii","juv. lower left p3","","LACMP23-28555","Sylvilagus audubonii"
"284","NSF-16-283","B1/L4","Mammalia","Lagomorpha","Leporidae","","Sylvilagus","cf. bachmani","juv. lower right p3","","LACMP23-28556","Sylvilagus cf. bachmani"
"285","NSF-16-284","B1/L4","Mammalia","Lagomorpha","Leporidae","","Sylvilagus","sp.","upper left tooth","","LACMP23-28557","Sylvilagus sp."
"286","NSF-16-285","B1/L4","Mammalia","Lagomorpha","Leporidae","","Sylvilagus","sp.","right premaxilla","","LACMP23-28558","Sylvilagus sp."
"287","NSF-16-286","B1/L4","Mammalia","Lagomorpha","Leporidae","","Sylvilagus","sp.","left maxilla w/o teeth","","LACMP23-28559","Sylvilagus sp."
"288","NSF-16-287","B1/L4","Mammalia","Lagomorpha","Leporidae","","Sylvilagus","sp.","right maxilla fragment","","LACMP23-28560","Sylvilagus sp."
"289","NSF-16-321","B1/L5","Mammalia","Rodentia","Cricetidae","Arvicolinae","Microtus","sp.","upper left M3","","LACMP23-28622","Microtus sp."
"290","NSF-16-322","B1/L5","Mammalia","Rodentia","Cricetidae","Neotominae","","","right posterior jaw frag","","LACMP23-28623"," "
"291","NSF-16-323","B1/L5","Mammalia","Rodentia","Sciuridae","","cf. Otospermophilus","beecheyi","lower right m3","","LACMP23-28624","cf. Otospermophilus beecheyi"
"292","NSF-16-324","B1/L5","Mammalia","Rodentia","Sciuridae","","","","lower molar","","LACMP23-28625"," "
"293","NSF-16-325","B1/L5","Mammalia","Lagomorpha","Leporidae","","Sylvilagus","sp.","upper tooth frag","","LACMP23-28626","Sylvilagus sp."
"294","NSF-16-326","B1/L5","Mammalia","Lagomorpha","Leporidae","","Sylvilagus","sp.","upper tooth frag","","LACMP23-28627","Sylvilagus sp."
"295","NSF-16-291","B1/L8","Mammalia","Lagomorpha","Leporidae","","Sylvilagus","audubonii","lower left p3","","LACMP23-28592","Sylvilagus audubonii"
"296","NSF-16-292","B1/L8","Mammalia","Lagomorpha","Leporidae","","Sylvilagus","sp.","left maxilla w/ upper P3","","LACMP23-28593","Sylvilagus sp."
"297","NSF-16-293","B1/L8","Mammalia","Lagomorpha","Leporidae","","Sylvilagus","sp.","right maxillary/palatal frag","","LACMP23-28594","Sylvilagus sp."
"298","NSF-16-294","B1/L8","Mammalia","Lagomorpha","Leporidae","","Sylvilagus","sp.","left dentary frag w/ p4 and m1","","LACMP23-28595","Sylvilagus sp."
"299","NSF-16-295","B1/L8","Mammalia","Lagomorpha","Leporidae","","Sylvilagus","sp.","upper left tooth","","LACMP23-28596","Sylvilagus sp."
"300","NSF-16-296","B1/L8","Mammalia","Lagomorpha","Leporidae","","Sylvilagus","sp.","upper left tooth cap","","LACMP23-28597","Sylvilagus sp."
"301","NSF-16-297","B1/L8","Mammalia","Lagomorpha","Leporidae","","Sylvilagus","sp.","lower left tooth","","LACMP23-28598","Sylvilagus sp."
"302","NSF-16-298","B1/L8","Mammalia","Lagomorpha","Leporidae","","Sylvilagus","sp.","lower right tooth","","LACMP23-28599","Sylvilagus sp."
"303","NSF-16-299","B1/L8","Mammalia","Carnivora","Mephitidae","","cf. Spilogale","","posterior left dentary fragment","m2 and partial m1 alveolus preserved","LACMP23-28600","cf. Spilogale "
"304","NSF-16-300","B1/L8","Mammalia","Rodentia","Cricetidae","Arvicolinae","Microtus","sp.","right partial dentary w/o teeth","","LACMP23-28601","Microtus sp."
"305","NSF-16-301","B1/L8","Mammalia","Rodentia","Cricetidae","Arvicolinae","Microtus","sp.","lower right m2","","LACMP23-28602","Microtus sp."
"306","NSF-16-302","B1/L8","Mammalia","Rodentia","Cricetidae","Arvicolinae","Microtus","sp.","lower right m3","","LACMP23-28603","Microtus sp."
"307","NSF-16-303","B1/L8","Mammalia","Rodentia","Cricetidae","Neotominae","cf. Peromyscus","","left maxillary frag w/o teeth","","LACMP23-28604","cf. Peromyscus "
"308","NSF-16-304","B1/L8","Mammalia","Rodentia","Sciuridae","","","","right maxilla w/o teeth","","LACMP23-28605"," "
"309","NSF-16-305","B1/L8","Mammalia","Rodentia","Sciuridae","","cf. Otospermophilus","beecheyi","lower right m1","","LACMP23-28606","cf. Otospermophilus beecheyi"
"310","NSF-16-306","B1/L8","Mammalia","Rodentia","Cricetidae","Arvicolinae","Microtus","","right anterior dentary frag w/ m1","","LACMP23-28607","Microtus "
"311","NSF-16-307","B1/L8","Mammalia","Rodentia","Cricetidae","Arvicolinae","Microtus","sp.","upper left M1","","LACMP23-28608","Microtus sp."
"312","NSF-16-308","B1/L8","Mammalia","Lagomorpha","Leporidae","","Sylvilagus","sp.","right anterior dentary frag","","LACMP23-28609","Sylvilagus sp."
"313","NSF-16-309","B1/L8","Mammalia","Lagomorpha","Leporidae","","Sylvilagus","sp.","left premaxilla with incisor","","LACMP23-28610","Sylvilagus sp."
"314","NSF-16-310","B1/L8","Mammalia","Lagomorpha","Leporidae","","Sylvilagus","sp.","upper right tooth","","LACMP23-28611","Sylvilagus sp."
"315","NSF-16-311","B1/L8","Mammalia","Lagomorpha","Leporidae","","Sylvilagus","sp.","upper right tooth","","LACMP23-28612","Sylvilagus sp."
"316","NSF-16-312","B1/L8","Mammalia","Lagomorpha","Leporidae","","Sylvilagus","sp.","upper left tooth","","LACMP23-28613","Sylvilagus sp."
"317","NSF-16-313","B1/L8","Mammalia","Lagomorpha","Leporidae","","Sylvilagus","sp.","upper right tooth","","LACMP23-28614","Sylvilagus sp."
"318","NSF-16-314","B1/L8","Mammalia","Lagomorpha","Leporidae","","Sylvilagus","sp.","upper tooth frag","","LACMP23-28615","Sylvilagus sp."
"319","NSF-16-315","B1/L8","Mammalia","Lagomorpha","Leporidae","","Sylvilagus","sp.","lower right tooth","","LACMP23-28616","Sylvilagus sp."
"320","NSF-16-316","B1/L8","Mammalia","Lagomorpha","Leporidae","","Sylvilagus","sp.","lower right tooth","","LACMP23-28617","Sylvilagus sp."
"321","NSF-16-317","B1/L8","Mammalia","Lagomorpha","Leporidae","","Sylvilagus","sp.","lower right tooth","","LACMP23-28618","Sylvilagus sp."
"322","NSF-16-318","B1/L8","Mammalia","Carnivora","Mustelidae","","cf. Mustela","frenata","upper left P3","","LACMP23-28619","cf. Mustela frenata"
"323","NSF-16-319","B1/L8","Mammalia","Carnivora","Mustelidae","","cf. Taxidea","taxus","left P2/right p2","","LACMP23-28620","cf. Taxidea taxus"
"324","NSF-16-320","B1/L8","Mammalia","Carnivora","Canidae","","Canis","latrans","lower right p2","","LACMP23-28621","Canis latrans"
"325","NSF-16-14","B2/L2","Mammalia","Rodentia/Lagomorpha","","","","","incisor","","LACMP23-28094"," "
"326","NSF-16-15","B2/L2","Mammalia","Rodentia/Lagomorpha","","","","","incisor","","LACMP23-28095"," "
"327","NSF-16-16","B2/L2","Mammalia","Lagomorpha","Leporidae","","","","lower right tooth","Occlusal surface partially broken","LACMP23-28096"," "
"328","NSF-16-17","B2/L2","Mammalia","Rodentia","Sciuridae","","Otospermophilus","cf. beecheyi","upper left M3","","LACMP23-28097","Otospermophilus cf. beecheyi"
"329","NSF-16-18","B2/L2","Mammalia","Rodentia","Sciuridae","","cf. Otospermophilus","beecheyi","partial lower left molar","","LACMP23-28098","cf. Otospermophilus beecheyi"
"330","NSF-16-19","B2/L2","Mammalia","Lagomorpha","Leporidae","","Sylvilagus","sp.","lower right tooth","Occlusal surface partially broken","LACMP23-28099","Sylvilagus sp."
"331","NSF-16-20a","B2/L2","Mammalia","Rodentia","Cricetidae","Arvicolinae","Microtus","sp.","Left upper M1","","LACMP23-28100","Microtus sp."
"332","NSF-16-20b","B2/L2","Mammalia","Rodentia","Cricetidae","Arvicolinae","Microtus","sp.","upper left M2","anterior loop broken","LACMP23-28101","Microtus sp."
"333","NSF-16-21","B2/L2","Mammalia","Rodentia","Heteromyidae","","cf. Dipodomys","sp.","tooth frag","","LACMP23-28102","cf. Dipodomys sp."
"334","NSF-16-22","B2/L2","Mammalia","Rodentia","Sciuridae","","Otospermophilus","cf. beecheyi","partial juv. lower right molar","","LACMP23-28103","Otospermophilus cf. beecheyi"
"335","NSF-16-23","B2/L2","Mammalia","Rodentia","Sciuridae","","Otospermophilus","cf. beecheyi","upper right M3","","LACMP23-28104","Otospermophilus cf. beecheyi"
"336","NSF-16-24a","B2/L2","Mammalia","Lagomorpha","Leporidae","","Sylvilagus","sp.","lower right p3","","LACMP23-28105","Sylvilagus sp."
"337","NSF-16-24b","B2/L2","Mammalia","Lagomorpha","Leporidae","","","","tooth frag","","LACMP23-28106"," "
"338","NSF-16-25","B2/L2","Mammalia","Rodentia","Sciuridae","","cf. Otospermophilus","beecheyi","lower molar fragment","","LACMP23-28107","cf. Otospermophilus beecheyi"
"339","NSF-16-26","B2/L2","Mammalia","Rodentia","Cricetidae","Arvicolinae","Microtus","sp.","lower right m3","","LACMP23-28108","Microtus sp."
"340","NSF-16-27","B2/L2","Mammalia","Lagomorpha","Leporidae","","Sylvilagus","sp.","lower tooth frag","Moderate occlusal deformation","LACMP23-28109","Sylvilagus sp."
"341","NSF-16-28","B2/L2","Mammalia","Carnivora","Canidae","","Canis","cf. latrans","lower right i1","","LACMP23-28110","Canis cf. latrans"
"342","NSF-16-29","B2/L2","Mammalia","Lagomorpha","Leporidae","","cf. Sylvilagus","","upper tooth fragment","","LACMP23-28111","cf. Sylvilagus "
"343","NSF-16-30","B2/L2","Mammalia","Rodentia","Cricetidae","Arvicolinae","Microtus","sp.","upper left M1","","LACMP23-28112","Microtus sp."
"344","NSF-16-31","B2/L2","Mammalia","Rodentia","Cricetidae","Arvicolinae","Microtus","sp.","lower left m1/m2","anterior portion broken","LACMP23-28113","Microtus sp."
"345","NSF-16-32","B2/L2","Mammalia","Lagomorpha","Leporidae","","Sylvilagus","sp.","upper M3","","LACMP23-28114","Sylvilagus sp."
"346","NSF-16-33","B2/L2","Mammalia","cf. Rodentia","cf. Geomyidae","","","","molariform tooth","Occlusal surface partially broken","LACMP23-28115"," "
"347","NSF-16-34","B2/L2","Mammalia","Lagomorpha","Leporidae","","cf. Sylvilagus","","partial tooth","","LACMP23-28116","cf. Sylvilagus "
"348","NSF-16-35","B2/L2","Mammalia","Misc","","","","","Misc. partial rodent/lagomorph teeth and incisors","","LACMP23-28117; LACMP23-28118; LACMP23-28119; LACMP23-28120; LACMP23-28121; LACMP23-28122; LACMP23-28123; LACMP23-28124; LACMP23-28125; LACMP23-28126; LACMP23-28127"," "
"349","NSF-16-36","B2/L2","Mammalia","Rodentia","Cricetidae","Neotominae","Reithrodontomys","cf. megalotis","upper right M1","","LACMP23-28128","Reithrodontomys cf. megalotis"
"350","NSF-16-37","B2/L2","Mammalia","Rodentia","cf. Heteromyidae","","","","worn upper right dP4","large for Dipodomys",""," "
"351","NSF-16-38","B2/L2","Mammalia","???","","","","","tooth","",""," "
"352","NSF-16-39","B2/L2","Mammalia","Rodentia","Cricetidae","Arvicolinae","Microtus","","lower m1","anterior and posterior loops broken","LACMP23-28129","Microtus "
"353","NSF-16-40","B2/L2","Mammalia","Lagomorpha","Leporidae","","cf. Sylvilagus","","partial tooth","","LACMP23-28130","cf. Sylvilagus "
"354","NSF-16-41","B2/L2","Insecta","Hymenoptera","Formicidae","","","","ant cranium","Exceptionally well preserved",""," "
"355","NSF-16-42","B2/L2","Mammalia","Rodentia","Cricetidae","Arvicolinae","cf. Microtus","sp.","molar fragment","","LACMP23-28131","cf. Microtus sp."
"356","NSF-16-43","B2/L2","Mammalia","Rodentia","Sciuridae","","cf. Otospermophilus","beecheyi","lower molar fragment","","LACMP23-28132","cf. Otospermophilus beecheyi"
"357","NSF-16-44","B2/L2","Mammalia","Rodentia","Cricetidae","Neotominae","cf. Peromyscus","","lower left m1","caked w/ matrix","LACMP23-28133","cf. Peromyscus "
"358","NSF-16-45","B2/L2","Mammalia","Rodentia","Cricetidae","Arvicolinae","Microtus","sp.","upper right M1","","LACMP23-28134","Microtus sp."
"359","NSF-16-46","B2/L2","Mammalia","Rodentia","Cricetidae","Neotominae","Reithrodontomys","cf. megalotis","upper left M1","","LACMP23-28135","Reithrodontomys cf. megalotis"
"360","NSF-16-47","B2/L2","Mammalia","Rodentia","Cricetidae","Neotominae","cf. Reithrodontomys","","lower (right?) m2","heavily worn","LACMP23-28136","cf. Reithrodontomys "
"361","NSF-16-48","B2/L2","Mammalia","Rodentia","Sciuridae","","Otospermophilus","cf. beecheyi","upper left P4","","LACMP23-28137","Otospermophilus cf. beecheyi"
"362","NSF-16-49","B2/L2","Mammalia","Rodentia","Heteromyidae","","Dipodomys","sp.","upper left M1/M2","","LACMP23-28138","Dipodomys sp."
"363","NSF-16-50","B2/L2","Mammalia","Rodentia","Cricetidae","Arvicolinae","cf. Microtus","","partial molar","","LACMP23-28139","cf. Microtus "
"364","NSF-16-51","B2/L2","Mammalia","Rodentia","Cricetidae","Arvicolinae","cf. Microtus","","partial molar","","LACMP23-28140","cf. Microtus "
"365","NSF-16-52","B2/L2","Mammalia","Rodentia","Cricetidae","Arvicolinae","cf. Microtus","","partial molar","","LACMP23-28141","cf. Microtus "
"366","NSF-16-53","B2/L2","Mammalia","Rodentia","Cricetidae","Arvicolinae","Microtus","sp.","partial lower right molar","anterior broken","LACMP23-28142","Microtus sp."
"367","NSF-16-54","B2/L2","Mammalia","Lagomorpha","Leporidae","","Sylvilagus","","upper right tooth","","LACMP23-28143","Sylvilagus "
"368","NSF-16-55","B2/L2","Mammalia","Lagomorpha","Leporidae","","cf. Sylvilagus","","upper tooth frag","","LACMP23-28144","cf. Sylvilagus "
"369","NSF-16-56","B2/L2","Mammalia","Lagomorpha","Leporidae","","","","tooth frag","","LACMP23-28145"," "
"370","NSF-16-57","B2/L2","Mammalia","Lagomorpha","Leporidae","","Sylvilagus","sp.","upper P2","","LACMP23-28146","Sylvilagus sp."
"371","NSF-16-57","B2/L2","Mammalia","Lagomorpha/Rodentia","","","","","Misc. rodent/lagomorph partial teeth, incisors, and dentary frags","","Not Cataloged"," "
"372","NSF-16-114","B2/L3","Mammalia","Carnivora","Canidae","","Canis","cf. dirus","upper right I2","","LACMP23-28347","Canis cf. dirus"
"373","NSF-16-115","B2/L3","Mammalia","Rodentia","Cricetidae","Arvicolinae","Microtus","","lower right m1","","LACMP23-28225","Microtus "
"374","NSF-16-116","B2/L3","Mammalia","Rodentia","Cricetidae","Arvicolinae","Microtus","","lower left m1","occlusal surface broken","LACMP23-28226","Microtus "
"375","NSF-16-117","B2/L3","Mammalia","Rodentia","Cricetidae","Arvicolinae","cf. Microtus","","left anterior dentary frag","","LACMP23-28227","cf. Microtus "
"376","NSF-16-118a","B2/L3","Mammalia","Lagomorpha","Leporidae","","Sylvilagus","sp.","juv. Upper tooth","","LACMP23-28228","Sylvilagus sp."
"377","NSF-16-118b","B2/L3","Mammalia","Lagomorpha","Leporidae","","cf. Sylvilagus","","upper tooth frag","","LACMP23-28229","cf. Sylvilagus "
"378","NSF-16-118c","B2/L3","Mammalia","Lagomorpha","Leporidae","","Sylvilagus","sp.","juv. Upper tooth","","LACMP23-28230","Sylvilagus sp."
"379","NSF-16-118d","B2/L3","Mammalia","Lagomorpha","Leporidae","","Sylvilagus","sp.","juv. Upper tooth","","LACMP23-28231","Sylvilagus sp."
"380","NSF-16-118e","B2/L3","Mammalia","Lagomorpha","Leporidae","","Sylvilagus","sp.","juv. Lower right tooth","","LACMP23-28232","Sylvilagus sp."
"381","NSF-16-118f","B2/L3","Mammalia","Lagomorpha","Leporidae","","Sylvilagus","sp.","juv. Lower right tooth","","LACMP23-28233","Sylvilagus sp."
"382","NSF-16-118g","B2/L3","Mammalia","Lagomorpha","Leporidae","","Sylvilagus","sp.","juv. Lower p3","poorly preserved","LACMP23-28234","Sylvilagus sp."
"383","NSF-16-118h","B2/L3","Mammalia","Lagomorpha","Leporidae","","Sylvilagus","sp.","juv. Lower left tooth","","LACMP23-28235","Sylvilagus sp."
"384","NSF-16-118i","B2/L3","Mammalia","Lagomorpha","Leporidae","","cf. Sylvilagus","","upper tooth frag","","LACMP23-28236","cf. Sylvilagus "
"385","NSF-16-119","B2/L3","Mammalia","Rodentia","Cricetidae","Neotominae","Peromyscus","sp.","upper right M1","","LACMP23-28237","Peromyscus sp."
"386","NSF-16-120","B2/L3","Mammalia","Rodentia","Cricetidae","Neotominae","Peromyscus","sp.","upper left M2","","LACMP23-28238","Peromyscus sp."
"387","NSF-16-121","B2/L3","Mammalia","Rodentia","Cricetidae","Arvicolinae","Microtus","","lower right m2","","LACMP23-28239","Microtus "
"388","NSF-16-122","B2/L3","Mammalia","Rodentia","Cricetidae","Arvicolinae","Microtus","","upper left M3","","LACMP23-28240","Microtus "
"389","NSF-16-123a","B2/L3","Mammalia","Lagomorpha","Leporidae","","Sylvilagus","sp.","Juv. Upper right tooth","","LACMP23-28241","Sylvilagus sp."
"390","NSF-16-123b","B2/L3","Mammalia","Lagomorpha","Leporidae","","cf. Sylvilagus","","Juv. Upper tooth frag","","LACMP23-28242","cf. Sylvilagus "
"391","NSF-16-124","B2/L3","Mammalia","Rodentia","Cricetidae","Neotominae","Peromyscus","sp.","upper left M1","","LACMP23-28243","Peromyscus sp."
"392","NSF-16-125","B2/L3","Mammalia","Rodentia","Cricetidae","Neotominae","cf. Peromyscus","sp.","upper right M2","acid etched?","LACMP23-28244","cf. Peromyscus sp."
"393","NSF-16-126","B2/L3","Mammalia","Rodentia","Cricetidae","Arvicolinae","Microtus","","upper left M1","","LACMP23-28245","Microtus "
"394","NSF-16-127","B2/L3","Mammalia","Rodentia","Heteromyidae","","Perognathus","sp.","upper (right?) P4","","LACMP23-28246","Perognathus sp."
"395","NSF-16-128a","B2/L3","Mammalia","Lagomorpha","Leporidae","","cf. Sylvilagus","","juv. Tooth frag","","LACMP23-28247","cf. Sylvilagus "
"396","NSF-16-128b","B2/L3","Mammalia","Lagomorpha","Leporidae","","cf. Sylvilagus","","Juv. Upper tooth frag","","LACMP23-28248","cf. Sylvilagus "
"397","NSF-16-129","B2/L3","Mammalia","Lagomorpha","Leporidae","","cf. Sylvilagus","","juv. Tooth frag","","LACMP23-28249","cf. Sylvilagus "
"398","NSF-16-130","B2/L3","Mammalia","Rodentia","Cricetidae","Neotominae","Peromyscus","","lower left m1","","LACMP23-28250","Peromyscus "
"399","NSF-16-131","B2/L3","Mammalia","Rodentia","Cricetidae","Neotominae","Peromyscus","","lower right m2","acid etched?","LACMP23-28251","Peromyscus "
"400","NSF-16-132","B2/L3","Mammalia","Rodentia","Cricetidae","Arvicolinae","Microtus","","upper left M2","","LACMP23-28252","Microtus "
"401","NSF-16-133a","B2/L3","Mammalia","Lagomorpha","Leporidae","","Sylvilagus","sp.","juv. Lower right p3","occlusal surface broken","LACMP23-28253","Sylvilagus sp."
"402","NSF-16-133b","B2/L3","Mammalia","Lagomorpha","Leporidae","","Sylvilagus","sp.","juv. Lower tooth","","LACMP23-28254","Sylvilagus sp."
"403","NSF-16-134","B2/L3","Mammalia","Rodentia","Cricetidae","","Peromyscus","sp.","upper right M2","","LACMP23-28255","Peromyscus sp."
"404","NSF-16-135","B2/L3","Mammalia","Lagomorpha","Leporidae","","","","tooth frag","","LACMP23-28256"," "
"405","NSF-16-136","B2/L3","Mammalia","Rodentia","Cricetidae","","cf. Peromyscus","","upper right M1","acid etched?","LACMP23-28257","cf. Peromyscus "
"406","NSF-16-137","B2/L3","Mammalia","Rodentia","Cricetidae","","Peromyscus","sp.","lower right m1","","LACMP23-28258","Peromyscus sp."
"407","NSF-16-138","B2/L3","Mammalia","Lagomorpha","Leporidae","","Sylvilagus","sp.","juv. lower p3 (left?)","poorly preserved","LACMP23-28259","Sylvilagus sp."
"408","NSF-16-139","B2/L3","Mammalia","Rodentia/Lagomorpha","","","","","Misc. partial teeth, incisors, and dentary frags","","Not Cataloged"," "
"409","NSF-16-140","B2/L3","Mammalia","","","","","","baculum?","","LACMP23-28260"," "
"410","NSF-16-372","B2/L4","Mammalia","Rodentia","Cricetidae","Arvicolinae","Microtus","sp.","left dentary w/ m1-m3","nearly complete","LACMP23-28840","Microtus sp."
"411","NSF-16-373","B2/L4","Mammalia","Rodentia","Cricetidae","Arvicolinae","Microtus","sp.","lower right m1","broken occlusal surface","LACMP23-28841","Microtus sp."
"412","NSF-16-374","B2/L4","Mammalia","Rodentia","Cricetidae","Arvicolinae","cf. Microtus","","lower left M1","broken posteriorly","LACMP23-28842","cf. Microtus "
"413","NSF-16-375","B2/L4","Mammalia","Rodentia","Cricetidae","Arvicolinae","Microtus","sp.","upper right M2","","LACMP23-28843","Microtus sp."
"414","NSF-16-376","B2/L4","Mammalia","Rodentia","Cricetidae","Arvicolinae","cf. Microtus","","tooth frag","","LACMP23-28844","cf. Microtus "
"415","NSF-16-377","B2/L4","Mammalia","Rodentia","Cricetidae","Arvicolinae","cf. Microtus","","tooth frag","","LACMP23-28845","cf. Microtus "
"416","NSF-16-378","B2/L4","Mammalia","Rodentia","Cricetidae","Arvicolinae","cf. Microtus","","tooth frag","","LACMP23-28846","cf. Microtus "
"417","NSF-16-379","B2/L4","Mammalia","Rodentia","Cricetidae","Neotominae","Peromyscus","sp.","upper right M2","","LACMP23-28847","Peromyscus sp."
"418","NSF-16-380","B2/L4","Mammalia","Rodentia","Cricetidae","Neotominae","Reithrodontomys","sp.","lower left M1","","LACMP23-28848","Reithrodontomys sp."
"419","NSF-16-381","B2/L4","Mammalia","Rodentia","Cricetidae","Neotominae","cf. Peromyscus","sp.","lower right m3?","very worn","LACMP23-28849","cf. Peromyscus sp."
"420","NSF-16-382","B2/L4","Mammalia","Rodentia","Cricetidae","cf. Neotominae","Neotoma","sp.","upper left M3","Exhibits strange isolated occlusal lophs","LACMP23-28850","Neotoma sp."
"421","NSF-16-383","B2/L4","Mammalia","Rodentia","Geomyidae/Heteromyidae","","","","P4/p4?","strange looking","LACMP23-28851"," "
"422","NSF-16-384","B2/L4","Mammalia","Rodentia","","","","","tooth frag","","LACMP23-28852"," "
"423","NSF-16-385","B2/L4","Mammalia","Rodentia","","","","","zygomatric arch","","LACMP23-28853"," "
"424","NSF-16-386","B2/L4","Mammalia","Rodentia","Sciuridae","","Otospermophilus","cf. beecheyi","lower right m2","","LACMP23-28854","Otospermophilus cf. beecheyi"
"425","NSF-16-387","B2/L4","Mammalia","Rodentia","Sciuridae","","Otospermophilus","cf. beecheyi","lower left m3","","LACMP23-28855","Otospermophilus cf. beecheyi"
"426","NSF-16-388","B2/L4","Mammalia","Rodentia","Sciuridae","","Otospermophilus","cf. beecheyi","partial upper right M3","ligual side missing","LACMP23-28856","Otospermophilus cf. beecheyi"
"427","NSF-16-389","B2/L4","Mammalia","Rodentia","Sciuridae","","Otospermophilus","cf. beecheyi","upper left M1/M2","","LACMP23-28857","Otospermophilus cf. beecheyi"
"428","NSF-16-390","B2/L4","Mammalia","Lagomorpha","Leporidae","","Sylvilagus","audubonii","lower right p3","","LACMP23-28858","Sylvilagus audubonii"
"429","NSF-16-391","B2/L4","Mammalia","Lagomorpha","Leporidae","","Sylvilagus","sp.","upper right tooth","","LACMP23-28859","Sylvilagus sp."
"430","NSF-16-392","B2/L4","Mammalia","Lagomorpha","Leporidae","","Sylvilagus","sp.","partial lower right tooth","","LACMP23-28860","Sylvilagus sp."
"431","NSF-16-393","B2/L4","Mammalia","Lagomorpha","Leporidae","","Sylvilagus","sp.","upper tooth frag","","LACMP23-28861","Sylvilagus sp."
"432","NSF-16-394","B2/L4","Mammalia","Lagomorpha","Leporidae","","Sylvilagus","sp.","tooth frag","","LACMP23-28862","Sylvilagus sp."
"433","NSF-16-395","B2/L4","Mammalia","Lagomorpha","Leporidae","","Sylvilagus","sp.","upper tooth frag","","LACMP23-28863","Sylvilagus sp."
"434","NSF-16-396","B2/L4","Mammalia","Lagomorpha","Leporidae","","Sylvilagus","sp.","lower right tooth frag","","LACMP23-28864","Sylvilagus sp."
"435","NSF-16-397","B2/L4","Mammalia","Lagomorpha","Leporidae","","Sylvilagus","sp.","tooth frag","","LACMP23-28865","Sylvilagus sp."
"436","NSF-16-398","B2/L4","Mammalia","Lagomorpha","Leporidae","","Sylvilagus","sp.","juv. upper left tooth","","LACMP23-28866","Sylvilagus sp."
"437","NSF-16-399","B2/L4","Mammalia","Lagomorpha","Leporidae","","Sylvilagus","sp.","lower m3","","LACMP23-28867","Sylvilagus sp."
"438","NSF-16-400","B2/L4","Mammalia","Lagomorpha","Leporidae","","cf. Sylvilagus","sp.","right maxillary frag","","LACMP23-28868","cf. Sylvilagus sp."
"439","NSF-16-401","B2/L4","Mammalia","Insectivora","","","","","partial right dentary w/ molar","","LACMP23-28869"," "
"440","NSF-16-402","B2/L5","Mammalia","Rodentia","Cricetidae","Neotominae","Peromyscus","sp.","right dentary w/o teeth","","LACMP23-28870","Peromyscus sp."
"441","NSF-16-403","B2/L5","Mammalia","Rodentia","Cricetidae","Arvicolinae","cf. Microtus","","left anterior dentary w/o teeth","","LACMP23-28871","cf. Microtus "
"442","NSF-16-404","B2/L5","Mammalia","Rodentia","Cricetidae","Arvicolinae","Microtus","sp.","upper left M1","","LACMP23-28872","Microtus sp."
"443","NSF-16-405","B2/L5","Mammalia","Rodentia","Cricetidae","Arvicolinae","Microtus","sp.","partial upper M3/ lower m1","","LACMP23-28873","Microtus sp."
"444","NSF-16-406","B2/L5","Mammalia","Rodentia","Cricetidae","Arvicolinae","Microtus","sp.","molar frag","","LACMP23-28874","Microtus sp."
"445","NSF-16-407","B2/L5","Mammalia","Rodentia","Cricetidae","Arvicolinae","Microtus","sp.","molar frag","","LACMP23-28875","Microtus sp."
"446","NSF-16-408","B2/L5","Mammalia","Rodentia","Sciuridae","","Otospermophilus","cf. beecheyi","upper right M1/M2","","LACMP23-28876","Otospermophilus cf. beecheyi"
"447","NSF-16-409","B2/L5","Mammalia","Rodentia","","","","","anterior dentary frag","","LACMP23-28877"," "
"448","NSF-16-410","B2/L5","Mammalia","Lagomorpha","Leporidae","","Sylvilagus","sp.","upper left tooth","","LACMP23-28878","Sylvilagus sp."
"449","NSF-16-411","B2/L6","Mammalia","Rodentia","Heteromyidae","","Dipodomys","sp.","juv. upper left M2","","LACMP23-28879","Dipodomys sp."
"450","NSF-16-412","B2/L6","Mammalia","Rodentia","Geomyidae","","cf. Thomomys","","tooth frag","","LACMP23-28880","cf. Thomomys "
"451","NSF-16-413","B2/L6","Mammalia","Lagomorpha","Leporidae","","Sylvilagus","sp.","upper M3","","LACMP23-28881","Sylvilagus sp."
"452","NSF-16-414","B2/L6","Mammalia","Lagomorpha","Leporidae","","Sylvilagus","sp.","upper right P2","","LACMP23-28882","Sylvilagus sp."
