RLB batch catalog #	Box, grid, level	preparation at LBTP	Number 	Identification	how many 	type of material (seed, leaf, etc)	Notes/refinements	New Museum catalog # to be used	References	Notes	
P23 35984	Box 1 grid A-1 level 1	heated to 80C biodiesel & cold soaked npropyl bromide	35984_JG-084	Juniperus californica	2	twigs	Previously identified as Juniperus californica (7/3/19)		Calscape	Plant material accidentally cross-contaminated. 	When starting to re-label this loan with more formal numbers, start here with "JG-084" -KG
P23 35984	Box 1 grid A-1 level 1	heated to 80C biodiesel & cold soaked npropyl bromide	35984_JG-085	Cornus sericea	1	seed	Previously identified as Apiaceae (7/3/19)		Bekker pg. 32	Plant material accidentally cross-contaminated. 	
P23 35984	Box 1 grid A-1 level 1	heated to 80C biodiesel & cold soaked npropyl bromide	35984_JG-086	Rocks	3	rocks			rocks	Plant material accidentally cross-contaminated. 	
P23 35984	Box 1 grid A-1 level 1	heated to 80C biodiesel & cold soaked npropyl bromide	35984_JG-087	Juniperus sp.	4	seed			Barkley pg. 126, Calflora	Plant material accidentally cross-contaminated. 	
P23 35984	Box 1 grid A-1 level 1	heated to 80C biodiesel & cold soaked npropyl bromide	35984_JG-088	Charcoal 	1	charcoal			charcoal	Plant material accidentally cross-contaminated. 	
P23 35984	Box 1 grid A-1 level 1	heated to 80C biodiesel & cold soaked npropyl bromide	35984_JG-089	Juniperus sp.	5	wood			Calscape	Plant material accidentally cross-contaminated. 	
P23 35984	Box 1 grid A-1 level 1	heated to 80C biodiesel & cold soaked npropyl bromide	35984_JG-090	Juniperus sp.	44	seeds			Barkley pg. 126, Calflora	whole seeds	
P23 35984	Box 1 grid A-1 level 1	heated to 80C biodiesel & cold soaked npropyl bromide	35984_JG-091	Lathyrus vestitus	1	seed	Previously identified as Lathyrus sp. (7/3/19)		Bekker pg. 138, Santa Ana Botanic Garden, Calflora, seed sample		
P23 35984	Box 1 grid A-1 level 1	heated to 80C biodiesel & cold soaked npropyl bromide	35984_JG-092	Juniperus sp.	35	seed fragments			Barkley pg. 126, Calflora	 fragments	
P23 35984	Box 1 grid A-1 level 1	heated to 80C biodiesel & cold soaked npropyl bromide	35984_JG-093	Juniperus californica	21	twigs	Previously identified as Juniperus sp. (7/3/19)		Calscape		
P23 35984	Box 1 grid A-1 level 1	heated to 80C biodiesel & cold soaked npropyl bromide	35984_JG-094	Pinus jefferyi	1	seed	Previously identified as Lamiaceae (7/3/19)		Bekker pg. 159	spots, attachment	
P23 35984	Box 1 grid A-1 level 1	heated to 80C biodiesel & cold soaked npropyl bromide	35984_JG-095	Platanus racemosa	6	seed			USDA, seed samples		
P23 35984	Box 1 grid A-1 level 1	heated to 80C biodiesel & cold soaked npropyl bromide	35984_JG-096	Stachys albens	2	seeds			Seed sample, Santa Ana Botanic Garden	spots, size 	
P23 35984	Box 1 grid A-1 level 1	heated to 80C biodiesel & cold soaked npropyl bromide	35984_JG-097	Juniperus californica	2	seeds			Jesse		
P23 35984	Box 1 grid A-1 level 1	heated to 80C biodiesel & cold soaked npropyl bromide	35984_JG-098	Pinus radiata	1	seed	Previously identified as Aphanes sp. (7/3/19)		Bekker pg. 241		
P23 35984	Box 1 grid A-1 level 1	heated to 80C biodiesel & cold soaked npropyl bromide	35984_JG-099	Juniperus californica	2	bud	Previously identified as Cupressaceae (7/3/19)		(http://tcf.bh.cornell.edu/imgs/dws/r/Cupressaceae_Juniperus_californica_18388.html)		
P23 35984	Box 1 grid A-1 level 1	heated to 80C biodiesel & cold soaked npropyl bromide	35984_JG-100	Arctostaphylos viscida	1	seed	Previously identified as Extriplex joaquiana (7/3/19)		Santa Ana Botanic Garden		
P23 35984	Box 1 grid A-1 level 1	heated to 80C biodiesel & cold soaked npropyl bromide	35984_JG-101	Cirsium scariosum	1	seed	Previously identified as Grindelia sp. (7/3/19)		Santa Ana Botanic Garden		
P23 35984	Box 1 grid A-1 level 1	heated to 80C biodiesel & cold soaked npropyl bromide	35984_JG-102	Papaver californicum	1	seed	Previously identified as Papaveraceae (7/3/19)		Santa Ana Botanic Garden		
P23 35984	Box 1 grid A-1 level 1	heated to 80C biodiesel & cold soaked npropyl bromide	35984_JG-103	Pinus jefferyi	1	pine needle	Previously identified as Eriophyllum sp. (7/3/19)		Santa Ana Botanic Garden		
P23 35984	Box 1 grid A-1 level 1	heated to 80C biodiesel & cold soaked npropyl bromide	35984_JG-104	Sambucus nigra	4	seed	Previously identified as Sambucus sp. (7/3/19)		Santa Ana Botanic Garden		
P23 35984	Box 1 grid A-1 level 1	heated to 80C biodiesel & cold soaked npropyl bromide	35984_JG-105	Salvia dorrii	1	seed	Previously identified as Agastache sp. (7/3/19)		Santa Ana Botanic Garden		
P23 35984	Box 1 grid A-1 level 1	heated to 80C biodiesel & cold soaked npropyl bromide	35984_JG-106	Arctostaphylos viscida	0.5	seed	Previously identified as Cylindroptunia sp. (7/8/19)		Santa Ana Botanic Garden		
P23 35984	Box 1 grid A-1 level 1	heated to 80C biodiesel & cold soaked npropyl bromide	35984_JG-107	Pinus jefferyi	1	seed	Previously identified as Salvia sp. (7/8/19)		Santa Ana Botanic Garden, seed sample		
P23 35984	Box 1 grid A-1 level 1	heated to 80C biodiesel & cold soaked npropyl bromide	35984_JG-108	Wood 	2	wood	Previously identified as Pinaceae (7/8/19)		Santa Ana Botanic Garden, seed samples		
P23 35984	Box 1 grid A-1 level 1	heated to 80C biodiesel & cold soaked npropyl bromide	35984_JG-109	Wood	1	wood	Previously identified as Bone (7/8/19)		Calflora 		
P23 35984	Box 1 grid A-1 level 1	heated to 80C biodiesel & cold soaked npropyl bromide	35984_JG-110	Bone	1	seed	Previously identified as Phacelia (7/8/19)		Bone		
P23 35984	Box 1 grid A-1 level 1	heated to 80C biodiesel & cold soaked npropyl bromide	35984_JG-111	Charcoal 	1	charcoal			ID uncertain		
P23 35984	Box 1 grid A-1 level 1	heated to 80C biodiesel & cold soaked npropyl bromide	35984_JG-112	Heteromeles arbutifolia 	2	seed	Previously identified as Lamiaceae (7/8/19)		Bekker pg. 159		
P23 35984	Box 1 grid A-1 level 1	heated to 80C biodiesel & cold soaked npropyl bromide	35984_JG-113	Acer macrophyllum	1	seed	Previously identified as Aceraceae (7/8/19)		Young pg. 14		
P23 35984	Box 1 grid A-1 level 1	heated to 80C biodiesel & cold soaked npropyl bromide	35984_JG-114	Wood	1	wood	Previously identified as Malvaceae (7/8/19)		Bone		
P23 35984	Box 1 grid A-1 level 1	heated to 80C biodiesel & cold soaked npropyl bromide	35984_JG-115	Alnus rhombifolia	2	catkin scales	Previously identified as Betulaceae (7/8/19)	LACMP23-39521	(https://www.minnesotawildflowers.info/tree/paper-birch)		
P23 35984	Box 1 grid A-1 level 1	heated to 80C biodiesel & cold soaked npropyl bromide	35984_JG-116	Wood	1	wood	Previously identified as a seed (6/4/19)		 Santa Ana Botanic Garden, seed samples		
P23 35984	Box 1 grid A-1 level 1	heated to 80C biodiesel & cold soaked npropyl bromide	35984_JG-117	Berberis haematocarpa	1	seed	Previously identified as Berberis sp. (7/8/19)		 Santa Ana Botanic Garden, seed samples		
P23 35984	Box 1 grid A-1 level 1	heated to 80C biodiesel & cold soaked npropyl bromide	35984_JG-118	Rock	4	rock	Previously identified as Fabaceae (7/8/19)		rock		
P23 35984	Box 1 grid A-1 level 1	heated to 80C biodiesel & cold soaked npropyl bromide	35984_JG-119	Asteraceae 	1	seed			Bekker pg. 50		
P23 35984	Box 1 grid A-1 level 1	heated to 80C biodiesel & cold soaked npropyl bromide	35984_JG-120	Acer macrophyllum	1	seed	Previously identified as Lithospermum sp. (7/8/19)		Bekker pg. 74		
P23 35984	Box 1 grid A-1 level 1	heated to 80C biodiesel & cold soaked npropyl bromide	35984_JG-121	Berberis aquifolium	3	seed	Previously identified as Convolvulaceae (7/8/19)		Bekker pg.102		
P23 35984	Box 1 grid A-1 level 1	heated to 80C biodiesel & cold soaked npropyl bromide	35984_JG-122	Vicia hassei	3.5	seed	Previously identified as Amaranthaceae (7/8/19)		Bekker pg. 20	has hairs in upper corner	
P23 35984	Box 1 grid A-1 level 1	heated to 80C biodiesel & cold soaked npropyl bromide	35984_JG-123	Salvia apiana 	1/4	leaf fragment			Mountain Rose Herbs		
P23 35984	Box 1 grid A-1 level 1	heated to 80C biodiesel & cold soaked npropyl bromide	35984_JG-124	Wood	1	wood	Previously identified as a seed (6/4/19)		seed samples, Santa Ana Botanic Garden		
P23 35991	Box 1 grid B-1 level 2	cold soaked npropyl bromide only	35991_JG-125	Juniperus sp.	40	seeds			Barkley pg. 126, Calflora		
P23 35991	Box 1 grid B-1 level 2	cold soaked npropyl bromide only	35991_JG-126	Juniperus sp.	71	seed fragments			Barkley pg. 126, Calflora		
P23 35991	Box 1 grid B-1 level 2	cold soaked npropyl bromide only	35991_JG-127	Juniperus californica	155	twig	Previously identified as Juniperus sp. (7/8/19)		Calflora 		
P23 35991	Box 1 grid B-1 level 2	cold soaked npropyl bromide only	35991_JG-128	Ambrosia confertiflora	1	seed	Previously identified as Quercus sp. (7/8/19)		Barkley pg.144		
P23 35991	Box 1 grid B-1 level 2	cold soaked npropyl bromide only	35991_JG-129	rock	24	rock			rock		
P23 35991	Box 1 grid B-1 level 2	cold soaked npropyl bromide only	35991_JG-130	Pinus jefferyi	1	seed	Previously identified as Lamiaceae (7/8/19)		Bekker pg. 157		
P23 35991	Box 1 grid B-1 level 2	cold soaked npropyl bromide only	35991_JG-131	Vicia hassei	1	seed	Previously identified as Amaranthaceae (7/8/19)		Bekker pg. 23		
P23 35991	Box 1 grid B-1 level 2	cold soaked npropyl bromide only	35991_JG-132	Platanus racemosa	1	seed			USDA, seed samples		
P23 35991	Box 1 grid B-1 level 2	cold soaked npropyl bromide only	35991_JG-133	Alopecurus aequalis	1	Glume 	Previously identified as Poaceae (7/8/19)		Bekker pg. 196	Modern?	
P23 35991	Box 1 grid B-1 level 2	cold soaked npropyl bromide only	35991_JG-134	Pinus muricata	2	seed	Previously identified as Pinus muricata (7/8/19)		Santa Ana Botanic Garden, seed sample		
P23 35991	Box 1 grid B-1 level 2	cold soaked npropyl bromide only	35991_JG-135	Adenostoma fasciculatum	0.5	seed	Previously identified as Salvia sp. (7/8/19)		Santa Ana Botanic Garden, seed sample		
P23 35991	Box 1 grid B-1 level 2	cold soaked npropyl bromide only	35991_JG-136	Solidago canandensis	2	seeds	Previously identified as Solidago sp. (7/8/19)		seed samples, Santa Ana Botanic Garden 		
P23 35991	Box 1 grid B-1 level 2	cold soaked npropyl bromide only	35991_JG-137	Juniperus californica	9	bud	Previously identified as Cupressaceae (7/8/19)		(http://tcf.bh.cornell.edu/imgs/dws/r/Cupressaceae_Juniperus_californica_18388.html)		
P23 35991	Box 1 grid B-1 level 2	cold soaked npropyl bromide only	35991_JG-138	Pinus Jefferyi	1	seed	Previously identified as Brassicaceae (7/8/19)		Bekker pg. 86	cellular appearence 	
P23 35991	Box 1 grid B-1 level 2	cold soaked npropyl bromide only	35991_JG-139	Rumex salicifolius	12	seed	Previously identified as Carex sp. (7/8/19)		Bekker pg. 114, seed samples, Santa Ana Botanic Garden		
P23 35991	Box 1 grid B-1 level 2	cold soaked npropyl bromide only	35991_JG-140	Wood	1	wood	Previously identified as a seed (6/4/19)		(https://www.minnesotawildflowers.info/flower/devils-beggarticks), seed sample		
P23 35991	Box 1 grid B-1 level 2	cold soaked npropyl bromide only	35991_JG-141	Bone	1	bone			bone		
P23 35991	Box 1 grid B-1 level 2	cold soaked npropyl bromide only	35991_JG-142	Quercus dumosa	1	acorn	Previously identified as Quercus sp. (7/8/19)		Santa Ana Botanic Garden		
P23 35991	Box 1 grid B-1 level 2	cold soaked npropyl bromide only	35991_JG-143	Acer negundo	1	seed	Previously identified as Acer sp. (7/8/19)		Santa Ana Botanic Garden		
P23 35991	Box 1 grid B-1 level 2	cold soaked npropyl bromide only	35991_JG-144	Bone	1	Bone	Previously identified as Malvaceae (7/8/19)		Bone		
P23 35991	Box 1 grid B-1 level 2	cold soaked npropyl bromide only	35991_JG-145	Alnus rhombifolia	1	catkin scale	Previously identified as Betulaceae (7/8/19)		(https://www.minnesotawildflowers.info/tree/paper-birch)		
P23 35991	Box 1 grid B-1 level 2	cold soaked npropyl bromide only	35991_JG-146	Wood	1	wood	Previously identified as a seed (6/4/19)		Bekker pg. 127		
P23 35991	Box 1 grid B-1 level 2	cold soaked npropyl bromide only	35991_JG-147	Madia elegans	1	seed	Previously identified as Cirsium sp. (7/8/19)		(http://westerncascades.com/photos/seeds/seeds-i-o/)		
P23 35991	Box 1 grid B-1 level 2	cold soaked npropyl bromide only	35991_JG-148	Juniperus californica	1	seed			Jesse		
P23 35991	Box 1 grid B-1 level 2	cold soaked npropyl bromide only	35991_JG-149	Abies concolor	2	cone scale	Previously identified as Abies bracteata (7/8/19)		Santa Ana Botanic Garden 		
P23 35991	Box 1 grid B-1 level 2	cold soaked npropyl bromide only	35991_JG-150	Astragalus accidens	1	seed	Previously identified as Astragalus sp. (7/8/19)		Santa Ana Botanic Garden		
P23 35991	Box 1 grid B-1 level 2	cold soaked npropyl bromide only	35991_JG-151	Rosa californica 	1	seed	Previously identified as Rosa sp. (7/8/19)		seed sample, Bekker pg. 252		
P23 35991	Box 1 grid B-1 level 2	cold soaked npropyl bromide only	35991_JG-152	Wood	2	wood	Previously identified as Eryngium sp. (7/8/19)		Bekker pg. 33	No scales on mericarps 	
P23 35991	Box 1 grid B-1 level 2	cold soaked npropyl bromide only	35991_JG-153	Arctostaphylos viscida	1	seed	Previously identified as Arctostaphylos sp. (7/8/19)		Santa Ana Botanic Garden, seed samples		
P23 35991	Box 1 grid B-1 level 2	cold soaked npropyl bromide only	35991_JG-154	Bone	1	bone	Previously identified as Chenopodium sp. (7/8/19)		Bone		
P23 35991	Box 1 grid B-1 level 2	cold soaked npropyl bromide only	35991_JG-155	scat 	1	scat			scat		
P23 35991	Box 1 grid B-1 level 2	cold soaked npropyl bromide only	35991_JG-156	rock	1	rock					
P23 35991	Box 1 grid B-1 level 2	cold soaked npropyl bromide only	35991_JG-157	Purshia tridentata 	1	seed			 Santa Ana Botanic Garden		
P23 35991	Box 1 grid B-1 level 2	cold soaked npropyl bromide only	35991_JG-158	Astragalus accidens	1	seed	Previously identified as Cuscuta sp. (7/8/19)		Santa Ana Botanic Garden, seed samples		
P23 35991	Box 1 grid B-1 level 2	cold soaked npropyl bromide only	35991_JG-159	Acer macrophyllum	1	seed	Previously identified as Eriodictyon sp. (7/8/19)		Santa Ana Botanic Garden		
P23 35991	Box 1 grid B-1 level 2	cold soaked npropyl bromide only	35991_JG-160	Wood	1	seed	Previously identified as a seed (7/8/19)		Santa Ana Botanic Garden	faint stripes 	
P23 35991	Box 1 grid B-1 level 2	cold soaked npropyl bromide only	35991_JG-161	Tooth	1	Tooth			Tooth?		
P23 35991	Box 1 grid B-1 level 2	cold soaked npropyl bromide only	35991_JG-162	Stachys albens	1	seed			Santa Ana Botanic Garden, seed sample		
P23 35991	Box 1 grid B-1 level 2	cold soaked npropyl bromide only	35991_JG-163	Wood	1	wood	Previously identified as a seed (7/8/19)		Bekker pg. 122		
P23 35991	Box 1 grid B-1 level 2	cold soaked npropyl bromide only	35991_JG-164	Maurandella antirrhinflora	1	seed			Santa Ana Botanic Garden		
P23 35991	Box 1 grid B-1 level 2	cold soaked npropyl bromide only	35991_JG-165	Wood	2	Wood	Previously identified as Hesperocyparis sp. (7/8/19)		Santa Ana Botanic Garden		
P23 35991	Box 1 grid B-1 level 2	cold soaked npropyl bromide only	35991_JG-166	Aconitum columbianum	1	seed	Previously identified as Aconitum sp. (7/8/19)		Santa Ana Botanic Garden		
P23 35991	Box 1 grid B-1 level 2	cold soaked npropyl bromide only	35991_JG-167	Juniperus californicum 	1	bud	Previously identified as Abies sp. (7/8/19)		Santa Ana Botanic Garden		
P23 35991	Box 1 grid B-1 level 2	cold soaked npropyl bromide only	35991_JG-168	Wood	1	Wood	Previously identified as a Seed (7/8/19)		Seed sample 		
P23 35991	Box 1 grid B-1 level 2	cold soaked npropyl bromide only	35991_JG-169	Wood	1	Wood	Previously identified as a Seed (7/8/19)		Santa Ana Botanic Garden, seed sample		
P23 35991	Box 1 grid B-1 level 2	cold soaked npropyl bromide only	35991_JG-170	Potamogeton nodosus	0.5	seed	Previously identified as a Potamogeton sp. (7/8/19)		(https://tmi.laccore.umn.edu/uniqueIdentification/show/136)		
P23 35991	Box 1 grid B-1 level 2	cold soaked npropyl bromide only	35991_JG-171	Arctostaphylos viscida	1	seed	Previously identified as a Arctostaphylos sp. (7/8/19)		seed sample, Santa Ana Botanic Garden		
P23 35991	Box 1 grid B-1 level 2	cold soaked npropyl bromide only	35991_JG-172	Pinus jefferyi	1	seed	Previously identified as a Pinaceae (7/8/19)		Santa Ana Botanic Garden		
P23 35991	Box 1 grid B-1 level 2	cold soaked npropyl bromide only	35991_JG-173	Convolvulus simulans	1	seed	Previously identified as a Convolvulaceae (7/8/19)		Bekker pg. 103		
P23 35991	Box 1 grid B-1 level 2	cold soaked npropyl bromide only	35991_JG-174	Astragalus accidens	1	pod	Previously identified as a Fabaceae (7/8/19)		Bekker pg. 127		
P23 35991	Box 1 grid B-1 level 2	cold soaked npropyl bromide only	35991_JG-175	Juniperus sp. 	1	bud	Previously identified as a Pinaceae (7/8/19)	LACMP23-39522	Santa Ana Botanic Garden, seed samples		
P23 35991	Box 1 grid B-1 level 2	cold soaked npropyl bromide only	35991_JG-176	Charcoal 	63	Charcoal			Charcoal		
P23 35991	Box 1 grid B-1 level 2	cold soaked npropyl bromide only	35991_JG-177	Bone	1	Bone			bone		
P23 35991	Box 1 grid B-1 level 2	cold soaked npropyl bromide only	35991_JG-178	Sisyrinchium bellum	1	seed			seed samples, Santa Ana Botanic Garden		
P23 35985	Box 1 grid A-1 level 3	heated to 80C biodiesel & cold soaked npropyl bromide	35985_JG-179	Juniperus californica 	1	bud scale	Previously identified as Chaenocyparis lawsoniana (7/8/19)		seeds sample, (https://commons.wikimedia.org/wiki/File:Chamaecyparis_lawsoniana_seeds.jpg)		
P23 35985	Box 1 grid A-1 level 3	heated to 80C biodiesel & cold soaked npropyl bromide	35985_JG-180	Datura wrightii	1	seed	Previously identified as Solanaceae (7/8/19)		Santa Ana Botanic Garden, Bekker pg. 255		
P23 35985	Box 1 grid A-1 level 3	heated to 80C biodiesel & cold soaked npropyl bromide	35985_JG-181	Hippuris vulgaris	1	seed			(https://tmi.laccore.umn.edu/uniqueIdentification/show/136), (http://pierre.legagneux.free.fr/graineang.php?id=219)		
P23 35985	Box 1 grid A-1 level 3	heated to 80C biodiesel & cold soaked npropyl bromide	35985_JG-182	Rock	1	rock	Previously identified as seed (7/8/19)		seed samples, (https://tmi.laccore.umn.edu/components/plant/PlantMacrofossil/Potamogeton_amplifolius_seed_external_1998_jm_edit.jpg)		
P23 35985	Box 1 grid A-1 level 3	heated to 80C biodiesel & cold soaked npropyl bromide	35985_JG-183	Tauschia parishii	1	seed	Previously identified as seed (7/8/19)		Bekker pg. 31		
P23 35985	Box 1 grid A-1 level 3	heated to 80C biodiesel & cold soaked npropyl bromide	35985_JG-184	Bone	2	bone	Previously identified as seed (7/8/19)		Santa Ana Botanic Garden		
P23 35985	Box 1 grid A-1 level 3	heated to 80C biodiesel & cold soaked npropyl bromide	35985_JG-185	Cyperaceae	1	seed			Bekker pg. 113, Santa Ana Botanic Garden, seed samples		
P23 35985	Box 1 grid A-1 level 3	heated to 80C biodiesel & cold soaked npropyl bromide	35985_JG-186	Bone	1	bone			Bone, looks like collagen 		
P23 35985	Box 1 grid A-1 level 3	heated to 80C biodiesel & cold soaked npropyl bromide	35985_JG-187	Bone	6	bone	Previously identified as seed (7/8/19)		Santa Ana Botanic Garden		
P23 35985	Box 1 grid A-1 level 3	heated to 80C biodiesel & cold soaked npropyl bromide	35985_JG-188	Bone	1	bone	Previously identified as seed (7/8/19)		Santa Ana Botanic Garden, seed samples 		
P23 35985	Box 1 grid A-1 level 3	heated to 80C biodiesel & cold soaked npropyl bromide	35985_JG-189	Sisyrinchium bellum	4	seed			seed samples, Santa Ana Botanic Garden 		
P23 35985	Box 1 grid A-1 level 3	heated to 80C biodiesel & cold soaked npropyl bromide	35985_JG-190	Wood	1	wood	Previously identified as seed (7/8/19)		Santa Ana Botanic Garden		
P23 35985	Box 1 grid A-1 level 3	heated to 80C biodiesel & cold soaked npropyl bromide	35985_JG-191	Wood	2	wood	Previously identified as seed (7/8/19)		Santa Ana Botanic Garden		
P23 35985	Box 1 grid A-1 level 3	heated to 80C biodiesel & cold soaked npropyl bromide	35985_JG-192	Arnica sororia	1	seed	Previously identified as Asteraceae (7/8/19)		Bekker pg. 50		
P23 35985	Box 1 grid A-1 level 3	heated to 80C biodiesel & cold soaked npropyl bromide	35985_JG-193	rock	1	rock	Previously identified as seed (7/8/19)		Bekker pg. 50		
P23 35985	Box 1 grid A-1 level 3	heated to 80C biodiesel & cold soaked npropyl bromide	35985_JG-194	Ambrosia acanthicarpa	0.5	seed	Previously identified as Boraginaceae (7/8/19)		Bekker pg. 70		
P23 35985	Box 1 grid A-1 level 3	heated to 80C biodiesel & cold soaked npropyl bromide	35985_JG-195	Wood	2	Wood	Previously identified as seed (7/8/19)		Bekker pg. 74		
P23 35985	Box 1 grid A-1 level 3	heated to 80C biodiesel & cold soaked npropyl bromide	35985_JG-196	Rock	1	rock	Previously identified as seed (7/8/19)		Bekker pg. 166		
P23 35985	Box 1 grid A-1 level 3	heated to 80C biodiesel & cold soaked npropyl bromide	35985_JG-197	Wood	1	wood	Previously identified as seed (7/8/19)		Bekker pg. 166		
P23 35985	Box 1 grid A-1 level 3	heated to 80C biodiesel & cold soaked npropyl bromide	35985_JG-198	Rock	1	rock	Previously identified as seed (7/8/19)		Bekker pg. 103		
P23 35985	Box 1 grid A-1 level 3	heated to 80C biodiesel & cold soaked npropyl bromide	35985_JG-199	Wood	1	wood	Previously identified as seed (7/8/19)		Santa Ana Botanic Garden		
P23 35985	Box 1 grid A-1 level 3	heated to 80C biodiesel & cold soaked npropyl bromide	35985_JG-200	Wood	1	wood	Previously identified as seed (7/8/19)		Santa Ana Botanic Garden		
P23 35985	Box 1 grid A-1 level 3	heated to 80C biodiesel & cold soaked npropyl bromide	35985_JG-201	Rock	1	rock	Previously identified as seed (7/8/19)		Bekker pg. 166		
P23 35985	Box 1 grid A-1 level 3	heated to 80C biodiesel & cold soaked npropyl bromide	35985_JG-202	Wood	1	Wood	Previously identified as seed (7/8/19)		Santa Ana Botanic Garden		
P23 35985	Box 1 grid A-1 level 3	heated to 80C biodiesel & cold soaked npropyl bromide	35985_JG-203	Wood	1	Wood	Previously identified as seed (7/8/19)		Bekker pg. 159		
P23 35985	Box 1 grid A-1 level 3	heated to 80C biodiesel & cold soaked npropyl bromide	35985_JG-204	Rock	1	Rock	Previously identified as seed (7/8/19)		Santa Ana Botanic Garden		
P23 35985	Box 1 grid A-1 level 3	heated to 80C biodiesel & cold soaked npropyl bromide	35985_JG-205	Salvia spathacea 	0.5	seed			Santa Ana Botanic Garden, seed sample		
P23 35985	Box 1 grid A-1 level 3	heated to 80C biodiesel & cold soaked npropyl bromide	35985_JG-206	Nemophila maculata	1	seed			Santa Ana Botanic Garden, Calflora, (https://www.americanmeadows.com/wildflower-seeds/nemophila-seeds/five-spot-seeds)		
P23 35985	Box 1 grid A-1 level 3	heated to 80C biodiesel & cold soaked npropyl bromide	35985_JG-207	Iris macrosiphon	1	seed	Previously identified as Lamiaceae (7/8/19)		Bekker pg. 159		
P23 35985	Box 1 grid A-1 level 3	heated to 80C biodiesel & cold soaked npropyl bromide	35985_JG-208	rock	2	rock			rock		
P23 35985	Box 1 grid A-1 level 3	heated to 80C biodiesel & cold soaked npropyl bromide	35985_JG-209	Bone	1	bone	Previously identified as seed (7/8/19)		Bekker pg. 66		
P23 35985	Box 1 grid A-1 level 3	heated to 80C biodiesel & cold soaked npropyl bromide	35985_JG-210	Wood	1	wood	Previously identified as seed. (7/8/19)		Bekker pg. 159		
P23 35985	Box 1 grid A-1 level 3	heated to 80C biodiesel & cold soaked npropyl bromide	35985_JG-211	Rock	1	seed	Previously identified as seed. (7/8/19)		Santa Ana Botanic Garden, seed samples		
P23 35985	Box 1 grid A-1 level 3	heated to 80C biodiesel & cold soaked npropyl bromide	35985_JG-212	Juniperus californica 	1	bud	Previously identified as Cupressaceae. (7/8/19)		(http://tcf.bh.cornell.edu/imgs/dws/r/Cupressaceae_Juniperus_californica_18388.html)		
P23 35985	Box 1 grid A-1 level 3	heated to 80C biodiesel & cold soaked npropyl bromide	35985_JG-213	Charcoal 	1	Charcoal 			Charcoal		
P23 35992	Box 1 grid B-1 level 3	cold soaked npropyl bromide only	35992_JG-214	Rock	17	Rock			Rock		
P23 35992	Box 1 grid B-1 level 3	cold soaked npropyl bromide only	35992_JG-215	Juniperus californica	2.5	seeds			Bekker pg. 217 		
P23 35992	Box 1 grid B-1 level 3	cold soaked npropyl bromide only	35992_JG-216	Quercus dumosa	1	oak cap 	Previously identified as Cupressaceae. (7/8/19)		Santa Ana Botanic Garden	tar-covered but species looks modern; extremely well-preserved	
P23 35992	Box 1 grid B-1 level 3	cold soaked npropyl bromide only	35992_JG-217	Lamiaceae	1	seed			Bekker pg. 159		
P23 35992	Box 1 grid B-1 level 3	cold soaked npropyl bromide only	35992_JG-218	Hippuris vulgaris	1	seed			(https://tmi.laccore.umn.edu/uniqueIdentification/show/136), (http://pierre.legagneux.free.fr/graineang.php?id=219)		
P23 35992	Box 1 grid B-1 level 3	cold soaked npropyl bromide only	35992_JG-219	Pinus sabiniana	3	seed fragments	Previously identified as Pinus sp. (7/8/19)		Santa Ana Botanic Garden, seed samples 		
P23 35992	Box 1 grid B-1 level 3	cold soaked npropyl bromide only	35992_JG-220	Platanus racemosa	7	seed			USDA, seed samples		
P23 35992	Box 1 grid B-1 level 3	cold soaked npropyl bromide only	35992_JG-221	charcoal 	6	charcoal			charcoal		
P23 35992	Box 1 grid B-1 level 3	cold soaked npropyl bromide only	35992_JG-222	Cyperaceae	2	seed	Previously identified to genus (7/8/19)		(http://pierre.legagneux.free.fr/especeang.php?Famille=CYPERACEAE&Nom_ang=Sea+Club-rush&Espece=Scirpus+maritimus+L.)	Sometimes called Bolboschoenus maritimus	
P23 35992	Box 1 grid B-1 level 3	cold soaked npropyl bromide only	35992_JG-223	Chenopodium atrovirens	0.5	seed	Previously identified as Chenopodium sp. (7/8/19)		Bekker pg. 20, Santa Ana Botanic Garden		
P23 35992	Box 1 grid B-1 level 3	cold soaked npropyl bromide only	35992_JG-224	Juniperus californica	11	twigs	Previously identified as Juniperus sp. (7/8/19)		Calscape		
P23 35992	Box 1 grid B-1 level 3	cold soaked npropyl bromide only	35992_JG-225	Prunus andersonii	0.5	seed	Previously identified as Prunus sp. (7/8/19)		seed samples, Santa Ana Botanic Garden 		
P23 35992	Box 1 grid B-1 level 3	cold soaked npropyl bromide only	35992_JG-226	Galium trifidium	1	seed	Previously identified as Smilax sp. (7/8/19)		Santa Ana Botanic Garden		
P23 35992	Box 1 grid B-1 level 3	cold soaked npropyl bromide only	35992_JG-227	Juniperus sp.	142	seeds			Santa Ana Botanic Garden	whole seeds	
P23 35992	Box 1 grid B-1 level 3	cold soaked npropyl bromide only	35992_JG-228	Juniperus sp.	119	seeds			Santa Ana Botanic Garden	fragments	
P23 35992	Box 1 grid B-1 level 3	cold soaked npropyl bromide only	35992_JG-229	Mica 	4	Mica			Mica		
P23 35992	Box 1 grid B-1 level 3	cold soaked npropyl bromide only	35992_JG-230	Lupinus albifrons	1	pod	Previously identified as Lupinus sp. (7/8/19)		Bekker pg. 137		
P23 35992	Box 1 grid B-1 level 3	cold soaked npropyl bromide only	35992_JG-231	Juniperus californica 	5	cone	Previously identified as Fabaceae (7/8/19)		Santa Ana Botanic Garden		
P23 35992	Box 1 grid B-1 level 3	cold soaked npropyl bromide only	35992_JG-232	Quercus dumosa 	2	acorn	Previously identified as Lamiaceae (7/8/19)		Santa Ana Botanic Garden		
P23 35992	Box 1 grid B-1 level 3	cold soaked npropyl bromide only	35992_JG-233	Vicia hassei	3	seed	Previously identified as Lamiaceae (7/8/19)		Bekker pg. 17		
P23 35992	Box 1 grid B-1 level 3	cold soaked npropyl bromide only	35992_JG-234	Aristolochia californica	0.5	seed			Santa Ana Botanic Garden		
P23 35992	Box 1 grid B-1 level 3	cold soaked npropyl bromide only	35992_JG-235	Bone	1	seed	Previously identified as Phacelia sp. (7/8/19)		Santa Ana Botanic Garden		
P23 35992	Box 1 grid B-1 level 3	cold soaked npropyl bromide only	35992_JG-236	Datura wrightii	1	seed	Previously identified as Datura sp. (7/8/19)		Bekker pg. 258, Santa Ana Botanic Garden , seed samples		
P23 35992	Box 1 grid B-1 level 3	cold soaked npropyl bromide only	35989_JG-237	Heteromeles arbutifolia 	1	seed	Previously identified as Convolvulaceae (7/8/19)		bekker pg. 102		
P23 35989	Box 1 grid A-2 level 4	cold soaked npropyl bromide only	35989_JG-238	Juniperus californica	3	seed			Jesse		
P23 35989	Box 1 grid A-2 level 4	cold soaked npropyl bromide only	35989_JG-239	Juniperus sp.	13	seeds			Santa Ana Botanic Garden	whole seeds	
P23 35989	Box 1 grid A-2 level 4	cold soaked npropyl bromide only	35989_JG-240	Juniperus sp.	22	seeds			Santa Ana Botanic Garden	fragments	
P23 35989	Box 1 grid A-2 level 4	cold soaked npropyl bromide only	35989_JG-241	Sambucus nigra	1	seed	Previously identified as Sambucus sp. (7/8/19)		Santa Ana Botanic Garden		
P23 35989	Box 1 grid A-2 level 4	cold soaked npropyl bromide only	35989_JG-242	Cyperaceae	1	seed	Previously identified as Themidaceae (7/11/19)		Santa Ana Botanic Garden		
P23 35989	Box 1 grid A-2 level 4	cold soaked npropyl bromide only	35989_JG-243	Juniperus californica	17	twig	Previously identified as Juniperus sp. (7/8/19)		Calscape		
P23 35993	Box 1 grid B-1 level 4	cold soaked npropyl bromide only	35993_JG-244	Quercus dumosa	0.5	oak cap	Previously identified as Quercus sp. (7/8/19)		Santa Ana Botanic Garden	4 fragments	
P23 35993	Box 1 grid B-1 level 4	cold soaked npropyl bromide only	35993_JG-245	Juniperus californica	1	twig	Previously identified as Juniperus sp. (7/8/19)		Calscape		
P23 35993	Box 1 grid B-1 level 4	cold soaked npropyl bromide only	35993_JG-246	Charcoal 	1	Charcoal 			Charcoal 		
P23 35993	Box 1 grid B-1 level 4	cold soaked npropyl bromide only	35993_JG-247	Rock	1	Rock	Previously identified as Malvaceae (7/8/19)		Bekker pg. 166		
P23 35993	Box 1 grid B-1 level 4	cold soaked npropyl bromide only	35993_JG-248	Juniperus sp.	51	seeds			Santa Ana Botanic Garden	whole seeds	
P23 35993	Box 1 grid B-1 level 4	cold soaked npropyl bromide only	35993_JG-249	Juniperus sp.	35	seeds			Santa Ana Botanic Garden	fragments	
P23 35993	Box 1 grid B-1 level 4	cold soaked npropyl bromide only	35993_JG-250	Wood	1	wood	Previously identified as seed (7/8/19)		Santa Ana Botanic Garden	markings, clear attachment, shape, size	
P23 35993	Box 1 grid B-1 level 4	cold soaked npropyl bromide only	35993_JG-251	Pinus jefferyi	1	seed	Previously identified as Lamiaceae (7/8/19)		Bekker pg. 159		
P23 35993	Box 1 grid B-1 level 4	cold soaked npropyl bromide only	35993_JG-252	Wood	1	wood	Previously identified as Eryngium sp. (7/8/19)		Bekker pg. 33		
P23 35993	Box 1 grid B-1 level 4	cold soaked npropyl bromide only	35993_JG-253	Wood	1	wood	Previously identified as seed (7/8/19)		Santa Ana Botanic Garden, seed samples, Bekker pg. 142		
P23 35993	Box 1 grid B-1 level 4	cold soaked npropyl bromide only	35993_JG-254	Juniperus californica	1	bud	Previously identified as Cuppressaceae (7/8/19)		(http://tcf.bh.cornell.edu/imgs/dws/r/Cupressaceae_Juniperus_californica_18388.html)		
P23 35993	Box 1 grid B-1 level 4	cold soaked npropyl bromide only	35993_JG-255	Wood	1	wood			Botany in a day pg. 48	Hollow cone	
P23 35993	Box 1 grid B-1 level 4	cold soaked npropyl bromide only	35993_JG-256	Rock	1	rock	Previously identified as seed (7/8/19)		Santa Ana Botanic Garden, seed samples		
P23 35993	Box 1 grid B-1 level 4	cold soaked npropyl bromide only	35993_JG-257	Rock	5	rock			rock		
P23 35993	Box 1 grid B-1 level 4	cold soaked npropyl bromide only	35993_JG-258	Pinus jefferyi	1	bud	Previously identified as Pinaceae (7/8/19)		Santa Ana Botanic Garden		
P23 35993	Box 1 grid B-1 level 4	cold soaked npropyl bromide only	35993_JG-259	Wood 	3	wood	Previously identified as seed (7/8/19)		seed sample, Santa Ana Botanic Garden 		
P23 35993	Box 1 grid B-1 level 4	cold soaked npropyl bromide only	35993_JG-260	Barbarea orthoceras	4	seeds	Previously identified as Barbarea sp. (7/8/19)		seed sample, Santa Ana Botanic Garden 		
P23 35993	Box 1 grid B-1 level 4	cold soaked npropyl bromide only	35993_JG-261	Rock	1	rock	Previously identified as seed (7/8/19)		Bekker pg. 134	hilum visible	
P23 35986	Box 1 grid A-1 level 5	heated to 80C biodiesel & cold soaked npropyl bromide	35986_JG-262	Alnus rhombifolia	1	Catkin scale	Previously identified as Betulaceae (7/8/19)		(https://www.minnesotawildflowers.info/tree/paper-birch)		
P23 35986	Box 1 grid A-1 level 5	heated to 80C biodiesel & cold soaked npropyl bromide	35986_JG-263	Juniperus californica	3	seed			Jesse		
P23 35986	Box 1 grid A-1 level 5	heated to 80C biodiesel & cold soaked npropyl bromide	35986_JG-264	Platanus racemosa	1	seed			USDA, seed samples		
P23 35986	Box 1 grid A-1 level 5	heated to 80C biodiesel & cold soaked npropyl bromide	35986_JG-265	Juniperus sp.	26	seeds			Santa Ana Botanic Garden	whole seeds	
P23 35986	Box 1 grid A-1 level 5	heated to 80C biodiesel & cold soaked npropyl bromide	35986_JG-266	Juniperus sp.	24	seeds			Santa Ana Botanic Garden	fragments	
P23 35986	Box 1 grid A-1 level 5	heated to 80C biodiesel & cold soaked npropyl bromide	35986_JG-267	Juniperus californica	7	buds	Previously identified as Juniperus sp.(7/8/19)		(http://tcf.bh.cornell.edu/imgs/dws/r/Cupressaceae_Juniperus_californica_18388.html)		
P23 35986	Box 1 grid A-1 level 5	heated to 80C biodiesel & cold soaked npropyl bromide	35986_JG-268	Rock	5	Rock			Rock		
P23 35986	Box 1 grid A-1 level 5	heated to 80C biodiesel & cold soaked npropyl bromide	35986_JG-269	Malosma laurina 	1	seed	Previously identified as Pinus sp. (7/8/19)		seed samples, Santa Ana Botanic Garden 		
P23 35986	Box 1 grid A-1 level 5	heated to 80C biodiesel & cold soaked npropyl bromide	35986_JG-270	Salvia apiana 	3	seed	Previously identified as Lamiaceae (7/8/19)		Bekker pg. 159	spots, shape	
P23 35986	Box 1 grid A-1 level 5	heated to 80C biodiesel & cold soaked npropyl bromide	35986_JG-271	Coleogyne ramosissima	1	seed			Santa Ana Botanic Garden	j-shape	
P23 35986	Box 1 grid A-1 level 5	heated to 80C biodiesel & cold soaked npropyl bromide	35986_JG-272	Malosma laurina 	1	seed	Previously identified as Potentilla sp. (7/8/19)		Santa Ana Botanic Garden		
P23 35986	Box 1 grid A-1 level 5	heated to 80C biodiesel & cold soaked npropyl bromide	35986_JG-273	Allium atrorubens	2	seed	Previously identified as Allium sp. (7/8/19)		Santa Ana Botanic Garden, seed samples		
P23 35986	Box 1 grid A-1 level 5	heated to 80C biodiesel & cold soaked npropyl bromide	35986_JG-274	Sambucus nigra	3	seed	Previously identified as Sambucus sp. (7/8/19)		Santa Ana Botanic Garden, seed samples		
P23 35986	Box 1 grid A-1 level 5	heated to 80C biodiesel & cold soaked npropyl bromide	35986_JG-275	Salvia columbariae	1	seed	Previously identified as Lamiaceae (7/8/19)		Bekker pg. 159		
P23 35986	Box 1 grid A-1 level 5	heated to 80C biodiesel & cold soaked npropyl bromide	35986_JG-276	Rhus integrifolia	1	seed	Previously identified as Stachys sp. (7/8/19)		Santa Ana Botanic Garden, seed samples	texture, size (probably Stachys albens)	
P23 35986	Box 1 grid A-1 level 5	heated to 80C biodiesel & cold soaked npropyl bromide	35986_JG-277	Lupinus excubitus	1	seed	Previously identified as Lathyrus sp. (7/8/19)		Bekker pg. 138, Santa Ana Botanic Garden, Calflora, seed sample	possibly Rumex sp. 	
P23 35986	Box 1 grid A-1 level 5	heated to 80C biodiesel & cold soaked npropyl bromide	35986_JG-278	Bone	1	seed	Previously identified as Phacelia sp. (7/8/19)		Santa Ana Botanic Garden		
P23 35986	Box 1 grid A-1 level 5	heated to 80C biodiesel & cold soaked npropyl bromide	35986_JG-279	Persicaria punctata	1	seed	Previously identified as Polygonaceae (7/8/19)		Bekker pg. 226	possibly Persicaria lapathifolia	
P23 35986	Box 1 grid A-1 level 5	heated to 80C biodiesel & cold soaked npropyl bromide	35986_JG-280	Bone	1	seed	Previously identified as Poterium sp. (7/8/19)		Santa Ana Botanic Garden		
P23 35986	Box 1 grid A-1 level 5	heated to 80C biodiesel & cold soaked npropyl bromide	35986_JG-281	Trichostema lanceolatum	3	seed	Previously identified as Trichostema sp. (7/8/19)		Santa Ana Botanic Garden		
P23 35986	Box 1 grid A-1 level 5	heated to 80C biodiesel & cold soaked npropyl bromide	35986_JG-282	Sisyrinchium bellum	1	seed			seed samples, Santa Ana Botanic Garden		
P23 35986	Box 1 grid A-1 level 5	heated to 80C biodiesel & cold soaked npropyl bromide	35986_JG-283	Barbarea orthoceras	1	seed			Bekker pg. 86, Santa Ana Botanic Garden, seed samples		
P23 35986	Box 1 grid A-1 level 5	heated to 80C biodiesel & cold soaked npropyl bromide	35986_JG-284	Bone	1	Bone			Bone 		
P23 35990	Box 1 grid A-2 level 5	heated to 80C biodiesel & cold soaked npropyl bromide	35990_JG-285	Platanus racemosa	82	seeds			USDA, seed samples		
P23 35990	Box 1 grid A-2 level 5	heated to 80C biodiesel & cold soaked npropyl bromide	35990_JG-286	Angelica tomentosa	2	seed fragments	Previously identified as Apiaceae (7/8/19)		Bekker pg. 31	seed broken into 2 pieces	
P23 35990	Box 1 grid A-2 level 5	heated to 80C biodiesel & cold soaked npropyl bromide	35990_JG-287	Quercus agrifolia 	1	oak cap	Previously identified as Quercus sp. (7/8/19)		Santa Ana Botanic Garden		
P23 35990	Box 1 grid A-2 level 5	heated to 80C biodiesel & cold soaked npropyl bromide	35990_JG-288	Juniperus californica	12	seed fragments			Jesse		
P23 35990	Box 1 grid A-2 level 5	heated to 80C biodiesel & cold soaked npropyl bromide	35990_JG-289	Juniperus sp. 	130	seeds			Santa Ana Botanic Garden	seed fragments	
P23 35990	Box 1 grid A-2 level 5	heated to 80C biodiesel & cold soaked npropyl bromide	35990_JG-290	Juniperus sp.	53	seeds			Santa Ana Botanic Garden	whole seeds	
P23 35990	Box 1 grid A-2 level 5	heated to 80C biodiesel & cold soaked npropyl bromide	35990_JG-291	Quercus garryana	1	acorn cap	Previously identified as Cuppressaceae (7/8/19)		Botany in a day pg. 48	Hollow cone	
P23 35990	Box 1 grid A-2 level 5	heated to 80C biodiesel & cold soaked npropyl bromide	35990_JG-292	Juniperus californica	1	cone			(http://nathistoc.bio.uci.edu/plants/Cupressaceae/Juniperus%20californica.htm)		
P23 35990	Box 1 grid A-2 level 5	heated to 80C biodiesel & cold soaked npropyl bromide	35990_JG-293	Juniperus californica 	12	twig	Previously identified as Juniperus sp. (7/8/19)		Calscape		
P23 35990	Box 1 grid A-2 level 5	heated to 80C biodiesel & cold soaked npropyl bromide	35990_JG-294	Brassicaceae	1	seed			seed samples, bekker pg. 86	same as #319	
P23 35990	Box 1 grid A-2 level 5	heated to 80C biodiesel & cold soaked npropyl bromide	35990_JG-295	Juniperus californica 	2	bud	Previously identified as Juniperus sp. (7/8/19)		(http://tcf.bh.cornell.edu/imgs/dws/r/Cupressaceae_Juniperus_californica_18388.html)		
P23 35990	Box 1 grid A-2 level 5	heated to 80C biodiesel & cold soaked npropyl bromide	35990_JG-296	Juniperus californica 	7	buds	Previously identified as Juniperus sp. (7/8/19)		Santa Ana Botanic Garden		
P23 35990	Box 1 grid A-2 level 5	heated to 80C biodiesel & cold soaked npropyl bromide	35990_JG-297	rock	3	rock			rock		
P23 35990	Box 1 grid A-2 level 5	heated to 80C biodiesel & cold soaked npropyl bromide	35990_JG-298	Malosma laurina 	1	seed			Calflora		
P23 35990	Box 1 grid A-2 level 5	heated to 80C biodiesel & cold soaked npropyl bromide	35990_JG-299	Ranunculus sp. 	1	seed			seed sample, Santa Ana Botanic Garden, Bekker pg. 233 		
P23 35990	Box 1 grid A-2 level 5	heated to 80C biodiesel & cold soaked npropyl bromide	35990_JG-300	Wood	1	wood	Previously identified as seed (7/8/19)		Santa Ana Botanic Garden		
P23 35990	Box 1 grid A-2 level 5	heated to 80C biodiesel & cold soaked npropyl bromide	35990_JG-301	Atriplex argentea	1	seed	Previously identified as Chenopodium sp. (7/8/19)		Santa Ana Botanic Garden, Bekker pg. 23		
P23 35994	Box 1 grid B-1 level 5	heated to 80C biodiesel & cold soaked npropyl bromide	35994_JG-302	Platanus racemosa	7	seed			USDA, seed samples		
P23 35994	Box 1 grid B-1 level 5	heated to 80C biodiesel & cold soaked npropyl bromide	35994_JG-303	Juniperus californica 	5	seed			Jesse		
P23 35994	Box 1 grid B-1 level 5	heated to 80C biodiesel & cold soaked npropyl bromide	35994_JG-304	Juniperus californica 	3	twig	Previously identified as Juniperus sp. (7/8/19)		Calscape		
P23 35994	Box 1 grid B-1 level 5	heated to 80C biodiesel & cold soaked npropyl bromide	35994_JG-305	Charcoal 	10	Charcoal 			Charcoal 		
P23 35994	Box 1 grid B-1 level 5	heated to 80C biodiesel & cold soaked npropyl bromide	35994_JG-306	Rock	22	Rock			Rock		
P23 35994	Box 1 grid B-1 level 5	heated to 80C biodiesel & cold soaked npropyl bromide	35994_JG-307	Cyperaceae	1	seed			Bekker pg. 118, seed samples, Santa Ana Botanic Garden		
P23 35994	Box 1 grid B-1 level 5	heated to 80C biodiesel & cold soaked npropyl bromide	35994_JG-308	Juniperus sp. 	172	seeds			Santa Ana Botanic Garden	whole seeds 	
P23 35994	Box 1 grid B-1 level 5	heated to 80C biodiesel & cold soaked npropyl bromide	35994_JG-309	Juniperus sp. 	119	seeds			Santa Ana Botanic Garden	fragments	
P23 35994	Box 1 grid B-1 level 5	heated to 80C biodiesel & cold soaked npropyl bromide	35994_JG-310	Solidago canandensis	3	seeds	Previously identified as Solidago sp. (7/8/19)		seed samples, Santa Ana Botanic Garden 		
P23 35994	Box 1 grid B-1 level 5	heated to 80C biodiesel & cold soaked npropyl bromide	35994_JG-311	Alopecurus aequalis	4	Glume 	Previously identified as Poaceae (7/8/19)		Santa Ana Botanic Garden, Bekker pg. 194		
P23 35994	Box 1 grid B-1 level 5	heated to 80C biodiesel & cold soaked npropyl bromide	35994_JG-312	Bone	1	seed	Previously identified as Phacelia (7/8/19)		Santa Ana Botanic Garden		
P23 35994	Box 1 grid B-1 level 5	heated to 80C biodiesel & cold soaked npropyl bromide	35994_JG-313	Rosaceae	1	seed	Previously identified to genus (6/5/19)		Santa Ana Botanic Garden		
P23 35994	Box 1 grid B-1 level 5	heated to 80C biodiesel & cold soaked npropyl bromide	35994_JG-314	Castela emoryi	1	seed			Santa Ana Boanic Garden		
P23 35994	Box 1 grid B-1 level 5	heated to 80C biodiesel & cold soaked npropyl bromide	35994_JG-315	Berula erecta 	0.5	seed	Previously identified as Quercus sp. (6/5/19)		Young pg. 230		
P23 35994	Box 1 grid B-1 level 5	heated to 80C biodiesel & cold soaked npropyl bromide	35994_JG-316	Angelica tomentosa	2	seed fragments	Previously identified as Apiaceae (6/5/19)		Bekker pg. 39		
P23 35994	Box 1 grid B-1 level 5	heated to 80C biodiesel & cold soaked npropyl bromide	35994_JG-317	Juniperus californica	1	bud	Previously identified as Cupressaceae (6/5/19)		(http://tcf.bh.cornell.edu/imgs/dws/r/Cupressaceae_Juniperus_californica_18388.html)		
P23 35994	Box 1 grid B-1 level 5	heated to 80C biodiesel & cold soaked npropyl bromide	35994_JG-318	Bloomeria crocea	1	seed			Santa Ana Botanic Garden		
P23 35994	Box 1 grid B-1 level 5	heated to 80C biodiesel & cold soaked npropyl bromide	35994_JG-319	Adenostoma sparsifolium	1	seed			Santa Ana Botanic Garden		
P23 35994	Box 1 grid B-1 level 5	heated to 80C biodiesel & cold soaked npropyl bromide	35994_JG-320	Angelica tomentosa	1	seed	Previously identified as Apiaceae (6/5/19)		Bekker pg. 39		
P23 35994	Box 1 grid B-1 level 5	heated to 80C biodiesel & cold soaked npropyl bromide	35994_JG-321	Lonicera interrupta	1	seed	Previously identified as Lonicera sp. (6/5/19)		Santa Ana Botanic Garden, seed samples		
P23 35994	Box 1 grid B-1 level 5	heated to 80C biodiesel & cold soaked npropyl bromide	35994_JG-322	Brasenia schreberi 	1	seed			seed samples, (https://tmi.laccore.umn.edu/uniqueIdentification/show/136)		
P23 35994	Box 1 grid B-1 level 5	heated to 80C biodiesel & cold soaked npropyl bromide	35994_JG-323	Sambucus nigra 	5	seed	Previously identified as Sambucus sp. (6/5/19)		seed samples, Santa Ana Botanic Garden 		
P23 35994	Box 1 grid B-1 level 5	heated to 80C biodiesel & cold soaked npropyl bromide	35994_JG-324	Rosa woodsii	2	seed	Previously identified as Rosa sp. (6/5/19)		seed sample, Santa Ana Botanic Garden		
P23 35994	Box 1 grid B-1 level 5	heated to 80C biodiesel & cold soaked npropyl bromide	35994_JG-325	Ceanothus integerrimus	1	seed	Previously identified as Pinus sp. (6/5/19)		seed sample, Santa Ana Botanic Garden		
P23 35994	Box 1 grid B-1 level 5	heated to 80C biodiesel & cold soaked npropyl bromide	35994_JG-326	Perideridia bolanderi	1	seed	Previosusly identified as Apiaceae (7/10/19)		Santa Ana Botanic Garden		
P23 35994	Box 1 grid B-1 level 5	heated to 80C biodiesel & cold soaked npropyl bromide	35994_JG-327	Brodiaea elegans	1	seed			Santa Ana Botanic Garden		
P23 35994	Box 1 grid B-1 level 5	heated to 80C biodiesel & cold soaked npropyl bromide	35994_JG-328	Cyperaceae	1	seed			Bekker pg. 114		
P23 35994	Box 1 grid B-1 level 5	heated to 80C biodiesel & cold soaked npropyl bromide	35994_JG-329	Cyperaceae	7.5	seed	Previosusly identified to genus (6/5/19)		(http://pierre.legagneux.free.fr/especeang.php?Famille=CYPERACEAE&Nom_ang=Sea+Club-rush&Espece=Scirpus+maritimus+L.)		
P23 35994	Box 1 grid B-1 level 5	heated to 80C biodiesel & cold soaked npropyl bromide	35994_JG-330	Juniperus californica	8	bud	Previosusly identified as Cupressaceae (7/10/19)		http://tcf.bh.cornell.edu/imgs/dws/r/Cupressaceae_Juniperus_californica_18388.html)		
P23 35994	Box 1 grid B-1 level 5	heated to 80C biodiesel & cold soaked npropyl bromide	35994_JG-331	Vicia hassei	2	seed	Previosusly identified as amaranthaceae (6/5/19)		bekker pg. 20		
P23 35994	Box 1 grid B-1 level 5	heated to 80C biodiesel & cold soaked npropyl bromide	35994_JG-332	Sisyrinchium bellum	1	seed			seed samples, Santa Ana Botanic Garden		
P23 35994	Box 1 grid B-1 level 5	heated to 80C biodiesel & cold soaked npropyl bromide	35994_JG-333	Funastrum cynanchoides	1	seed	Previosusly identified as Funastrum (7/10/19)		Santa Ana Botanic Garden		
P23 35994	Box 1 grid B-1 level 5	heated to 80C biodiesel & cold soaked npropyl bromide	35994_JG-334	Galium trifidium	1	seed	Previosusly identified to genus (6/5/19)		Santa Ana Botanic Garden		
P23 35994	Box 1 grid B-1 level 5	heated to 80C biodiesel & cold soaked npropyl bromide	35994_JG-335	Quercus dumosa 	1	seed	Previosusly identified as amaranthaceae (6/5/19)		Bekker pg. 27		
P23 35994	Box 1 grid B-1 level 5	heated to 80C biodiesel & cold soaked npropyl bromide	35994_JG-336	Bone	1	seed	Previosusly identified as Malvaceae (6/5/19)		Bekker pg. 171		
P23 35997	Box 1 grid B-2 level 5	cold soaked npropyl bromide only	35997_JG-337	Quercus dumosa 	19	acorn caps 	Previosusly identified as Quercus sp. (7/10/19)		Santa Ana Botanic Garden		
P23 35997	Box 1 grid B-2 level 5	cold soaked npropyl bromide only	35997_JG-338	Juniperus californica	2	seeds			Jesse		
P23 35997	Box 1 grid B-2 level 5	cold soaked npropyl bromide only	35997_JG-339	Platanus racemosa	12	seeds			USDA, seed samples		
P23 35997	Box 1 grid B-2 level 5	cold soaked npropyl bromide only	35997_JG-340	Juniperus sp. 	75	seeds			Santa Ana Botanic Garden	whole seeds	
P23 35997	Box 1 grid B-2 level 5	cold soaked npropyl bromide only	35997_JG-341	rocks	60	rocks			rocks		
P23 35997	Box 1 grid B-2 level 5	cold soaked npropyl bromide only	35997_JG-342	Juniperus sp. 	70	seeds			Santa Ana Botanic Garden	fragments 	
P23 35997	Box 1 grid B-2 level 5	cold soaked npropyl bromide only	35997_JG-343	Juniperus californica 	38	bud	Previosusly identified as Cupressaceae (7/10/19)		(http://tcf.bh.cornell.edu/imgs/dws/r/Cupressaceae_Juniperus_californica_18388.html)		
P23 35997	Box 1 grid B-2 level 5	cold soaked npropyl bromide only	35997_JG-344	Solidago canandensis	3	seeds	Previosusly identified as Solidago sp. (7/10/19)		seed samples, Santa Ana Botanic Garden 		
P23 35997	Box 1 grid B-2 level 5	cold soaked npropyl bromide only	35997_JG-345	Ambrosia psilostachya	1	flower fragment	Previosusly identified as Poaceae (7/10/19)		Bekker pg. 196		
P23 35997	Box 1 grid B-2 level 5	cold soaked npropyl bromide only	35997_JG-346	Arctostaphylos glauca 	2	seed	Previosusly identified as Arctostaphylos sp. (7/10/19)		seed sample, Santa Ana Botanic Garden 		
P23 35997	Box 1 grid B-2 level 5	cold soaked npropyl bromide only	35997_JG-347	Angelica tomentosa	1	seed	Previosusly identified as Apiaceae sp. (7/10/19)		Bekker pg. 39		
P23 35997	Box 1 grid B-2 level 5	cold soaked npropyl bromide only	35997_JG-348	Pinus contorta 	1	seed			Santa Ana Botanic Garden, seed samples	spotted markings visible 	
P23 35997	Box 1 grid B-2 level 5	cold soaked npropyl bromide only	35997_JG-349	Pinus radiata	1	seed	Previosusly identified as Pinus radiata (7/10/19)		Santa Ana Botanic Garden, seed samples	clear markings, probably Pinus radiata 	
P23 35997	Box 1 grid B-2 level 5	cold soaked npropyl bromide only	35997_JG-350	Cornus sericea	1	seed	Previosusly identified as Cornus sp. (7/10/19)		seed sample, Santa Ana Botanic Garden		
P23 35997	Box 1 grid B-2 level 5	cold soaked npropyl bromide only	35997_JG-351	Alopecurus aequalis	2	Glume 	Previosusly identified as Poaceae (7/10/19)		Bekker pg. 196		
P23 35997	Box 1 grid B-2 level 5	cold soaked npropyl bromide only	35997_JG-352	bone	3	bone 			bone?		
P23 35997	Box 1 grid B-2 level 5	cold soaked npropyl bromide only	35997_JG-353	Scirpus fluviatilis	1	seed			(http://tmitutorials.blogspot.com/2013/02/seed-identification-tutorial.html)	Also called Bolboschoenus fluviatilis	
P23 35997	Box 1 grid B-2 level 5	cold soaked npropyl bromide only	35997_JG-354	Juniperus californica	1	twigs	Previosusly identified as Juniperus sp. (7/10/19)		Calscape		
P23 35997	Box 1 grid B-2 level 5	cold soaked npropyl bromide only	35997_JG-355	Sambucus nigra	1	seed	Previosusly identified as Sanbucus sp. (7/10/19)		Santa Ana Botanic Garden	probably Sambucus racemosa 	
P23 35997	Box 1 grid B-2 level 5	cold soaked npropyl bromide only	35997_JG-356	Vicia hassei	2	seed	Previosusly identified as Brassicaceae sp. (7/10/19)		Bekker pg. 87		
P23 35987	Box 1 grid A-1 level 6	cold soaked npropyl bromide only	35987_JG-357	Ranunculus sceleratus	1	seed			Bekker pg. 233, USDA	 sceleratus	
P23 35987	Box 1 grid A-1 level 6	cold soaked npropyl bromide only	35987_JG-358	Pinus muricata	1	seed	Previosusly identified as Rosa sp. (7/10/19)		Santa Ana Botanic Garden 		
P23 35987	Box 1 grid A-1 level 6	cold soaked npropyl bromide only	35987_JG-359	Ranunculus sp. 	2	seed	Previosusly identified as Heliotropium curassavicum (7/10/19)		Santa Ana Botanic Garden		
P23 35987	Box 1 grid A-1 level 6	cold soaked npropyl bromide only	35987_JG-360	Ambrosia confertiflora	1	seed	Previosusly identified as Aconitum sp. (7/10/19)		Santa Ana Botanic Garden	probably Aconitum columbiana 	
P23 35987 	Box 1 grid A-1 level 6	cold soaked npropyl bromide only	35987_JG-361	Juniperus californica 	5	seed			Jesse		
P23 35987 	Box 1 grid A-1 level 6	cold soaked npropyl bromide only	35987_JG-362	Alnus rhombifolia	1	Catkin scale	Previosusly identified as Betulaceae (7/10/19)		(https://www.minnesotawildflowers.info/tree/paper-birch)		
P23 35987 	Box 1 grid A-1 level 6	cold soaked npropyl bromide only	35987_JG-363	Plantanus racemosa 	4	seeds			USDA, seed samples		
P23 35987 	Box 1 grid A-1 level 6	cold soaked npropyl bromide only	35987_JG-364	Alopecurus aequalis	2	Glume 	Previosusly identified as Poaceae (7/10/19)		Bekker pg. 196		
P23 35987 	Box 1 grid A-1 level 6	cold soaked npropyl bromide only	35987_JG-365	Quercus dumosa	1	acorn cap	Previosusly identified as Quercus sp. (7/10/19)		Santa Ana Botanic Garden, Young pg. 290		
P23 35987 	Box 1 grid A-1 level 6	cold soaked npropyl bromide only	35987_JG-366	Juniperus californica	7	twigs	Previosusly identified as Juniperus sp. (7/10/19)		Calscape 		
P23 35987 	Box 1 grid A-1 level 6	cold soaked npropyl bromide only	35987_JG-367	Juniperus californica	8	bud	Previosusly identified as Cupressaceae (7/10/19)		(http://tcf.bh.cornell.edu/imgs/dws/r/Cupressaceae_Juniperus_californica_18388.html)		
P23 35987 	Box 1 grid A-1 level 6	cold soaked npropyl bromide only	35987_JG-368	Sambucus nigra	1	seed	Previosusly identified as Sambucus sp. (7/10/19)		Santa Ana Botanic Garden		
P23 35987 	Box 1 grid A-1 level 6	cold soaked npropyl bromide only	35987_JG-369	Juniperus sp. 	94	seeds			Santa Ana Botanic Garden	whole seeds 	
P23 35987 	Box 1 grid A-1 level 6	cold soaked npropyl bromide only	35987_JG-370	Juniperus sp. 	68	seeds			Santa Ana Botanic Garden	fragments	
P23 35987 	Box 1 grid A-1 level 6	cold soaked npropyl bromide only	35987_JG-371	rocks 	9	rocks			rocks	black lines visible 	
P23 35987 	Box 1 grid A-1 level 6	cold soaked npropyl bromide only	35987_JG-372	Salvia dorrii	1	seed	Previosusly identified as Stachys sp. (7/10/19)		Santa Ana Botanic Garden, seed samples	probably Stachys bullata	
P23 35987	Box 1 grid A-1 level 6	cold soaked npropyl bromide only	35987_JG-373	wood	1	wood	Previosusly identified as seed (7/10/19)		Santa Ana Botanic Garden, seed samples 		
P23 35987	Box 1 grid A-1 level 6	cold soaked npropyl bromide only	35987_JG-374	Bone	1	bone			bone		
P23 35988	Box 1 grid A-1 level 7	heated to 80C biodiesel & cold soaked npropyl bromide	35988_JG-375	Plantanus racemosa 	5	seed			USDA, seed samples		
P23 35988	Box 1 grid A-1 level 7	heated to 80C biodiesel & cold soaked npropyl bromide	35988_JG-376	Bone	1	seed	Previosusly identified as Phacelia sp. (7/10/19)		Santa Ana Botanic Garden		
P23 35988	Box 1 grid A-1 level 7	heated to 80C biodiesel & cold soaked npropyl bromide	35988_JG-377	Juniperus californica 	4	seed			Jesse		
P23 35988	Box 1 grid A-1 level 7	heated to 80C biodiesel & cold soaked npropyl bromide	35988_JG-378	Arctostaphylos viscida	1	seed	Previosusly identified as Arctostaphylos glauca (7/10/19)		seed samples, Santa Ana Botanic Garden		
P23 35988	Box 1 grid A-1 level 7	heated to 80C biodiesel & cold soaked npropyl bromide	35988_JG-379	Solidago canandensis	1	seed			seed samples, Santa Ana Botanic Garden 		
P23 35988	Box 1 grid A-1 level 7	heated to 80C biodiesel & cold soaked npropyl bromide	35988_JG-380	Juniperus californica	2	bud scales	Previosusly identified as Chameocyparis sp. (7/10/19)		(https://commons.wikimedia.org/wiki/File:Chamaecyparis_lawsoniana_seeds.jpg), seed samples		
P23 35988	Box 1 grid A-1 level 7	heated to 80C biodiesel & cold soaked npropyl bromide	35988_JG-381	Alopecurus aequalis	2	Glume 	Previosusly identified as Poaceae (7/10/19)		Bekker pg. 196		
P23 35988	Box 1 grid A-1 level 7	heated to 80C biodiesel & cold soaked npropyl bromide	35988_JG-382	Poaceae	2	Glume 			Bekker pg. 196		
P23 35988	Box 1 grid A-1 level 7	heated to 80C biodiesel & cold soaked npropyl bromide	35988_JG-383	Rhus aromatica 	1	seed	Previosusly identified as Rhus sp. (7/10/19)		seed samples, Santa Ana Botanic Garden 		
P23 35988	Box 1 grid A-1 level 7	heated to 80C biodiesel & cold soaked npropyl bromide	35988_JG-384	Cyperaceae	1	seed			seed samples, bekker pg. 113, Santa Ana Botanic Garden		
P23 35988	Box 1 grid A-1 level 7	heated to 80C biodiesel & cold soaked npropyl bromide	35988_JG-385	rock	7	rock			rock		
P23 35988	Box 1 grid A-1 level 7	heated to 80C biodiesel & cold soaked npropyl bromide	35988_JG-386	Juniperus sp.  	241	seeds			Santa Ana Botanic Garden	whole seeds	
P23 35988	Box 1 grid A-1 level 7	heated to 80C biodiesel & cold soaked npropyl bromide	35988_JG-387	Juniperus sp. 	71	seeds 			Santa Ana Botanic Garden	fragments	
P23 35988	Box 1 grid A-1 level 7	heated to 80C biodiesel & cold soaked npropyl bromide	35988_JG-388	Berula erecta 	1/2	seed	Previosusly identified as Apiaceae (7/10/19)		Bekker pg. 31		
P23 35988	Box 1 grid A-1 level 7	heated to 80C biodiesel & cold soaked npropyl bromide	35988_JG-389	Galium hallii	1	seed	Previosusly identified as Smilax sp. (7/10/19)		Santa Ana Botanic Garden 		
P23 35988	Box 1 grid A-1 level 7	heated to 80C biodiesel & cold soaked npropyl bromide	35988_JG-390	Juniperus californica 	5	bud	Previosusly identified as Cupressaceae (7/10/19)		(http://tcf.bh.cornell.edu/imgs/dws/r/Cupressaceae_Juniperus_californica_18388.html)		
P23 35988	Box 1 grid A-1 level 7	heated to 80C biodiesel & cold soaked npropyl bromide	35988_JG-391	Sambucus nigra	1	seed	Previosusly identified as Sambucus sp. (7/10/19)		Santa Ana Botanic Garden, seed sample		
P23 35988	Box 1 grid A-1 level 7	heated to 80C biodiesel & cold soaked npropyl bromide	35988_JG-392	Vicia hassei	3	seed	Previosusly identified as Amaranthaceae (7/10/19)		Bekker pg. 20		
P23 35988	Box 1 grid A-1 level 7	heated to 80C biodiesel & cold soaked npropyl bromide	35988_JG-393	Brassicaceae	1/2	seed			bekker pg. 86, seed samples	same as #214	
P23 35988	Box 1 grid A-1 level 7	heated to 80C biodiesel & cold soaked npropyl bromide	35988_JG-394	Sorbus californica	1	seed	Previosusly identified as Sorbus sp. (7/10/19)		seed samples, Bekker pg. 253, Santa Ana Botanic Garden, The Jepson Herbarium	probably Sorbus californica 	
P23 35988	Box 1 grid A-1 level 7	heated to 80C biodiesel & cold soaked npropyl bromide	35988_JG-395	Charcoal 	2	charcoal 			charcoal 		
P23 35988	Box 1 grid A-1 level 7	heated to 80C biodiesel & cold soaked npropyl bromide	35988_JG-396	Bone	1	bone			Bone		
P23 35995	Box 1 grid B-1 level 8	heated to 80C biodiesel & cold soaked npropyl bromide	35995_JG-397	Juniperus californica 	7	seed			Jesse		
P23 35995	Box 1 grid B-1 level 8	heated to 80C biodiesel & cold soaked npropyl bromide	35995_JG-398	Platanus racemosa	14	seeds			USDA, seed samples		
P23 35995	Box 1 grid B-1 level 8	heated to 80C biodiesel & cold soaked npropyl bromide	35995_JG-399	Poaceae	1	glume 			Bekker pg. 196		
P23 35995	Box 1 grid B-1 level 8	heated to 80C biodiesel & cold soaked npropyl bromide	35995_JG-400	Charcoal 	27	charcoal 			charcoal		
P23 35995	Box 1 grid B-1 level 8	heated to 80C biodiesel & cold soaked npropyl bromide	35995_JG-401	Cyperaceae	1	seed			Bekker pg. 114, seed samples, Santa Ana Botanic Garden		
P23 35995	Box 1 grid B-1 level 8	heated to 80C biodiesel & cold soaked npropyl bromide	35995_JG-402	Juniperus californica	12	bud	Previosusly identified as Cupressaceae (7/10/19)		(http://tcf.bh.cornell.edu/imgs/dws/r/Cupressaceae_Juniperus_californica_18388.html)	 	
P23 35995	Box 1 grid B-1 level 8	heated to 80C biodiesel & cold soaked npropyl bromide	35995_JG-403	Juniperus sp. 	193	seeds			Santa Ana Botanic Garden	whole seeds	
P23 35995	Box 1 grid B-1 level 8	heated to 80C biodiesel & cold soaked npropyl bromide	35995_JG-404	Thysanocarpus laciniatus	10	seeds			Santa Ana Botanic Garden	Middle sections, papery wings are missing	
P23 35995	Box 1 grid B-1 level 8	heated to 80C biodiesel & cold soaked npropyl bromide	35995_JG-405	Juniperus sp. 	83	seeds			Santa Ana Botanic Garden	seed fragments	
P23 35995	Box 1 grid B-1 level 8	heated to 80C biodiesel & cold soaked npropyl bromide	35995_JG-406	Pinus sabiniana	1/2	seed	Previosusly identified as Pinus sp. (7/10/19)		seed samples	Indents are visible 	
P23 35995	Box 1 grid B-1 level 8	heated to 80C biodiesel & cold soaked npropyl bromide	35995_JG-407	bone	1	bone			bone		
P23 35995	Box 1 grid B-1 level 8	heated to 80C biodiesel & cold soaked npropyl bromide	35995_JG-408	Sambucus nigra 	1/2	seed	Previosusly identified as Sambucus sp. (7/10/19)		seed sample, Santa Ana Botanic Garden		
P23 35995	Box 1 grid B-1 level 8	heated to 80C biodiesel & cold soaked npropyl bromide	35995_JG-409	Allium atrorubens	3	seed	Previosusly identified as Alliaceae (7/10/19)		seed samples, Santa Ana Botanic Garden		
P23 35995	Box 1 grid B-1 level 8	heated to 80C biodiesel & cold soaked npropyl bromide	35995_JG-410	Asteraceae 	1/2	seed			Bekker pg. 50, Santa Ana Botanic Garden	probably Acamptopappus sp. 	
P23 35995	Box 1 grid B-1 level 8	heated to 80C biodiesel & cold soaked npropyl bromide	35995_JG-411	Salvia dorrii	1	seed	Previosusly identified as Lamiaceae (7/10/19)		Bekker pg. 162, Santa Ana Botanic Garden		
P23 35995	Box 1 grid B-1 level 8	heated to 80C biodiesel & cold soaked npropyl bromide	35995_JG-412	Asclepias californica 	1	seed	Previosusly identified as Cerastium sp. (7/10/19)	Same as JG-28	Bekker pg. 98, Santa Ana Botanic Garden		
P23 35995	Box 1 grid B-1 level 8	heated to 80C biodiesel & cold soaked npropyl bromide	35995_JG-413	Berberis aquifolium	2	seed	Previosusly identified as Arctostaphylos sp. (7/10/19)		seed samples, Santa Ana Botanic Garden		
P23 35995	Box 1 grid B-1 level 8	heated to 80C biodiesel & cold soaked npropyl bromide	35995_JG-414	Rock	18	rock			rock		
P23 35995	Box 1 grid B-1 level 8	heated to 80C biodiesel & cold soaked npropyl bromide	35995_JG-415	Sambucus nigra	1	seed	Previosusly identified as sambucus sp. (7/10/19)		seed sample, Santa Ana Botanic Garden		
P23 35995	Box 1 grid B-1 level 8	heated to 80C biodiesel & cold soaked npropyl bromide	35995_JG-416	Heteromeles arbutifolia 	1	seed	Previosusly identified as Berberidaceae (7/10/19)		Seed samples, Santa Ana Botanic Garden		
P23 35995	Box 1 grid B-1 level 8	heated to 80C biodiesel & cold soaked npropyl bromide	35995_JG-417	Schoenoplectus californicus	1	seed			Seed samples, USDA	Also called Scirpus californicus 	
P23 35995	Box 1 grid B-1 level 8	heated to 80C biodiesel & cold soaked npropyl bromide	35995_JG-418	Vicia hassei	4	seed	Previosusly identified as Amaranthaceae (7/10/19)		Bekker pg. 20		
P23 35995	Box 1 grid B-1 level 8	heated to 80C biodiesel & cold soaked npropyl bromide	35995_JG-419	Heteromeles arbutifolia 	1	seed	Previosusly identified as Themidaceae (7/10/19)		Santa Ana Botanic Garden, (https://montereywildflowers.com/themidaceae/)	probably Bloomeria crocea 	
P23 35995	Box 1 grid B-1 level 8	heated to 80C biodiesel & cold soaked npropyl bromide	35995_JG-420	Brassicaceae	1/2	seed			Bekker pg. 87		
P23 35995	Box 1 grid B-1 level 8	heated to 80C biodiesel & cold soaked npropyl bromide	35995_JG-421	Lathyrus vestitus	1	pod	Previosusly identified as Fabaceae (7/10/19)		Bekker pg. 127 		
P23 35996	Box 1 grid B-2 level 9	cold soaked npropyl bromide only	35996_JG-422	Cyperaceae	32	seed	Previosusly idenntified to genus (6/5/19)		(http://pierre.legagneux.free.fr/especeang.php?Famille=CYPERACEAE&Nom_ang=Sea+Club-rush&Espece=Scirpus+maritimus+L.)	Also called Bolboschoenus maritimus	
P23 35996	Box 1 grid B-2 level 9	cold soaked npropyl bromide only	35996_JG-423	Bone	1	bone	Previosusly idenntified as seed (6/5/19)		Santa Ana Botanic Garden		
P23 35996	Box 1 grid B-2 level 9	cold soaked npropyl bromide only	35996_JG-424	Solidago canandensis	44	seed	Previosusly idenntified as Solidago sp. (6/5/19)		seed samples, Santa Ana Botanic Garden 		
P23 35996	Box 1 grid B-2 level 9	cold soaked npropyl bromide only	35996_JG-425	rocks	33	rocks			rocks		
P23 35996	Box 1 grid B-2 level 9	cold soaked npropyl bromide only	35996_JG-426	Juniperus californica	5	bud	Previosusly idenntified as Cupressaceae (6/5/19)		(http://tcf.bh.cornell.edu/imgs/dws/r/Cupressaceae_Juniperus_californica_18388.html)		
P23 35996	Box 1 grid B-2 level 9	cold soaked npropyl bromide only	35996_JG-427	Platanus racemosa	9	seed			USDA, seed samples		
P23 35996	Box 1 grid B-2 level 9	cold soaked npropyl bromide only	35996_JG-428	Pinus sabiniana	0.5	seed	Previosusly idenntified as Lamiaceae (6/5/19)		Bekker pg. 157		
P23 35996	Box 1 grid B-2 level 9	cold soaked npropyl bromide only	35996_JG-429	Potamogeton nodosus	1	seed	Previosusly idenntified as Potamogeton (6/5/19)		(https://tmi.laccore.umn.edu/uniqueIdentification/show/136)		
P23 35996	Box 1 grid B-2 level 9	cold soaked npropyl bromide only	35996_JG-430	Juniperus sp. 	25	seed			Santa Ana Botanic Garden	whole seeds	
P23 35996	Box 1 grid B-2 level 9	cold soaked npropyl bromide only	35996_JG-431	Juniperus sp. 	10	seed			Santa Ana Botanic Garden	fragments 	
P23 35996	Box 1 grid B-2 level 9	cold soaked npropyl bromide only	35996_JG-432	Pinus muricata	2	seed	Previosusly idenntified as Pinus sp. (6/5/19)		seed samples, Santa Ana Botanic Garden		
P23 35996	Box 1 grid B-2 level 9	cold soaked npropyl bromide only	35996_JG-433	Charcoal 	4	charcoal 			charcoal 		
P23 35996	Box 1 grid B-2 level 9	cold soaked npropyl bromide only	35996_JG-434	Juniperus californica	1	bud scale	Previosusly idenntified as Chameocyparis sp. (6/5/19)		(https://commons.wikimedia.org/wiki/File:Chamaecyparis_lawsoniana_seeds.jpg), seed samples		
P23 35996	Box 1 grid B-2 level 9	cold soaked npropyl bromide only	35996_JG-435	Juniperus californica	3	twig	Previosusly idenntified as Juniperus sp. (6/5/19)		Calscape		