RLB batch catalog #	Box, grid, level	preparation at LBTP	Number 	Identification	how many 	type of material (seed, leaf, etc)	Notes/refinements	New Museum catalog # to be used	References	Notes
P23 38313	Box 7B grid A-2 level 1 	heated in biodiesel B100 (80 C) and cold soaked n-propyl bromide	JG-728	Bone	1	bone		not being cataloged	Bone	
P23 38313	Box 7B grid A-2 level 1 	heated in biodiesel B100 (80 C) and cold soaked n-propyl bromide	JG-729	Juniperus sp. 	180	seed		LACMP23-39716	Santa Ana Botanic Garden	
P23 38313	Box 7B grid A-2 level 1 	heated in biodiesel B100 (80 C) and cold soaked n-propyl bromide	JG-730	Juniperus californica 	34	seed		LACMP23-39717	Jesse	
P23 38313	Box 7B grid A-2 level 1 	heated in biodiesel B100 (80 C) and cold soaked n-propyl bromide	JG-731	Juniperus californica 	30	twig	Previously identified as Juniperus sp. (7/10/19)	LACMP23-39718	Calscape	
P23 38313	Box 7B grid A-2 level 1 	heated in biodiesel B100 (80 C) and cold soaked n-propyl bromide	JG-732	Platanus racemosa 	8	seed		LACMP23-39719	seed samples, Santa Ana Botanic Garden	
P23 38313	Box 7B grid A-2 level 1 	heated in biodiesel B100 (80 C) and cold soaked n-propyl bromide	JG-733	Solidago canadensis 	3	seed		LACMP23-39720	(http://www.mirofoss.com/Organics/Plant_Elongated/Elongated_Articles/CanadaGoldenrod.html)	
P23 38313	Box 7B grid A-2 level 1 	heated in biodiesel B100 (80 C) and cold soaked n-propyl bromide	JG-734	Xanthium strumarium 	2	seed		LACMP23-39721	USDA 	
P23 38313	Box 7B grid A-2 level 1 	heated in biodiesel B100 (80 C) and cold soaked n-propyl bromide	JG-735	Juniperus californica 	4	buds	Previously identified as Juniperus sp. (7/10/19)	LACMP23-39722	(http://tcf.bh.cornell.edu/imgs/dws/r/Cupressaceae_Juniperus_californica_18388.html)	
P23 38313	Box 7B grid A-2 level 1 	heated in biodiesel B100 (80 C) and cold soaked n-propyl bromide	JG-736	Quercus chrysolepis	2	immature acorn caps		LACMP23-39723	(https://www.flickr.com/photos/treebeard/32337119826)	
P23 38313	Box 7B grid A-2 level 1 	heated in biodiesel B100 (80 C) and cold soaked n-propyl bromide	JG-737	Eschscholzia californica	3	seed		LACMP23-39724	Seed samples	
P23 38313	Box 7B grid A-2 level 1 	heated in biodiesel B100 (80 C) and cold soaked n-propyl bromide	JG-738	Dichondra occidentalis 	2	seed		LACMP23-39725	Seed samples, Calflora 	
P23 38313	Box 7B grid A-2 level 1 	heated in biodiesel B100 (80 C) and cold soaked n-propyl bromide	JG-739	Cornus sericea 	1	seed		LACMP23-39726	seed samples	
P23 38313	Box 7B grid A-2 level 1 	heated in biodiesel B100 (80 C) and cold soaked n-propyl bromide	JG-740	Potamogeton alpinus 	71	seed	line around margin, shape, size 	LACMP23-39727	seed samples	
P23 38313	Box 7B grid A-2 level 1 	heated in biodiesel B100 (80 C) and cold soaked n-propyl bromide	JG-741	Galium trifidum	6	seed		LACMP23-39728	seed samples 	
P23 38313	Box 7B grid A-2 level 1 	heated in biodiesel B100 (80 C) and cold soaked n-propyl bromide	JG-742	Stachys albens	1	seed	shape, line	LACMP23-39729	seed samples, Santa Ana Botanic Garden	
P23 38313	Box 7B grid A-2 level 1 	heated in biodiesel B100 (80 C) and cold soaked n-propyl bromide	JG-743	Scat	1	scat 		not being cataloged	scat 	
P23 38313	Box 7B grid A-2 level 1 	heated in biodiesel B100 (80 C) and cold soaked n-propyl bromide	JG-744	Rhus aromatica	1	seed		LACMP23-39730	Seed samples, Santa Ana Botanic Garden	
P23 38313	Box 7B grid A-2 level 1 	heated in biodiesel B100 (80 C) and cold soaked n-propyl bromide	JG-745	Amaranthus powellii 	1	seed		LACMP23-39731	seed samples, calflora 	
P23 38313	Box 7B grid A-2 level 1 	heated in biodiesel B100 (80 C) and cold soaked n-propyl bromide	JG-746	Cyperaceae	2	seed		LACMP23-39732	seed samples	
P23 38313	Box 7B grid A-2 level 1 	heated in biodiesel B100 (80 C) and cold soaked n-propyl bromide	JG-747	Sisyrinchium bellum 	1	seed		LACMP23-39733	Seed samples 	
P23 38313	Box 7B grid A-2 level 1 	heated in biodiesel B100 (80 C) and cold soaked n-propyl bromide	JG-748	Adenostoma fasciculatum	1	seed		LACMP23-39734	Santa Ana Botanic Garden	
P23 38314	Box 7B grid A-2 level 2	heated in biodiesel B100 (80 C) and cold soaked n-propyl bromide	JG-749	Juniperus californica 	735	seed		LACMP23-39735	Jesse	
P23 38314	Box 7B grid A-2 level 2	heated in biodiesel B100 (80 C) and cold soaked n-propyl bromide	JG-750	Juniperus sp. 	101	seed		LACMP23-39736	Santa Ana Botanic Garden	
P23 38314	Box 7B grid A-2 level 2	heated in biodiesel B100 (80 C) and cold soaked n-propyl bromide	JG-751	Platanus racemosa 	11	seed		LACMP23-39737	Santa Ana Botanic Garden	
P23 38314	Box 7B grid A-2 level 2	heated in biodiesel B100 (80 C) and cold soaked n-propyl bromide	JG-752	Juniperus californica 	2	twig	Previously identified as Juniperus sp. (7/10/19)	LACMP23-39738	Calscape	
P23 38314	Box 7B grid A-2 level 2	heated in biodiesel B100 (80 C) and cold soaked n-propyl bromide	JG-753	Xanthium strumarium 	1/2	seed		LACMP23-39739	USDA 	
P23 38314	Box 7B grid A-2 level 2	heated in biodiesel B100 (80 C) and cold soaked n-propyl bromide	JG-754	Solidago canadensis 	3	seed		LACMP23-39740	seed samples	
P23 38314	Box 7B grid A-2 level 2	heated in biodiesel B100 (80 C) and cold soaked n-propyl bromide	JG-755	Ambrosia psilostachya 	1/2	seed	short dull horn at top of seed surrounded by shorter bumps	LACMP23-39741	(https://www.invasive.org/browse/detail.cfm?imgnum=5455869)	
P23 38314	Box 7B grid A-2 level 2	heated in biodiesel B100 (80 C) and cold soaked n-propyl bromide	JG-756	Cyperaceae	17	seed		LACMP23-39742	seed samples	
P23 38314	Box 7B grid A-2 level 2	heated in biodiesel B100 (80 C) and cold soaked n-propyl bromide	JG-757	Purshia tridentata	8	seed		LACMP23-39743	Santa Ana Botanic Garden	
P23 38314	Box 7B grid A-2 level 2	heated in biodiesel B100 (80 C) and cold soaked n-propyl bromide	JG-758	Pinus radiata	1	seed	Same as JG-18	LACMP23-39744	seed samples	
P23 38314	Box 7B grid A-2 level 2	heated in biodiesel B100 (80 C) and cold soaked n-propyl bromide	JG-759	Juniperus californica 	1	bud	Previously identified as Juniperus sp. (7/10/19)	LACMP23-39745	 (http://tcf.bh.cornell.edu/imgs/dws/r/Cupressaceae_Juniperus_californica_18388.html)	
P23 38314	Box 7B grid A-2 level 2	heated in biodiesel B100 (80 C) and cold soaked n-propyl bromide	JG-760	Hesperocyparis macrocarpa	1	seed		LACMP23-39746	Calflora, Calscape 	
P23 38314	Box 7B grid A-2 level 2	heated in biodiesel B100 (80 C) and cold soaked n-propyl bromide	JG-761	Juniperus californica 	1/2	fruit 	Calscape 	LACMP23-39747	Calscape 	
P23 38314	Box 7B grid A-2 level 2	heated in biodiesel B100 (80 C) and cold soaked n-propyl bromide	JG-762	Berberis aquifolium	1	seed		LACMP23-39748	Calflora, seed samples	
P23 38314	Box 7B grid A-2 level 2	heated in biodiesel B100 (80 C) and cold soaked n-propyl bromide	JG-763	Rosa californica 	1	seed		LACMP23-39749	seed samples, Santa Ana Botanic Garden	
P23 38315	Box 7B grid A-2 level 3	heated in biodiesel B100 (80 C) and cold soaked n-propyl bromide	JG-764	Juniperus californica 	260	seed		LACMP23-39750	Jesse	
P23 38315	Box 7B grid A-2 level 3	heated in biodiesel B100 (80 C) and cold soaked n-propyl bromide	JG-765	Arctostaphylos pungens	1/2	seed		LACMP23-39751	Seed samples, Santa Ana Botanic Garden	
P23 38315	Box 7B grid A-2 level 3	heated in biodiesel B100 (80 C) and cold soaked n-propyl bromide	JG-766	Juniperus sp. 	105	seed		LACMP23-39752	Santa Ana Botanic Garden	
P23 38315	Box 7B grid A-2 level 3	heated in biodiesel B100 (80 C) and cold soaked n-propyl bromide	JG-767	Solidago canadensis 	3	seed		LACMP23-39753	Seed samples	
P23 38315	Box 7B grid A-2 level 3	heated in biodiesel B100 (80 C) and cold soaked n-propyl bromide	JG-768	Xanthium strumarium 	2	seed		LACMP23-39754	Seed samples	
P23 38315	Box 7B grid A-2 level 3	heated in biodiesel B100 (80 C) and cold soaked n-propyl bromide	JG-769	Juniperus californica 	3	twig	Previously identified as Juniperus sp. (7/10/19)	LACMP23-39755	Calflora	
P23 38315	Box 7B grid A-2 level 3	heated in biodiesel B100 (80 C) and cold soaked n-propyl bromide	JG-770	Potamogeton alpinus 	118	seed	line around margin, shape, size 	LACMP23-39756	Seed samples 	
P23 38315	Box 7B grid A-2 level 3	heated in biodiesel B100 (80 C) and cold soaked n-propyl bromide	JG-771	Platanus racemosa 	28	seed		LACMP23-39757	Seed samples, Santa Ana Botanic Garden	
P23 38315	Box 7B grid A-2 level 3	heated in biodiesel B100 (80 C) and cold soaked n-propyl bromide	JG-772	Alopecurus aequalis	2	glume 		LACMP23-39758	Bekker pg. 196	
P23 38315	Box 7B grid A-2 level 3	heated in biodiesel B100 (80 C) and cold soaked n-propyl bromide	JG-773	Berberis haematocarpa	1	seed		LACMP23-39759	Calflora, seed samples	
P23 38315	Box 7B grid A-2 level 3	heated in biodiesel B100 (80 C) and cold soaked n-propyl bromide	JG-774	Cyperaceae	58	seed		LACMP23-39760	Seed samples 	
P23 38315	Box 7B grid A-2 level 3	heated in biodiesel B100 (80 C) and cold soaked n-propyl bromide	JG-775	Purshia tridentata	10	seed		LACMP23-39761	Santa Ana Botanic Garden	
P23 38315	Box 7B grid A-2 level 3	heated in biodiesel B100 (80 C) and cold soaked n-propyl bromide	JG-776	Juniperus californica 	1	bud	Previously identified as Juniperus sp. (7/10/19)	LACMP23-39762	(http://tcf.bh.cornell.edu/imgs/dws/r/Cupressaceae_Juniperus_californica_18388.html)	
P23 38315	Box 7B grid A-2 level 3	heated in biodiesel B100 (80 C) and cold soaked n-propyl bromide	JG-777	Hesperocyparis macrocarpa	39	seed		LACMP23-39763	Callfora, Calscape	
P23 38315	Box 7B grid A-2 level 3	heated in biodiesel B100 (80 C) and cold soaked n-propyl bromide	JG-778	Hesperocyparis macrocarpa	3	cone fragments 		LACMP23-39764	Callfora, Calscape	
P23 38315	Box 7B grid A-2 level 3	heated in biodiesel B100 (80 C) and cold soaked n-propyl bromide	JG-779	Turtle scute	3	Turtle scute 		not being cataloged	Turtle Scute	
P23 38316	Box 7B grid A-2 level 4	heated in biodiesel B100 (80 C) and cold soaked n-propyl bromide	JG-780	Juniperus californica 	28	seed		LACMP23-39765	Jesse	
P23 38316	Box 7B grid A-2 level 4	heated in biodiesel B100 (80 C) and cold soaked n-propyl bromide	JG-781	Dichondra occidentalis 	12	seed		LACMP23-39766	seed samples, Calflora	
P23 38316	Box 7B grid A-2 level 4	heated in biodiesel B100 (80 C) and cold soaked n-propyl bromide	JG-782	Platanus racemosa 	1	seed		LACMP23-39767	Seed samples, Santa Ana Botanic Garden	
P23 38316	Box 7B grid A-2 level 4	heated in biodiesel B100 (80 C) and cold soaked n-propyl bromide	JG-783	Juniperus sp. 	89	seed		LACMP23-39768	Santa Ana Botanic Garden	
P23 38316	Box 7B grid A-2 level 4	heated in biodiesel B100 (80 C) and cold soaked n-propyl bromide	JG-784	Juniperus californica 	12	twig	Previously identified as Juniperus sp. (7/10/19)	LACMP23-39769	Calflora 	
P23 38316	Box 7B grid A-2 level 4	heated in biodiesel B100 (80 C) and cold soaked n-propyl bromide	JG-785	Quercus chrysolepis	2	immature acorn caps		LACMP23-39770	(https://www.flickr.com/photos/treebeard/32337119826)	
P23 38316	Box 7B grid A-2 level 4	heated in biodiesel B100 (80 C) and cold soaked n-propyl bromide	JG-786	Xanthium strumarium 	1	seed		LACMP23-39771	Seed samples	
P23 38316	Box 7B grid A-2 level 4	heated in biodiesel B100 (80 C) and cold soaked n-propyl bromide	JG-787	Alopecurus aequalis	3	glume 		LACMP23-39772	Bekker pg. 196	
P23 38316	Box 7B grid A-2 level 4	heated in biodiesel B100 (80 C) and cold soaked n-propyl bromide	JG-788	Juniperus californica 	1	bud	Previously identified as Juniperus sp. (7/10/19)	LACMP23-39773	(http://tcf.bh.cornell.edu/imgs/dws/r/Cupressaceae_Juniperus_californica_18388.html)	
P23 38316	Box 7B grid A-2 level 4	heated in biodiesel B100 (80 C) and cold soaked n-propyl bromide	JG-789	Solidago canadensis 	1	seed		LACMP23-39774	Seed samples	
P23 38316	Box 7B grid A-2 level 4	heated in biodiesel B100 (80 C) and cold soaked n-propyl bromide	JG-790	Angelica kingii 	3	seed		LACMP23-39775	Seed samples, Calflora 	
P23 38316	Box 7B grid A-2 level 4	heated in biodiesel B100 (80 C) and cold soaked n-propyl bromide	JG-791	Cornus sericea 	1	seed		LACMP23-39776	Seed samples	
P23 38317	Box 7B grid A-3 level 2	heated in biodiesel B100 (80 C) and cold soaked n-propyl bromide	JG-792	Juniperus californica 	23	seed		LACMP23-39777	Jesse	
P23 38317	Box 7B grid A-3 level 2	heated in biodiesel B100 (80 C) and cold soaked n-propyl bromide	JG-793	Rumex salicifolius 	1	seed	Same as JG-139	LACMP23-39778	Seed sample	
P23 38317	Box 7B grid A-3 level 2	heated in biodiesel B100 (80 C) and cold soaked n-propyl bromide	JG-794	Dichondra occidentalis 	1	seed		LACMP23-39779	Seed samples, Calflora 	
P23 38317	Box 7B grid A-3 level 2	heated in biodiesel B100 (80 C) and cold soaked n-propyl bromide	JG-795	Cyperaceae	1	seed			Seed samples	
P23 38317	Box 7B grid A-3 level 2	heated in biodiesel B100 (80 C) and cold soaked n-propyl bromide	JG-796	Juniperus sp. 	10	seed			Santa Ana Botanic Garden	
P23 38317	Box 7B grid A-3 level 2	heated in biodiesel B100 (80 C) and cold soaked n-propyl bromide	JG-797	Platanus racemosa 	7	seed			Seed samples, Santa Ana Botanic Garden	
P23 38317	Box 7B grid A-3 level 2	heated in biodiesel B100 (80 C) and cold soaked n-propyl bromide	JG-798	Juniperus californica 	1	bud	Previously identified as Juniperus sp. (7/10/19)		(http://tcf.bh.cornell.edu/imgs/dws/r/Cupressaceae_Juniperus_californica_18388.html)	
P23 38317	Box 7B grid A-3 level 2	heated in biodiesel B100 (80 C) and cold soaked n-propyl bromide	JG-799	Solidago canadensis 	2	seed			Seed samples	
P23 38317	Box 7B grid A-3 level 2	heated in biodiesel B100 (80 C) and cold soaked n-propyl bromide	JG-800	Potamogeton alpinus 	4	seed			Seed samples	
P23 38317	Box 7B grid A-3 level 2	heated in biodiesel B100 (80 C) and cold soaked n-propyl bromide	JG-801	Juniperus californica 	1	twig	Previously identified as Juniperus sp. (7/10/19)		Calflora	
P23 38317	Box 7B grid A-3 level 2	heated in biodiesel B100 (80 C) and cold soaked n-propyl bromide	JG-802	Hesperocyparis macrocarpa	1	seed			Calflora, Calscape 	
P23 38317	Box 7B grid A-3 level 2	heated in biodiesel B100 (80 C) and cold soaked n-propyl bromide	JG-803	Angelica kingii 	1	seed			Seed samples, Calflora 	
P23 38318	Box 7B grid A-3 level 3		JG-804	Juniperus californica 	35	seed			Jesse	
P23 38318	Box 7B grid A-3 level 3		JG-805	Bone	1	bone			Bone	
P23 38318	Box 7B grid A-3 level 3		JG-806	Xanthium strumarium 	1	seed			Seed samples	
P23 38318	Box 7B grid A-3 level 3		JG-807	Atriplex lentiformis	1	seed			Seed samples, Calflora 	
P23 38318	Box 7B grid A-3 level 3		JG-808	Juniperus sp. 	28	seed			Santa Ana Botanic Garden	
P23 38318	Box 7B grid A-3 level 3		JG-809	Juniperus californica 	9	twig	Previously identified as Juniperus sp. (7/10/19)		Calscape 	
P23 38318	Box 7B grid A-3 level 3		JG-810	Potamogeton alpinus 	8	seed			Seed samples 	
P23 38318	Box 7B grid A-3 level 3		JG-811	Hesperocyparis macrocarpa	1	seed			Calflora, Calscape 	
P23 38318	Box 7B grid A-3 level 3		JG-812	Cyperaceae	2	seed			Seed samples	
P23 38318	Box 7B grid A-3 level 3		JG-813	Dichondra occidentalis 	5	seed			Seed samples, Calflora 	
P23 38318	Box 7B grid A-3 level 3		JG-814	Rumex salicifolius 	1	seed			Seed samples 	
P23 38318	Box 7B grid A-3 level 3		JG-815	Juniperus californica 	1	bud	Previously identified as Juniperus sp. (7/10/19)		Calscape 	
P23 38319	Box 7B grid A-3 level 4		JG-816	Juniperus californica 	23	seed			Jesse	
P23 38319	Box 7B grid A-3 level 4		JG-817	Ribes divaricatum	1	seed			(https://plants.usda.gov/gallery/pubs/ridi_001_php.jpg), seed samples	
P23 38319	Box 7B grid A-3 level 4		JG-818	Eschscholzia californica 	1	seed			Seed samples	
P23 38319	Box 7B grid A-3 level 4		JG-819	Xanthium strumarium 	2	seed			Seed samples	
P23 38319	Box 7B grid A-3 level 4		JG-820	Juniperus californica 	3	twig	Previously identified as Juniperus sp. (7/10/19)		Calscape 	
P23 38319	Box 7B grid A-3 level 4		JG-821	Juniperus sp. 	11	seed			Santa Ana Botanic Garden	
P23 38319	Box 7B grid A-3 level 4		JG-822	Alopecurus aequalis	1	glume 			Bekker pg. 196	
P23 38319	Box 7B grid A-3 level 4		JG-823	Platanus racemosa 	3	seed			Seed samples, Santa Ana Botanic Garden	
P23 38319	Box 7B grid A-3 level 4		JG-824	Potamogeton alpinus 	6	seed			Seed samples	
P23 38319	Box 7B grid A-3 level 4		JG-825	Angelica kingii 	1	seed			Seed samples, calflora 	
P23 38319	Box 7B grid A-3 level 4		JG-826	Bone	1	bone			bone	
P23 38319	Box 7B grid A-3 level 4		JG-827	Hesperocyparis macrocarpa	1	seed			Calflora, Calscape 	
P23 38320	Box 7B grid B-1 level 1		JG-828	Juniperus californica 	11	seed			Jesse	
P23 38320	Box 7B grid B-1 level 1		JG-829	Arctostaphylos pungens	1/2	seed			Seed samples, Santa Ana Botanic Garden	
P23 38320	Box 7B grid B-1 level 1		JG-830	Potamogeton nodosus	1	seed			Seed samples	
P23 38320	Box 7B grid B-1 level 1		JG-831	Platanus racemosa 	2	seed			Seed samples, Santa Ana Botanic Garden	
P23 38320	Box 7B grid B-1 level 1		JG-832	Quercus chrysolepis	2	acorn cap fragments			Calscape	
P23 38320	Box 7B grid B-1 level 1		JG-833	Juniperus sp. 	44	seed			Santa Ana Botanic Garden	
P23 38320	Box 7B grid B-1 level 1		JG-834	Juniperus californica 	31	twig	Previously identified as Juniperus sp. (7/10/19)		Calscape 	
P23 38320	Box 7B grid B-1 level 1		JG-835	Juniperus californica 	3	bud	Previously identified as Juniperus sp. (7/10/19)		Calscape 	
P23 38320	Box 7B grid B-1 level 1		JG-836	Potamogeton alpinus 	1	seed			Seed samples	
P23 38320	Box 7B grid B-1 level 1		JG-837	Hesperocyparis macrocarpa	1	seed			Calflora, Calscape 	
P23 38320	Box 7B grid B-1 level 1		JG-838	Purshia tridentata	1	seed			Santa Ana Botanic Garden	
P23 38320	Box 7B grid B-1 level 1		JG-839	Sambucus nigra 	2	seed			Seed samples, Santa Ana Botanic Garden	
P23 38321	Box 7B grid B-1 level 5		JG-840	Juniperus californica 	26	seed			Jesse	
P23 38321	Box 7B grid B-1 level 5		JG-841	Platanus racemosa 	6	seed			Seed samples, Santa Ana Botanic Garden	
P23 38321	Box 7B grid B-1 level 5		JG-842	Juniperus sp. 	185	seed			Santa Ana Botanic Garden	
P23 38321	Box 7B grid B-1 level 5		JG-843	Hesperocyparis macrocarpa	21	seed			Calflora, Calscape 	
P23 38321	Box 7B grid B-1 level 5		JG-844	Juniperus californica 	28	twig	Previously identified as Juniperus sp. (7/10/19)		Calscape	
P23 38321	Box 7B grid B-1 level 5		JG-845	Cyperaceae	1	seed			Seed samples 	
P23 38321	Box 7B grid B-1 level 5		JG-846	Potamogeton nodosus	1	seed			Seed samples	
P23 38321	Box 7B grid B-1 level 5		JG-847	Quercus chrysolepis	1	immature acorn			(https://www.flickr.com/photos/treebeard/32337119826)	
P23 38321	Box 7B grid B-1 level 5		JG-848	Iris macrosiphon	1	seed			(https://plants.usda.gov/core/profile?symbol=IRMA#)	
P23 38321	Box 7B grid B-1 level 5		JG-849	Berula erecta 	1/2	seed			(https://dzn.eldoc.ub.rug.nl/?page=pict&item=588)	
P23 38321	Box 7B grid B-1 level 5		JG-850	Bone	13	bone			bone	
P23 38321	Box 7B grid B-1 level 5		JG-851	Juniperus californica 	2	bud	Previously identified as Juniperus sp. (7/10/19)		Calscape 	
P23 38321	Box 7B grid B-1 level 5		JG-852	Sisyrinchium bellum 	1/2	seed			Seed samples, Santa Ana Botanic Garden	
P23 38321	Box 7B grid B-1 level 5		JG-853	Heteromeles arbutifolia 	1	seed			Seed samples, Santa Ana Botanic Garden	
P23 38322	Box 7B grid B-2 level 1		JG-854	Juniperus californica	35	seed			Jesse	
P23 38322	Box 7B grid B-2 level 1		JG-855	Juniperus californica 	20	twig	Previously identified as Juniperus sp. (7/10/19)		Calscape	
P23 38322	Box 7B grid B-2 level 1		JG-856	Bone	6	bone			Bone	
P23 38322	Box 7B grid B-2 level 1		JG-857	Solidago canadensis 	2	seed			Seed samples 	
P23 38322	Box 7B grid B-2 level 1		JG-858	Alopecurus aequalis	5	glume 			Bekker pg. 196	
P23 38322	Box 7B grid B-2 level 1		JG-859	Potamogeton alpinus 	1	seed	smaller 		Seed samples	
P23 38322	Box 7B grid B-2 level 1		JG-860	Xanthium strumarium 	4	seed			Seed samples	
P23 38322	Box 7B grid B-2 level 1		JG-861	Juniperus californica 	24	bud	Previously identified as Juniperus sp. (7/10/19)		Calscape 	
P23 38322	Box 7B grid B-2 level 1		JG-862	Ambrosia psilostachya 	3	leaf fragments 			(https://www.uwgb.edu/biodiversity/herbarium/Vascular_plants/Misc_species/ambpsi01.html)	
P23 38322	Box 7B grid B-2 level 1		JG-863	Quercus chrysolepis	1	acorn			(https://www.fs.fed.us/psw/publications/documents/psw_gtr071/psw_gtr071.pdf) 	
P23 38322	Box 7B grid B-2 level 1		JG-864	Cyperaceae	1	seed			Seed samples 	
P23 38322	Box 7B grid B-2 level 1		JG-865	Arctostaphylos pungens	1/2	seed			Seed samples, Santa Ana Botanic Garden	
P23 38322	Box 7B grid B-2 level 1		JG-866	Potamogeton nodosus	8	seed			Seed samples 	
P23 38322	Box 7B grid B-2 level 1		JG-867	Cornus sericea 	1/2	seed			Seed samples 	
P23 38322	Box 7B grid B-2 level 1		JG-868	Berula erecta 	3	seed			(https://dzn.eldoc.ub.rug.nl/?page=pict&item=588)	
P23 38322	Box 7B grid B-2 level 1		JG-869	Salvia spathacea	1	seed	(Same as JG-205)		Santa Ana Botanic Garden	
P23 38322	Box 7B grid B-2 level 1		JG-870	Sambucus nigra 	2	seed			Seed samples, Santa Ana Botanic Garden	
P23 38322	Box 7B grid B-2 level 1		JG-871	Rosa sp.	1	rose hip fruit 			Calflora 	
P23 38322	Box 7B grid B-2 level 1		JG-872	Arctostaphyos glauca 	2	seed			seed samples	
P23 38322	Box 7B grid B-2 level 1		JG-873	Adenostoma sparsifolium 	2	seed			Santa Ana Botanic Garden	
P23 38322	Box 7B grid B-2 level 1		JG-874	Adenostoma fasciculatum	2	seed			Santa Ana Botanic Garden, USDA	
P23 38322	Box 7B grid B-2 level 1		JG-875	Juniperus sp. 	200	seed			Santa Ana Botanic Garden	
P23 38322	Box 7B grid B-2 level 1		JG-876	Heteromeles arbutifolia 	7	seed			Seed sample, Santa Ana Botanic Garden	
P23 38322	Box 7B grid B-2 level 1		JG-877	Berberis aquifolium	1.5	seed	Previously identified as Juniperus sp. (7/10/19)		Calflora, Seed samples	
P23 38322	Box 7B grid B-2 level 1		JG-878	Platanus racemosa 	11	seed			Seed samples, Santa Ana Botanic Garden	
P23 38323	Box 7B grid B-2 level 2		JG-879	Juniperus californica 	130	seed			Jesse	
P23 38323	Box 7B grid B-2 level 2		JG-880	Juniperus sp. 	350	seed			Santa Ana Botanic Garden	
P23 38323	Box 7B grid B-2 level 2		JG-881	Juniperus sp. 	4	twig			Calscape	
P23 38323	Box 7B grid B-2 level 2		JG-882	Xanthium strumarium 	1	seed			Seed samples	
P23 38323	Box 7B grid B-2 level 2		JG-883	Platanus racemosa 	5	seed			Seed samples, Santa Ana Botanic Garden	
P23 38323	Box 7B grid B-2 level 2		JG-884	Hesperocyparis macrocarpa	14	seed			Calflora, Calscape 	
P23 38323	Box 7B grid B-2 level 2		JG-885	Purshia tridentata	3	seed			Santa Ana Botanic Garden	
P23 38323	Box 7B grid B-2 level 2		JG-886	Solidago canadensis 	3	seed			seed samples	
P23 38323	Box 7B grid B-2 level 2		JG-887	Bone	6	bone			Bone	
P23 38323	Box 7B grid B-2 level 2		JG-888	Insect chitin	2	chitin			Chitin	
P23 38323	Box 7B grid B-2 level 2		JG-889	Potamogeton alpinus 	10	seed			Seed samples	
P23 38323	Box 7B grid B-2 level 2		JG-890	Cyperaceae	2	seed			Seed samples 	
P23 38323	Box 7B grid B-2 level 2		JG-891	Angelica kingii 	1	seed			Seed samples, Calflora	
P23 38323	Box 7B grid B-2 level 2		JG-892	Heteromeles arbutifolia 	2	seed			Seed samples, Santa Ana Botanic Garden	
P23 38323	Box 7B grid B-2 level 2		JG-893	Juniperus sp. 	6	buds			Calscape	
P23 38323	Box 7B grid B-2 level 2		JG-894	Arctostaphylos glauca 	1	seed			Seed samples	
P23 38323	Box 7B grid B-2 level 2		JG-895	Hesperocyparis macrocarpa	1	cone fragments 			Calflora, Calscape 	
P23 38323	Box 7B grid B-2 level 2		JG-896	Alopecurus aequalis	6	1 seed and 5 glumes 			(http://timedoesnotexist.org/Grasses%20of%20Oregon.pdf), calflora 	
P23 38324	Box 7B grid B-2 level 3		JG-897	Juniperus californica 	430	seed			Jesse	
P23 38324	Box 7B grid B-2 level 3		JG-898	Bone	65	bone			Bone	
P23 38324	Box 7B grid B-2 level 3		JG-899	Juniperus sp. 	1500	seed			Santa Ana Botanic Garden	
P23 38324	Box 7B grid B-2 level 3		JG-900	Scat	4	scat 			scat 	
P23 38324	Box 7B grid B-2 level 3		JG-901	Insect chitin	2	chitin			chitin	
P23 38324	Box 7B grid B-2 level 3		JG-902	Berula erecta	52	seed			(https://dzn.eldoc.ub.rug.nl/?page=pict&item=588)	
P23 38324	Box 7B grid B-2 level 3		JG-903	Hesperocyparis macrocarpa	107	seed			Calflora, Calscape 	
P23 38324	Box 7B grid B-2 level 3		JG-904	Dichondra occidentalis 	14	seed			Seed samples, Calflora 	
P23 38324	Box 7B grid B-2 level 3		JG-905	Juniperus californica 	11	twig	Previously identified as Juniperus sp. (7/10/19)		Calscape	
P23 38324	Box 7B grid B-2 level 3		JG-906	Xanthium strumarium 	4	seed			Seed samples 	
P23 38324	Box 7B grid B-2 level 3		JG-907	Cyperaceae	4	seed			Seed samples	
P23 38324	Box 7B grid B-2 level 3		JG-908	Potamogeton alpinus 	49	seed			Seed samples	
P23 38324	Box 7B grid B-2 level 3		JG-909	Potamogeton nodosus	5	seed			Seed samples	
P23 38324	Box 7B grid B-2 level 3		JG-910	Platanus racemosa 	1	seed			Santa Ana Botanic Garden	
P23 38324	Box 7B grid B-2 level 3		JG-911	Arctostaphylos pungens	1	seed			Santa Ana Botanic Garden	
P23 38324	Box 7B grid B-2 level 3		JG-912	Arctostaphylos glauca 	1	seed			Seed samples 	
P23 38324	Box 7B grid B-2 level 3		JG-913	Purshia tridentata	3	seed			Santa Ana Botanic Garden	
P23 38324	Box 7B grid B-2 level 3		JG-914	Juniperus californica 	1	bud	Previously identified as Juniperus sp. (7/10/19)		Calscape	
P23 38324	Box 7B grid B-2 level 3		JG-915	Pinus muricata 	1	bud			Calscape	
P23 38324	Box 7B grid B-2 level 3		JG-916	Ambrosia eriocentra	1	seed			(http://southwestdesertflora.com/WebsiteFolders/All_Species/Asteraceae/Ambrosia_eriocentra.html), seed samples	
P23 38324	Box 7B grid B-2 level 3		JG-917	Cornus sericea 	1	seed			Seed samples	
P23 38324	Box 7B grid B-2 level 3		JG-918	Sisyrinchium bellum 	1	seed			Seed samples	
P23 38324	Box 7B grid B-2 level 3		JG-919	Turtle scute	5	Turtle scute 			Turtle Scute	
P23 38324	Box 7B grid B-2 level 3		JG-920	Hesperocyparis macrocarpa	54	cone fragments 			Calflora, Calscape 	
P23 38325	Box 7B grid B-2 level 4		JG-921	Juniperus californica 	123	seed			Jesse	
P23 38325	Box 7B grid B-2 level 4		JG-922	Juniperus sp. 	800	seed			Santa Ana Botanic Garden	
P23 38325	Box 7B grid B-2 level 4		JG-923	Xanthium strumarium 	6	seed			Seed samples	
P23 38325	Box 7B grid B-2 level 4		JG-924	Turtle scute	7	Turtle scute 			turtle scute	
P23 38325	Box 7B grid B-2 level 4		JG-925	Bone	18	Bone			Bone	
P23 38325	Box 7B grid B-2 level 4		JG-926	Cyperaceae	4	seed			Seed samples	
P23 38325	Box 7B grid B-2 level 4		JG-927	Hesperocyparis macrocarpa	110	seed			Calflora, Calscape 	
P23 38325	Box 7B grid B-2 level 4		JG-928	Potamogeton alpinus 	18	seed			Seed samples	
P23 38325	Box 7B grid B-2 level 4		JG-929	Dichondra occidentalis 	11	seed			Seed samples, Calflora	
P23 38325	Box 7B grid B-2 level 4		JG-930	Purshia tridentata	2	seed			Santa Ana Botanic Garden	
P23 38325	Box 7B grid B-2 level 4		JG-931	Potamogeton nodosus	1	seed			Seed samples	
P23 38325	Box 7B grid B-2 level 4		JG-932	Platanus racemosa 	1	seed			Sant Ana Botanic Garden	
P23 38325	Box 7B grid B-2 level 4		JG-933	Berula erecta 	2	seed			(https://dzn.eldoc.ub.rug.nl/?page=pict&item=588)	
P23 38325	Box 7B grid B-2 level 4		JG-934	Angelica kingii 	1	seed			Seed samples, calflora 	
P23 38325	Box 7B grid B-2 level 4		JG-935	Arctostaphylos glauca 	5	seed			Santa Ana Botanic Garden	
P23 38325	Box 7B grid B-2 level 4		JG-936	Juniperus californica (charcoal/ashpalt?)	5	twig	Previously identified as Juniperus sp. (7/10/19)		Calscape 	
P23 38325	Box 7B grid B-2 level 4		JG-937	Juniperus californica 	6	twig	Previously identified as Juniperus sp. (7/10/19)		Calscape 	
P23 38325	Box 7B grid B-2 level 4		JG-938	Stachys albens	1	seed			Seed samples, Santa Ana Botanic Garden	
P23 38325	Box 7B grid B-2 level 4		JG-939	Heteromeles arbutifolia 	4	seed			Seed sample, Santa Ana Botanic Garden	
P23 38325	Box 7B grid B-2 level 4		JG-940	Hesperocyparis macrocarpa	15	cone fragments 			Calflora, Calscape 	
P23 38326	Box 7B grid B-2 level 5		JG-941	Juniperus californica 	100	seed			Jesse 	
P23 38326	Box 7B grid B-2 level 5		JG-942	Hesperocyparis macrocarpa	3	cone fragments 			Calflora, Calscape 	
P23 38326	Box 7B grid B-2 level 5		JG-943	Juniperus sp. 	500	seed			Santa Ana Botanic Garden	
P23 38326	Box 7B grid B-2 level 5		JG-944	Hesperocyparis macrocarpa	35	seed			Calflora, Calscape 	
P23 38326	Box 7B grid B-2 level 5		JG-945	Potamogeton alpinus 	21	seed			Seed samples	
P23 38326	Box 7B grid B-2 level 5		JG-946	Dichondra occidentalis 	8	seed			Seed samples, Calflora 	
P23 38326	Box 7B grid B-2 level 5		JG-947	Berula erecta	11	seed			(https://dzn.eldoc.ub.rug.nl/?page=pict&item=588)	
P23 38326	Box 7B grid B-2 level 5		JG-948	Juniperus californica (charcoal/ashpalt?)	3	twig	Previously identified as Juniperus sp. (7/10/19)		Calscape	
P23 38326	Box 7B grid B-2 level 5		JG-949	Juniperus californica 	5	twig	Previously identified as Juniperus sp. (7/10/19)		Calscape	
P23 38326	Box 7B grid B-2 level 5		JG-950	Platanus racemosa 	1	seed			Seed samples	
P23 38326	Box 7B grid B-2 level 5		JG-951	Purshia tridentata	1	seed			Santa Ana Botanic Garden	
P23 38326	Box 7B grid B-2 level 5		JG-952	Juniperus californica 	2	bud	Previously identified as Juniperus sp. (7/10/19)		Calscape	
P23 38326	Box 7B grid B-2 level 5		JG-953	Heteromeles arbutifolia 	1	seed			Seed samples, Santa Ana Botanic Garden	
P23 38326	Box 7B grid B-2 level 5		JG-954	Quercus chrysolepis	1	acorn cap fragment			Calscape	
P23 38326	Box 7B grid B-2 level 5		JG-955	Potamogeton nodosus	1	seed			Seed samples	
P23 38326	Box 7B grid B-2 level 5		JG-956	Cyperaceae	1	seed			Seed samples	
P23 38326	Box 7B grid B-2 level 5		JG-957	Solidago canadensis 	1/2	seed			(http://www.mirofoss.com/Organics/Plant_Elongated/Elongated_Articles/CanadaGoldenrod.html)	
P23 38327	Box 7B grid B-2 level 6		JG-958	Juniperus californica	138	seed			Jesse	
P23 38327	Box 7B grid B-2 level 6		JG-959	Cornus sericea 	2	seed			Seed samples	
P23 38327	Box 7B grid B-2 level 6		JG-960	Bone	12	bone			Bone	
P23 38327	Box 7B grid B-2 level 6		JG-961	Hesperocyparis macrocarpa	16	cone fragments 			Calflora, calscape 	
P23 38327	Box 7B grid B-2 level 6		JG-962	Juniperus sp. 	800	seed			Santa Ana Botanic Garden	
P23 38327	Box 7B grid B-2 level 6		JG-963	Hesperocyparis macrocarpa	66	seed			Calflora, calscape 	
P23 38327	Box 7B grid B-2 level 6		JG-964	Juniperus californica (charcoal/ashpalt?)	16	twig	Previously identified as Juniperus sp. (7/10/19)		Calscape	
P23 38327	Box 7B grid B-2 level 6		JG-965	Juniperus californica 	20	twig	Previously identified as Juniperus sp. (7/10/19)		Calscape	
P23 38327	Box 7B grid B-2 level 6		JG-966	Potamogeton alpinus 	23	seed			Seed samples	
P23 38327	Box 7B grid B-2 level 6		JG-967	Alopecurus aequalis	4	glume 			(http://timedoesnotexist.org/Grasses%20of%20Oregon.pdf), calflora 	
P23 38327	Box 7B grid B-2 level 6		JG-968	Purshia tridentata	4	seed			Santa Ana Botanic Garden	
P23 38327	Box 7B grid B-2 level 6		JG-969	Platanus racemosa 	1	seed			Seed samples	
P23 38327	Box 7B grid B-2 level 6		JG-970	Juniperus californica 	1	bud	Previously identified as Juniperus sp. (7/10/19)		Calscape	